"age_in_years","sex","mu","sigma","nu","tau","C2.5","C5","C25","C50","C75","C95","C97.5","growth_rate"
5,"female",2.63058631825983,0.0462611959303106,0.00480785768823541,1.03533727271897,2.5421984779975,2.55614772363493,2.59978386008192,2.63080873630574,2.66191899682713,2.70585023155608,2.7199116653667,-0.0265085325539661
5.1,"female",2.62793520706312,0.0463148456841851,0.00480785768823541,1.03533727271897,2.53944486219018,2.55341028496225,2.59709702684503,2.62815788305034,2.65930422257458,2.70328640496892,2.71736414602037,-0.0265059015846636
5.2,"female",2.62528462306741,0.0463682859637672,0.00480785768823541,1.03533727271897,2.53669217381085,2.5506737105543,2.59441086028506,2.62550755598881,2.65668983364622,2.7007227647819,2.71481674940291,-0.0265006351511765
5.3,"female",2.6226345671733,0.0464215164265162,0.00480785768823541,1.03533727271897,2.53394041441462,2.54793800186288,2.59172536153069,2.62285775602011,2.65407583071066,2.69815931133834,2.71226947575353,-0.0264953597277983
5.4,"female",2.61998504028142,0.046474536734994,0.00480785768823541,1.03533727271897,2.53118958554682,2.54520316033159,2.58904053170725,2.62020848404325,2.65146221443998,2.69559604498989,2.70972232532131,-0.0264900753142805
5.5,"female",2.61733604329241,0.046527346556864,0.00480785768823541,1.03533727271897,2.52843968874305,2.54246918739581,2.58635637193662,2.61755974095725,2.64884898550971,2.69303296609647,2.70717529836515,-0.0264847819103809
5.6,"female",2.61468757710687,0.0465799455648905,0.00480785768823541,1.03533727271897,2.52569072552915,2.53973608448273,2.58367288333732,2.61491152766117,2.64623614459885,2.69047007502632,2.70462839515383,-0.0264794795158485
5.7,"female",2.61203964262544,0.0466323334369384,0.00480785768823541,1.03533727271897,2.52294269742124,2.5370038530113,2.58099006702447,2.61226384505408,2.64362369238982,2.68790737215597,2.70208161596597,-0.0264741681304392
5.8,"female",2.60939224074875,0.046684509855971,0.00480785768823541,1.03533727271897,2.52019560592567,2.5342724943923,2.57830792410979,2.60961669403508,2.64101162956854,2.68534485787025,2.69953496109002,-0.026468847753911
5.9,"female",2.6067453723774,0.0467364745100498,0.00480785768823541,1.03533727271897,2.51744945253906,2.53154201002829,2.57562645570159,2.6069700755033,2.63839995682433,2.68278253256228,2.69698843082428,-0.0264635183860195
6,"female",2.60409903841204,0.0467882270923323,0.00480785768823541,1.03533727271897,2.51470423874831,2.52881240131363,2.57294566290482,2.60432399035788,2.63578867485002,2.68022039663346,2.69444202547691,-0.0264581800265163
6.1,"female",2.60145323975328,0.0468397673010709,0.00480785768823541,1.03533727271897,2.51195996603055,2.52608366963448,2.57026554682101,2.60167843949799,2.63317778434184,2.67765845049351,2.69189574536589,-0.0264528326751567
6.2,"female",2.59880797730174,0.0468910948396104,0.00480785768823541,1.03533727271897,2.50921663585322,2.52335581636881,2.5675861085483,2.59903342382285,2.6305672859995,2.67509669456039,2.68934959081902,-0.0264474763317013
6.3,"female",2.59616325195805,0.0469422094163869,0.00480785768823541,1.03533727271897,2.50647424967401,2.52062884288641,2.56490734918146,2.59638894423165,2.62795718052614,2.6725351292604,2.68680356217396,-0.026442110995899
6.4,"female",2.59351906462284,0.0469931107449247,0.00480785768823541,1.03533727271897,2.50373280894088,2.51790275054886,2.56222926981186,2.59374500162367,2.62534746862835,2.66997375502806,2.68425765977818,-0.0264367366675055
6.5,"female",2.59087541619673,0.0470437985438345,0.00480785768823541,1.03533727271897,2.50099231509209,2.51517754070957,2.55955187152747,2.59110159689815,2.62273815101619,2.66741257230621,2.68171188398896,-0.0264313533462813
6.6,"female",2.58823230758034,0.0470942725368107,0.00480785768823541,1.03533727271897,2.49825276955618,2.51245321471376,2.55687515541291,2.58845873095441,2.62012922840313,2.66485158154593,2.67916623517342,-0.0264259610319817
6.7,"female",2.5855897396743,0.0471445324526284,0.00480785768823541,1.03533727271897,2.49551417375199,2.50972977389848,2.55419912254938,2.58581640469176,2.61752070150608,2.66229078320659,2.67662071370847,-0.0264205597243538
6.8,"female",2.58294771337922,0.0471945780251411,0.00480785768823541,1.03533727271897,2.49277652908865,2.50700721959262,2.55152377401472,2.58317461900954,2.61491257104543,2.65973017775581,2.67407531998085,-0.0264151494231601
6.9,"female",2.58030622959574,0.0472444089932769,0.00480785768823541,1.03533727271897,2.49003983696559,2.50428555311688,2.54884911088339,2.58053337480712,2.61230483774496,2.65716976566946,2.67153005438706,-0.0264097301281607
7,"female",2.57766528922448,0.0472940251010358,0.00480785768823541,1.03533727271897,2.48730409877255,2.50156477578382,2.54617513422646,2.57789267298391,2.60969750233192,2.65460954743167,2.66898491733343,-0.0264043018391048
7.1,"female",2.57502489316607,0.0473434260974858,0.00480785768823541,1.03533727271897,2.4845693158896,2.49884488889783,2.54350184511163,2.5752525144393,2.60709056553696,2.65204952353482,2.66643990923606,-0.02639886455575
7.2,"female",2.57238504232112,0.0473926117367596,0.00480785768823541,1.03533727271897,2.48183548968712,2.49612589375517,2.54082924460325,2.57261290007276,2.60448402809419,2.64948969447952,2.66389503052082,-0.0263934182778569
7.3,"female",2.56974573759025,0.0474415817780509,0.00480785768823541,1.03533727271897,2.47910262152582,2.49340779164393,2.53815733376227,2.56997383078373,2.60187789074114,2.64693006077462,2.66135028162338,-0.0263879630051788
7.4,"female",2.56710697987411,0.0474903359856099,0.00480785768823541,1.03533727271897,2.47637071275676,2.49069058384409,2.53548611364629,2.56733530747172,2.59927215421875,2.64437062293719,2.65880566298915,-0.0263824987374739
7.5,"female",2.5644687700733,0.0475388741287397,0.00480785768823541,1.03533727271897,2.47363976472135,2.48797427162747,2.53281558530953,2.56469733103624,2.5966668192714,2.64181138149253,2.6562611750733,-0.0263770254744978
7.6,"female",2.56183110908846,0.0475871959817917,0.00480785768823541,1.03533727271897,2.47090977875132,2.4852588562578,2.53014574980287,2.56205990237682,2.59406188664688,2.63925233697415,2.65371681834076,-0.0263715432160061
7.7,"female",2.5591939978202,0.0476353013241612,0.00480785768823541,1.03533727271897,2.46818075616881,2.48254433899068,2.52747660817382,2.55942302239304,2.5914573570964,2.63669348992376,2.65117259326618,-0.0263660519617659
7.8,"female",2.55655743716916,0.0476831899402827,0.00480785768823541,1.03533727271897,2.46545269828629,2.47983072107358,2.52480816146653,2.55678669198447,2.58885323137458,2.63413484089128,2.64862850033395,-0.0263605517115239
7.9,"female",2.55392142803594,0.0477308616196251,0.00480785768823541,1.03533727271897,2.46272560640664,2.4771180037459,2.52214041072181,2.55415091205073,2.58624951023946,2.63157639043481,2.64608454003819,-0.0263550424650427
8,"female",2.55128597132119,0.0477783161566868,0.00480785768823541,1.03533727271897,2.45999948182312,2.47440618823894,2.51947335697711,2.55151568349146,2.58364619445246,2.62901813912063,2.64354071288272,-0.0263495242220825
8.1,"female",2.54865106792552,0.0478255533509904,0.00480785768823541,1.03533727271897,2.4572743258194,2.4716952757759,2.51680700126654,2.54888100720632,2.58104328477843,2.62646008752321,2.64099701938106,-0.0263439969823987
8.2,"female",2.54601671874956,0.0478725730070773,0.00480785768823541,1.03533727271897,2.45455013966954,2.46898526757193,2.51414134462087,2.54624688409498,2.57844078198562,2.62390223622518,2.63845346005642,-0.0263384607457538
8.3,"female",2.54338292469393,0.0479193749345024,0.00480785768823541,1.03533727271897,2.45182692463803,2.46627616483408,2.51147638806753,2.54361331505716,2.57583868684565,2.6213445858173,2.63591003544171,-0.0263329155119062
8.4,"female",2.54074968665925,0.0479659589478283,0.00480785768823541,1.03533727271897,2.44910468197981,2.46356796876137,2.50881213263062,2.5409803009926,2.57323700013356,2.61878713689853,2.63336674607949,-0.0263273612806093
8.5,"female",2.53811700554616,0.0480123248666195,0.00480785768823541,1.03533727271897,2.44638341294023,2.46086068054476,2.50614857933089,2.53834784280104,2.57063572262776,2.61622989007591,2.63082359252197,-0.0263217980516251
8.6,"female",2.53548488225526,0.0480584725154365,0.00480785768823541,1.03533727271897,2.44366311875514,2.45815430136718,2.50348572918579,2.53571594138227,2.56803485511004,2.61367284596465,2.62828057533104,-0.0263162258247208
8.7,"female",2.5328533176872,0.0481044017238295,0.00480785768823541,1.03533727271897,2.4409438006508,2.45544883240351,2.50082358320943,2.5330845976361,2.5654343983656,2.61111600518806,2.62573769507818,-0.0263106445996518
8.8,"female",2.53022231274258,0.048150112326332,0.00480785768823541,1.03533727271897,2.438225459844,2.45274427482063,2.49816214241262,2.53045381246234,2.56283435318297,2.60855936837757,2.62319495234454,-0.0263050543761766
8.9,"female",2.52759186832204,0.0481956041624548,0.00480785768823541,1.03533727271897,2.43550809754199,2.45004062977742,2.49550140780283,2.52782358676086,2.56023472035409,2.60600293617268,2.62065234772084,-0.0262994551540531
9,"female",2.5249619853262,0.0482408770766786,0.00480785768823541,1.03533727271897,2.43279171494254,2.44733789842472,2.49284138038424,2.52519392143153,2.55763550067424,2.60344670922101,2.61810988180742,-0.0262938469330521
9.1,"female",2.52233266465568,0.0482859309184479,0.00480785768823541,1.03533727271897,2.43007631323392,2.44463608190544,2.49018206115772,2.52256481737425,2.55503669494209,2.60089068817823,2.6155675552142,-0.0262882297129297
9.2,"female",2.51970390721111,0.0483307655421637,0.00480785768823541,1.03533727271897,2.42736189359494,2.44193518135448,2.48752345112084,2.51993627548895,2.55243830395963,2.5983348737081,2.61302536856066,-0.0262826034934503
9.3,"female",2.51707571389311,0.0483753808071763,0.00480785768823541,1.03533727271897,2.42464845719496,2.43923519789877,2.48486555126787,2.51730829667556,2.54984032853223,2.59577926648239,2.61048332247585,-0.0262769682743701
9.4,"female",2.5144480856023,0.0484197765777784,0.00480785768823541,1.03533727271897,2.42193600519389,2.43653613265731,2.4822083625898,2.51468088183407,2.54724276946861,2.59322386718096,2.60794141759836,-0.0262713240554558
9.5,"female",2.51182102323932,0.0484639527231973,0.00480785768823541,1.03533727271897,2.4192245387422,2.43383798674115,2.47955188607431,2.51205403186447,2.54464562758081,2.59066867649167,2.6053996545763,-0.0262656708364762
9.6,"female",2.50919452770478,0.0485079091175874,0.00480785768823541,1.03533727271897,2.41651405898097,2.43114076125341,2.47689612270584,2.50942774766678,2.54204890368422,2.5881136951104,2.60285803406731,-0.0262600086171828
9.7,"female",2.5065685998993,0.0485516456400226,0.00480785768823541,1.03533727271897,2.41380456704187,2.42844445728929,2.47424107346552,2.50680203014103,2.53945259859756,2.58555892374103,2.60031655673851,-0.0262543373973421
9.8,"female",2.50394324072352,0.0485951621744883,0.00480785768823541,1.03533727271897,2.41109606404717,2.4257490759361,2.47158673933123,2.50417688018731,2.53685671314288,2.58300436309545,2.59777522326651,-0.0262486571767238
9.9,"female",2.50131845107805,0.0486384586098734,0.00480785768823541,1.03533727271897,2.4083885511098,2.42305461827324,2.46893312127756,2.50155229870569,2.53426124814555,2.58045001389349,2.5952340343374,-0.0262429679550925
10,"female",2.49869423186353,0.048681534839962,0.00480785768823541,1.03533727271897,2.40568202933332,2.42036108537227,2.46628022027586,2.49892828659629,2.53166620443425,2.57789587686299,2.59269299064671,-0.0262372697322101
10.1,"female",2.49607058398056,0.0487243907634254,0.00480785768823541,1.03533727271897,2.40297649981195,2.41766847829683,2.46362803729423,2.49630484475925,2.52907158284098,2.57534195273971,2.5901520928994,-0.0262315625078414
10.2,"female",2.49344750832978,0.0487670262838129,0.00480785768823541,1.03533727271897,2.4002719636306,2.41497679810277,2.46097657329752,2.49368197409472,2.52647738420103,2.57278824226736,2.58761134180987,-0.0262258462817509
10.3,"female",2.49082500581182,0.0488094413095439,0.00480785768823541,1.03533727271897,2.39756842186486,2.41228604583806,2.45832582924732,2.4910596755029,2.523883609353,2.57023474619756,2.58507073810191,-0.0262201210537037
10.4,"female",2.48820307732729,0.048851635753899,0.00480785768823541,1.03533727271897,2.39486587558106,2.40959622254287,2.45567580610199,2.48843794988398,2.52129025913879,2.56768146528986,2.58253028250869,-0.0262143868234733
10.5,"female",2.48558172377682,0.0488936095350105,0.00480785768823541,1.03533727271897,2.39216432583623,2.40690732924955,2.45302650481668,2.4858167981382,2.51869733440356,2.56512840031167,2.57998997577277,-0.0262086435908216
10.6,"female",2.48296094606103,0.0489353625758538,0.00480785768823541,1.03533727271897,2.38946377367817,2.40421936698267,2.4503779263433,2.48319622116582,2.51610483599577,2.56257555203832,2.57744981864603,-0.0262028913555136
10.7,"female",2.48034074508056,0.0489768948042383,0.00480785768823541,1.03533727271897,2.38676422014542,2.40153233675901,2.44773007163052,2.4805762198671,2.51351276476715,2.56002292125297,2.57490981188972,-0.0261971301173268
10.8,"female",2.47772112173601,0.0490182061527976,0.00480785768823541,1.03533727271897,2.38406566626732,2.3988462395876,2.44508294162385,2.47795679514235,2.51092112157269,2.55747050874666,2.57236995627437,-0.0261913598760198
10.9,"female",2.47510207692802,0.0490592965589803,0.00480785768823541,1.03533727271897,2.38136811306401,2.39616107646971,2.44243653726553,2.4753379478919,2.50832990727066,2.55491831531823,2.56983025257984,-0.0261855806313594
11,"female",2.47248361155721,0.0491001659650402,0.00480785768823541,1.03533727271897,2.37867156154645,2.39347684839888,2.43979085949466,2.47271967901608,2.50573912272257,2.55236634177437,2.56729070159524,-0.0261797923831232
11.1,"female",2.4698657265242,0.0491408143180265,0.00480785768823541,1.03533727271897,2.37597601271642,2.39079355636095,2.43714590924711,2.47010198941527,2.50314876879318,2.54981458892955,2.56475130411896,-0.0261739951310803
11.2,"female",2.46724842272962,0.0491812415697742,0.00480785768823541,1.03533727271897,2.37328146756658,2.38811120133403,2.43450168745558,2.46748487998986,2.50055884635048,2.54726305760602,2.56221206095862,-0.0261681888749953
11.3,"female",2.46463170107409,0.0492214476768933,0.00480785768823541,1.03533727271897,2.37058792708045,2.38542978428858,2.43185819504957,2.46486835164027,2.49796935626572,2.54471174863383,2.55967297293106,-0.0261623736146398
11.4,"female",2.46201556245824,0.0492614326007596,0.00480785768823541,1.03533727271897,2.36789539223245,2.38274930618736,2.42921543295544,2.46225240526694,2.49538029941336,2.54216066285076,2.55713404086233,-0.0261565493497918
11.5,"female",2.45940000778269,0.0493011963075034,0.00480785768823541,1.03533727271897,2.36520386398792,2.38006976798549,2.42657340209635,2.45963704177031,2.49279167667109,2.53960980110233,2.55459526558765,-0.0261507160802133
11.6,"female",2.45678503794806,0.0493407387679996,0.00480785768823541,1.03533727271897,2.36251334330314,2.37739117063047,2.42393210339233,2.45702226205089,2.49020348891979,2.53705916424177,2.55205664795141,-0.0261448738056825
11.7,"female",2.45417065385498,0.0493800599578569,0.00480785768823541,1.03533727271897,2.35982383112532,2.37471351506217,2.42129153776024,2.45440806700918,2.48761573704358,2.53450875313003,2.54951818880713,-0.0261390225259726
11.8,"female",2.45155685640408,0.0494191598574071,0.00480785768823541,1.03533727271897,2.35713532839267,2.37203680221286,2.41865170611379,2.4517944575457,2.48502842192976,2.53195856863574,2.54697988901747,-0.026133162240851
11.9,"female",2.44894364649596,0.0494580384516942,0.00480785768823541,1.03533727271897,2.35444783603439,2.36936103300723,2.41601260936358,2.44918143456101,2.48244154446882,2.52940861163518,2.54444174945417,-0.0261272929500978
12,"female",2.44633102503127,0.0494966957304634,0.00480785768823541,1.03533727271897,2.35176135497069,2.36668620836241,2.41337424841705,2.44656899895568,2.47985510555444,2.5268588830123,2.54190377099805,-0.0261214146534839
12.1,"female",2.44371899291063,0.0495351316881498,0.00480785768823541,1.03533727271897,2.34907588611284,2.36401232918797,2.41073662417853,2.44395715163031,2.47726910608348,2.52430938365866,2.53936595453899,-0.026115527350783
12.2,"female",2.44110755103465,0.0495733463238677,0.00480785768823541,1.03533727271897,2.34639143036315,2.36133939638596,2.40809973754924,2.44134589348552,2.47468354695596,2.52176011447346,2.5368283009759,-0.0261096310417751
12.3,"female",2.43849670030396,0.0496113396413983,0.00480785768823541,1.03533727271897,2.34370798861501,2.35866741085093,2.40546358942727,2.43873522542196,2.47209842907506,2.51921107636345,2.53429081121671,-0.0261037257262318
12.4,"female",2.43588644161919,0.049649111649179,0.00480785768823541,1.03533727271897,2.34102556175294,2.35599637346991,2.40282818070765,2.43612514834028,2.46951375334712,2.51666227024301,2.53175348617834,-0.0260978114039291
12.5,"female",2.43327677588096,0.0496866623602913,0.00480785768823541,1.03533727271897,2.33834415065256,2.35332628512249,2.40019351228228,2.43351566314117,2.46692952068163,2.51411369703403,2.52921632678667,-0.0260918880746509
12.6,"female",2.43066770398989,0.0497239917924492,0.00480785768823541,1.03533727271897,2.33566375618065,2.35065714668079,2.39755958503999,2.43090677072535,2.46434573199122,2.51156535766595,2.52667933397652,-0.0260859557381666
12.7,"female",2.42805922684662,0.0497610999679874,0.00480785768823541,1.03533727271897,2.33298437919516,2.34798895900948,2.39492639986654,2.42829847199354,2.46176238819162,2.50901725307574,2.52414250869164,-0.026080014394254
12.8,"female",2.42545134535175,0.0497979869138487,0.00480785768823541,1.03533727271897,2.33030602054524,2.34532172296585,2.3922939576446,2.4256907678465,2.45917949020171,2.50646938420785,2.5216058518847,-0.0260740640427003
12.9,"female",2.42284406040592,0.0498346526615728,0.00480785768823541,1.03533727271897,2.32762868107126,2.34265543939976,2.38966225925381,2.423083659185,2.45659703894349,2.50392175201423,2.51906936451719,-0.0260681046832812
13,"female",2.42023737290975,0.0498710972472833,0.00480785768823541,1.03533727271897,2.32495236160481,2.33999010915371,2.38703130557073,2.42047714690984,2.45401503534203,2.50137435745427,2.51653304755951,-0.0260621363157699
13.1,"female",2.41763128376387,0.0499073207116755,0.00480785768823541,1.03533727271897,2.32227706296876,2.33732573306285,2.38440109746889,2.41787123192184,2.45143348032553,2.49882720149479,2.51399690199086,-0.0260561589399512
13.2,"female",2.41502579386889,0.049943323100004,0.00480785768823541,1.03533727271897,2.31960278597729,2.33466231195498,2.38177163581878,2.41526591512185,2.44885237482526,2.49628028511006,2.51146092879923,-0.0260501725556093
13.3,"female",2.41242090412545,0.0499791044620702,0.00480785768823541,1.03533727271897,2.31692953143585,2.33199984665058,2.37914292148788,2.41266119741072,2.44627171977558,2.49373360928171,2.50892512898142,-0.0260441771625296
13.4,"female",2.40981661543416,0.0500146648522092,0.00480785768823541,1.03533727271897,2.31425730014127,2.32933833796286,2.37651495534062,2.41005707968934,2.4436915161139,2.49118717499878,2.50638950354297,-0.0260381727604809
13.5,"female",2.40721292869566,0.0500500043292773,0.00480785768823541,1.03533727271897,2.3115860928817,2.32667778669773,2.37388773823843,2.40745356285862,2.44111176478073,2.48864098325764,2.50385405349813,-0.0260321593492542
13.6,"female",2.40460984481056,0.0500851229566388,0.00480785768823541,1.03533727271897,2.30891591043671,2.32401819365385,2.37126127103976,2.40485064781949,2.43853246671959,2.486095035062,2.5013187798699,-0.0260261369286386
13.7,"female",2.40200736467948,0.050120020802153,0.00480785768823541,1.03533727271897,2.30624675357728,2.32135955962266,2.36863555460004,2.4022483354729,2.43595362287708,2.48354933142289,2.49878368368991,-0.0260201054984054
13.8,"female",2.39940548920306,0.0501546979381612,0.00480785768823541,1.03533727271897,2.3035786230658,2.31870188538838,2.36601058977173,2.39964662671981,2.43337523420281,2.48100387335863,2.49624876599849,-0.0260140650583505
13.9,"female",2.39680421928192,0.050189154441473,0.00480785768823541,1.03533727271897,2.30091151965614,2.31604517172804,2.36338637740431,2.39704552246123,2.43079730164944,2.47845866189481,2.49371402784455,-0.0260080156082544
14,"female",2.39420355581667,0.0502233903933532,0.00480785768823541,1.03533727271897,2.29824544409367,2.3133894194115,2.3607629183443,2.39444502359816,2.42821982617262,2.47591369806426,2.49117947028565,-0.0260019571479032
14.1,"female",2.39160349970796,0.0502574058795084,0.00480785768823541,1.03533727271897,2.29558039711526,2.31073462920146,2.35814021343525,2.39184513103165,2.42564280873103,2.47336898290705,2.48864509438788,-0.0259958896770885
14.2,"female",2.38900405185639,0.0502912009900728,0.00480785768823541,1.03533727271897,2.29291637944931,2.30808080185354,2.35551826351778,2.38924584566274,2.42306625028634,2.47082451747044,2.48611090122593,-0.0259898131955881
14.3,"female",2.38640521316259,0.0503247758195953,0.00480785768823541,1.03533727271897,2.2902533918158,2.3054279381162,2.35289706942954,2.38664716839253,2.42049015180322,2.46828030280889,2.48357689188297,-0.0259837277031981
14.4,"female",2.38380698452719,0.0503581304670247,0.00480785768823541,1.03533727271897,2.28759143492631,2.30277603873086,2.35027663200529,2.3840491001221,2.4179145142493,2.465736339984,2.48104306745069,-0.0259776331997076
14.5,"female",2.38120936685081,0.0503912650356967,0.00480785768823541,1.03533727271897,2.28493050948401,2.30012510443185,2.34765695207684,2.38145164175259,2.41533933859519,2.46319263006451,2.47850942902924,-0.0259715296848984
14.6,"female",2.37861236103408,0.0504241796333192,0.00480785768823541,1.03533727271897,2.28227061618375,2.29747513594651,2.3450380304731,2.37885479418512,2.41276462581449,2.46064917412628,2.47597597772723,-0.0259654171585689
14.7,"female",2.37601596797761,0.0504568743719584,0.00480785768823541,1.03533727271897,2.27961175571203,2.29482613399512,2.34241986802007,2.37625855832087,2.4101903768837,2.45810597325226,2.47344271466165,-0.0259592956205078
14.8,"female",2.37342018858204,0.0504893493680246,0.00480785768823541,1.03533727271897,2.27695392874707,2.29217809929098,2.33980246554087,2.37366293506102,2.4076165927823,2.45556302853247,2.47090964095791,-0.0259531650705046
14.9,"female",2.37082502374798,0.0505216047422576,0.00480785768823541,1.03533727271897,2.27429713595878,2.28953103254046,2.33718582385574,2.37106792530677,2.40504327449269,2.45302034106397,2.46837675774977,-0.0259470255083528
15,"female",2.36823047437607,0.0505536406197125,0.00480785768823541,1.03533727271897,2.27164137800888,2.28688493444294,2.33456994378202,2.36847352995935,2.40247042300019,2.45047791195083,2.46584406617932,-0.025940876933841
15.1,"female",2.36563654136692,0.0505854571297451,0.00480785768823541,1.03533727271897,2.26898665555082,2.2842398056909,2.33195482613421,2.36587974992,2.39989803929304,2.44793574230413,2.46331156739697,-0.0259347193467675
15.2,"female",2.36304322562116,0.0506170544059972,0.00480785768823541,1.03533727271897,2.26633296922989,2.28159564696992,2.32934047172396,2.36328658609,2.39732612436238,2.44539383324193,2.46077926256137,-0.025928552746932
15.3,"female",2.36045052803941,0.0506484325863819,0.00480785768823541,1.03533727271897,2.26368031968323,2.27895245895871,2.32672688136005,2.36069403937062,2.39475467920224,2.44285218588922,2.45824715283945,-0.0259223771341176
15.4,"female",2.3578584495223,0.0506795918130687,0.00480785768823541,1.03533727271897,2.26102870753981,2.27631024232914,2.32411405584845,2.35810211066317,2.39218370480954,2.44031080137793,2.45571523940634,-0.0259161925081243
15.5,"female",2.35526699097045,0.0507105322324687,0.00480785768823541,1.03533727271897,2.25837813342052,2.27366899774624,2.32150199599231,2.35551080086899,2.38961320218406,2.43776968084689,2.45318352344538,-0.025909998868754
15.6,"female",2.35267615328449,0.0507412539952195,0.00480785768823541,1.03533727271897,2.25572859793819,2.27102872586824,2.31889070259193,2.35292011088942,2.38704317232846,2.43522882544178,2.45065200614806,-0.0259037962157961
15.7,"female",2.35008593736504,0.0507717572561698,0.00480785768823541,1.03533727271897,2.25308010169757,2.26838942734659,2.31628017644485,2.35033004162583,2.38447361624824,2.43268823631518,2.44812068871399,-0.0258975845490549
15.8,"female",2.34749634411271,0.050802042174365,0.00480785768823541,1.03533727271897,2.25043264529541,2.26575110282601,2.31367041834578,2.34774059397961,2.38190453495174,2.43014791462645,2.44558957235089,-0.0258913638683288
15.9,"female",2.34490737442815,0.0508321089130309,0.00480785768823541,1.03533727271897,2.24778622932047,2.26311375294448,2.31106142908668,2.34515176885217,2.37933592945014,2.42760786154178,2.44305865827457,-0.0258851341734091
16,"female",2.34231902921197,0.050861957639559,0.00480785768823541,1.03533727271897,2.24514085435356,2.26047737833326,2.3084532094567,2.34256356714493,2.37676780075744,2.42506807823413,2.44052794770886,-0.0258788954641019
16.1,"female",2.33973130936479,0.050891588525491,0.00480785768823541,1.03533727271897,2.24249652096754,2.25784197961696,2.30584576024226,2.33997598975935,2.37420014989045,2.42252856588321,2.43799744188561,-0.0258726477402106
16.2,"female",2.33714421578724,0.0509210017465026,0.00480785768823541,1.03533727271897,2.23985322972739,2.25520755741352,2.303239082227,2.33738903759689,2.37163297786878,2.41998932567546,2.43546714204466,-0.0258663910015301
16.3,"female",2.33455774937995,0.050950197482389,0.00480785768823541,1.03533727271897,2.23721098119022,2.25257411233426,2.30063317619184,2.33480271155904,2.36906628571482,2.41745035880401,2.4329370494338,-0.0258601252478697
16.4,"female",2.33197191104353,0.0509791759170479,0.00480785768823541,1.03533727271897,2.23456977590528,2.24994164498389,2.29802804291495,2.33221701254731,2.36650007445376,2.41491166646868,2.43040716530873,-0.0258538504790274
16.5,"female",2.32938670167861,0.0510079372384647,0.00480785768823541,1.03533727271897,2.23192961441403,2.24731015596055,2.29542368317179,2.32963194146324,2.36393434511354,2.41237324987593,2.42787749093307,-0.0258475666948096
16.6,"female",2.32680212218582,0.0510364816386961,0.00480785768823541,1.03533727271897,2.22929049725014,2.24467964585583,2.2928200977351,2.32704749920835,2.36136909872486,2.40983511023886,2.42534802757827,-0.0258412738950199
16.7,"female",2.32421817346578,0.0510648093138541,0.00480785768823541,1.03533727271897,2.22665242493955,2.24205011525479,2.29021728737494,2.32446368668423,2.35880433632118,2.40729724877713,2.42281877652363,-0.0258349720794616
16.8,"female",2.32163485641911,0.0510929204640904,0.00480785768823541,1.03533727271897,2.22401539800046,2.23942156473599,2.28761525285865,2.32188050479246,2.35624005893868,2.40475966671702,2.42028973905625,-0.0258286612479487
16.9,"female",2.31905217194644,0.0511208152935797,0.00480785768823541,1.03533727271897,2.2213794169434,2.23679399487152,2.28501399495091,2.31929795443464,2.35367626761627,2.40222236529133,2.41776091647099,-0.025822341400279
17,"female",2.3164701209484,0.0511484940105038,0.00480785768823541,1.03533727271897,2.21874448227123,2.23416740622702,2.28241351441373,2.3167160365124,2.35111296339559,2.39968534573938,2.41523231007045,-0.0258160125362613
17.1,"female",2.31388870432559,0.0511759568270356,0.00480785768823541,1.03533727271897,2.21611059447919,2.23154179936171,2.27981381200647,2.31413475192739,2.34855014732095,2.39714860930697,2.41270392116494,-0.0258096746557102
17.2,"female",2.31130792297866,0.051203203959322,0.00480785768823541,1.03533727271897,2.21347775405493,2.2289171748284,2.27721488848583,2.31155410158126,2.34598782043937,2.39461215724641,2.41017575107243,-0.0258033277584314
17.3,"female",2.30872777780822,0.051230235627468,0.00480785768823541,1.03533727271897,2.21084596147854,2.22629353317356,2.27461674460587,2.3089740863757,2.34342598380057,2.39207599081639,2.40764780111856,-0.0257969718442387
17.4,"female",2.3061482697149,0.0512570520555204,0.00480785768823541,1.03533727271897,2.20821521722256,2.2236708749373,2.27201938111804,2.30639470721241,2.3408646384569,2.38954011128207,2.40512007263654,-0.0257906069129344
17.5,"female",2.30356939959932,0.0512836534714505,0.00480785768823541,1.03533727271897,2.20558552175207,2.22104920065341,2.26942279877118,2.30381596499312,2.33830378546341,2.38700451991494,2.40259256696721,-0.0257842329643361
17.6,"female",2.3009911683621,0.0513100401071381,0.00480785768823541,1.03533727271897,2.20295687552464,2.2184285108494,2.26682699831151,2.30123786061955,2.33574342587775,2.38446921799291,2.4000652854589,-0.0257778499982565
17.7,"female",2.29841357690388,0.0513362121983546,0.00480785768823541,1.03533727271897,2.20032927899043,2.21580880604651,2.26423198048268,2.29866039499347,2.33318356076026,2.38193420680016,2.39753822946751,-0.0257714580145053
17.8,"female",2.29583662612527,0.0513621699847459,0.00480785768823541,1.03533727271897,2.19770273259218,2.21319008675977,2.26163774602574,2.29608356901665,2.33062419117385,2.37939948762722,2.39501140035637,-0.0257650570129032
17.9,"female",2.2932603169269,0.051387913709816,0.00480785768823541,1.03533727271897,2.19507723676529,2.21057235349796,2.25904429567918,2.29350738359089,2.32806531818409,2.37686506177087,2.39248479949631,-0.0257586469932592
18,"female",2.29068465020939,0.05141344362091,0.00480785768823541,1.03533727271897,2.19245279193778,2.20795560676372,2.25645163017893,2.29093183961799,2.32550694285912,2.37433093053416,2.38995842826553,-0.0257522279553931
18.1,"female",2.28810962687336,0.0514387599691968,0.00480785768823541,1.03533727271897,2.18982939853039,2.20533984705352,2.25385975025838,2.28835693799981,2.32294906626968,2.37179709522633,2.38743228804963,-0.0257457998991129
18.2,"female",2.28553524781945,0.0514638630096522,0.00480785768823541,1.03533727271897,2.18720705695659,2.20272507485769,2.25126865664838,2.28578267963817,2.32039168948909,2.36926355716284,2.38490638024159,-0.0257393628242465
18.3,"female",2.28296151394827,0.0514887530010421,0.00480785768823541,1.03533727271897,2.18458576762259,2.20011129066048,2.24867835007727,2.28320906543496,2.31783481359324,2.36673031766532,2.38238070624166,-0.0257329167306098
18.4,"female",2.28038842616044,0.0515134302059048,0.00480785768823541,1.03533727271897,2.1819655309274,2.19749849494008,2.24608883127085,2.28063609629205,2.31527843966057,2.36419737806152,2.37985526745741,-0.0257264616180165
18.5,"female",2.2778159853566,0.0515378948905341,0.00480785768823541,1.03533727271897,2.17934634726286,2.1948866881686,2.24350010095243,2.27806377311135,2.31272256877206,2.3616647396853,2.37733006530363,-0.025719997486295
18.6,"female",2.27524419243737,0.0515621473249621,0.00480785768823541,1.03533727271897,2.17672821701367,2.19227587081217,2.24091215984286,2.27549209679479,2.31016720201123,2.35913240387662,2.37480510120237,-0.0257135243352558
18.7,"female",2.27267304830336,0.0515861877829414,0.00480785768823541,1.03533727271897,2.1741111405574,2.18966604333092,2.23832500866047,2.2729210682443,2.30761234046412,2.35660037198147,2.37228037658283,-0.0257070421647266
18.8,"female",2.27010255385521,0.0516100165419281,0.00480785768823541,1.03533727271897,2.17149511826457,2.18705720617902,2.23573864812116,2.27035068836185,2.30505798521927,2.35406864535188,2.36975589288137,-0.0257005509745324
18.9,"female",2.26753270999354,0.0516336338830642,0.00480785768823541,1.03533727271897,2.16888015049864,2.18444935980471,2.23315307893834,2.2677809580494,2.30250413736772,2.35153722534588,2.36723165154148,-0.0256940507644888
19,"female",2.26496351761897,0.0516570400911598,0.00480785768823541,1.03533727271897,2.16626623761608,2.18184250465033,2.230568301823,2.26521187820895,2.299950798003,2.34900611332745,2.3647076540137,-0.0256875415344245
19.1,"female",2.26239497763212,0.0516802354546761,0.00480785768823541,1.03533727271897,2.16365337996637,2.17923664115234,2.22798431748371,2.26264344974251,2.2973979682211,2.34647531066653,2.36218390175566,-0.0256810232841654
19.2,"female",2.25982709093363,0.0517032202657073,0.00480785768823541,1.03533727271897,2.16104157789204,2.17663176974136,2.2254011266266,2.26007567355212,2.29484564912049,2.34394481873896,2.35966039623197,-0.0256744960135325
19.3,"female",2.25725985842411,0.0517259948199628,0.00480785768823541,1.03533727271897,2.15843083172873,2.17402789084218,2.22281872995539,2.2575085505398,2.29229384180208,2.34141463892647,2.35713713891426,-0.0256679597223576
19.4,"female",2.25469328100419,0.05174855941675,0.00480785768823541,1.03533727271897,2.1558211418052,2.17142500487383,2.22023712817142,2.25494208160764,2.2897425473692,2.33888477261663,2.35461413128106,-0.0256614144104695
19.5,"female",2.25212735957449,0.0517709143589562,0.00480785768823541,1.03533727271897,2.15321250844337,2.16882311224954,2.21765632197365,2.25237626765771,2.28719176692764,2.33635522120284,2.35209137481785,-0.0256548600776881
19.6,"female",2.24956209503564,0.0517930599530304,0.00480785768823541,1.03533727271897,2.15060493195836,2.16622221337683,2.21507631205864,2.24981110959211,2.28464150158556,2.3338259860843,2.34956887101697,-0.0256482967238459
19.7,"female",2.24699748828825,0.0518149965089661,0.00480785768823541,1.03533727271897,2.1479984126585,2.16362230865754,2.21249709912062,2.24724660831294,2.28209175245355,2.33129706866597,2.34704662137761,-0.0256417243487773
19.8,"female",2.24443354023297,0.0518367243402829,0.00480785768823541,1.03533727271897,2.14539295084541,2.16102339848778,2.20991868385146,2.24468276472235,2.27954252064459,2.32876847035855,2.34452462740577,-0.0256351429523117
19.9,"female",2.2418702517704,0.0518582437640086,0.00480785768823541,1.03533727271897,2.14278854681398,2.15842548325807,2.2073410669407,2.24211957972248,2.27699380727402,2.32624019257845,2.34200289061421,-0.0256285525342782
20,"female",2.23930762380117,0.0518795551006613,0.00480785768823541,1.03533727271897,2.14018520085245,2.15582856335328,2.20476424907554,2.23955705421549,2.27444561345955,2.32371223674776,2.33948141252245,-0.025621953094512
20.1,"female",2.23674565722591,0.0519006586742311,0.00480785768823541,1.03533727271897,2.13758291324241,2.1532326391527,2.20218823094088,2.23699518910358,2.27189794032124,2.32118460429421,2.33696019465669,-0.0256153446328456
20.2,"female",2.23418435294524,0.0519215548121622,0.00480785768823541,1.03533727271897,2.13498168425888,2.15063771103007,2.19961301321933,2.23443398528893,2.26935078898149,2.31865729665115,2.33443923854983,-0.0256087271491091
20.3,"female",2.23162371185978,0.0519422438453345,0.00480785768823541,1.03533727271897,2.13238151417029,2.14804377935361,2.1970385965912,2.23187344367376,2.26680416056504,2.31613031525753,2.33191854574137,-0.0256021006431451
20.4,"female",2.22906373487017,0.0519627261080456,0.00480785768823541,1.03533727271897,2.12978240323853,2.145450844486,2.19446498173451,2.2293135651603,2.26425805619892,2.31360366155785,2.32939811777744,-0.0255954651147895
20.5,"female",2.22650442287701,0.0519830019379927,0.00480785768823541,1.03533727271897,2.12718435171903,2.1428589067845,2.19189216932505,2.2267543506508,2.26171247701249,2.31107733700214,2.32687795621072,-0.0255888205638707
20.6,"female",2.22394577678095,0.0520030716762537,0.00480785768823541,1.03533727271897,2.12458735986074,2.1402679666009,2.18932016003633,2.22419580104752,2.25916742413738,2.30855134304595,2.32435806260041,-0.0255821669902346
20.7,"female",2.22138779748259,0.0520229356672695,0.00480785768823541,1.03533727271897,2.12199142790617,2.13767802428159,2.18674895453964,2.22163791725275,2.25662289870749,2.30602568115028,2.32183843851222,-0.0255755043937179
20.8,"female",2.21883048588257,0.0520425942588254,0.00480785768823541,1.03533727271897,2.11939655609148,2.13508908016758,2.18417855350403,2.21908070016878,2.25407890185902,2.30350035278157,2.31931908551831,-0.0255688327741589
20.9,"female",2.2162738428815,0.0520620478020328,0.00480785768823541,1.03533727271897,2.11680274464643,2.1325011345945,2.18160895759635,2.21652415069792,2.2515354347304,2.30097535941169,2.31680000519725,-0.0255621521313999
21,"female",2.21371786938002,0.0520812966513106,0.00480785768823541,1.03533727271897,2.1142099937945,2.12991418789271,2.17904016748123,2.2139682697425,2.24899249846228,2.29845070251788,2.31428119913402,-0.0255554624652806
21.1,"female",2.21116256627875,0.0521003411643667,0.00480785768823541,1.03533727271897,2.11161830375285,2.12732824038723,2.17647218382111,2.21141305820486,2.24645009419758,2.29592638358272,2.31176266891994,-0.0255487637756447
21.2,"female",2.20860793447831,0.0521191817021798,0.00480785768823541,1.03533727271897,2.10902767473242,2.12474329239784,2.17390500727628,2.20885851698737,2.24390822308141,2.29340240409413,2.30924441615263,-0.0255420560623355
21.3,"female",2.20605397487932,0.0521378186289805,0.00480785768823541,1.03533727271897,2.10643810693793,2.12215934423908,2.17133863850484,2.2063046469924,2.24136688626109,2.29087876554531,2.30672644243603,-0.0255353393251957
21.4,"female",2.20350068838241,0.0521562523122333,0.00480785768823541,1.03533727271897,2.1038496005679,2.11957639622029,2.16877307816273,2.20375144912233,2.23882608488612,2.28835546943474,2.30420874938027,-0.0255286135640721
21.5,"female",2.2009480758882,0.0521744831226171,0.00480785768823541,1.03533727271897,2.10126215581474,2.11699444864565,2.16620832690378,2.20119892427958,2.23628582010818,2.28583251726609,2.30169133860173,-0.025521878778811
21.6,"female",2.19839613829732,0.0521925114340074,0.00480785768823541,1.03533727271897,2.09867577286474,2.11441350181416,2.16364438537966,2.19864707336657,2.23374609308114,2.28330991054827,2.29917421172295,-0.025515134969254
21.7,"female",2.19584487651039,0.0522103376234575,0.00480785768823541,1.03533727271897,2.09609045189811,2.11183355601975,2.16108125423994,2.19609589728573,2.23120690496098,2.28078765079534,2.29665737037259,-0.0255083821352532
21.8,"female",2.19329429142804,0.0522279620711792,0.00480785768823541,1.03533727271897,2.09350619308902,2.10925461155124,2.15851893413208,2.19354539693952,2.22866825690585,2.2782657395265,2.29414081618543,-0.0255016202766557
21.9,"female",2.19074438395089,0.0522453851605249,0.00480785768823541,1.03533727271897,2.09092299660567,2.10667666869241,2.15595742570147,2.1909955732304,2.22613015007603,2.27574417826607,2.29162455080231,-0.025494849393315
22,"female",2.18819515497956,0.0522626072779685,0.00480785768823541,1.03533727271897,2.08834086261027,2.104099727722,2.1533967295914,2.18844642706086,2.22359258563388,2.27322296854345,2.28910857587008,-0.0254880694850775
22.1,"female",2.18564660541467,0.0522796288130866,0.00480785768823541,1.03533727271897,2.08575979125911,2.10152378891378,2.15083684644308,2.18589795933338,2.2210555647439,2.27070211189306,2.28659289304161,-0.0254812805517957
22.2,"female",2.18309873615686,0.0522964501585397,0.00480785768823541,1.03533727271897,2.08317978270258,2.09894885253653,2.14827777689571,2.1833501709505,2.21851908857266,2.26818160985436,2.2840775039757,-0.0254744825933174
22.3,"female",2.18055154810674,0.0523130717100536,0.00480785768823541,1.03533727271897,2.08060083708523,2.09637491885413,2.14571952158641,2.18080306281472,2.21598315828881,2.26566146397181,2.28156241033708,-0.0254676756095008
22.4,"female",2.17800504216494,0.0523294938664005,0.00480785768823541,1.03533727271897,2.07802295454577,2.09380198812554,2.14316208115029,2.1782566358286,2.21344777506305,2.26314167579479,2.27904761379635,-0.025460859600206
22.5,"female",2.17545921923209,0.05234571702938,0.00480785768823541,1.03533727271897,2.07544613521714,2.09123006060485,2.14060545622045,2.17571089089468,2.21091294006816,2.26062224687764,2.27653311602998,-0.0254540345652728
22.6,"female",2.1729140802088,0.0523617416038003,0.00480785768823541,1.03533727271897,2.07287037922653,2.08865913654131,2.13804964742796,2.17316582891554,2.20837865447893,2.25810317877957,2.27401891872023,-0.0254472005045626
22.7,"female",2.1703696259957,0.0523775679974595,0.00480785768823541,1.03533727271897,2.07029568669541,2.08608921617935,2.13549465540193,2.17062145079377,2.20584491947219,2.25558447306468,2.27150502355513,-0.0254403574179408
22.8,"female",2.16782585749342,0.0523931966211265,0.00480785768823541,1.03533727271897,2.06772205773958,2.08352029975864,2.13294048076947,2.16807775743195,2.20331173622677,2.25306613130187,2.26899143222847,-0.0254335053052569
22.9,"female",2.16528277560258,0.052408627888522,0.00480785768823541,1.03533727271897,2.0651494924692,2.08095238751409,2.13038712415575,2.16553474973272,2.20077910592352,2.25054815506487,2.26647814643971,-0.0254266441663687
23,"female",2.1627403812238,0.0524238622162998,0.00480785768823541,1.03533727271897,2.06257799098882,2.07838547967587,2.12783458618394,2.16299242859868,2.19824702974525,2.24803054593216,2.26396516789399,-0.0254197740011405
23.1,"female",2.16019867525771,0.0524389000240279,0.00480785768823541,1.03533727271897,2.06000755339743,2.0758195764695,2.12528286747533,2.16045079493249,2.19571550887676,2.245513305487,2.26145249830208,-0.0254128948094291
23.2,"female",2.15765765860493,0.0524537417341692,0.00480785768823541,1.03533727271897,2.05743817978848,2.07325467811582,2.12273196864924,2.15790984963679,2.19318454450482,2.24299643531731,2.25894013938033,-0.0254060065910956
23.3,"female",2.15511733216608,0.0524683877720626,0.00480785768823541,1.03533727271897,2.05486987024994,2.07069078483103,2.12018189032308,2.15536959361427,2.19065413781812,2.24047993701572,2.25642809285064,-0.025399109346005
23.4,"female",2.1525776968418,0.0524828385659043,0.00480785768823541,1.03533727271897,2.0523026248643,2.06812789682676,2.11763263311237,2.15283002776759,2.18812429000731,2.23796381217949,2.25391636044045,-0.0253922030740173
23.5,"female",2.1500387535327,0.0524970945467285,0.00480785768823541,1.03533727271897,2.04973644370865,2.06556601431005,2.11508419763074,2.15029115299946,2.18559500226495,2.23544806241053,2.25140494388266,-0.025385287774999
23.6,"female",2.1475005031394,0.0525111561483886,0.00480785768823541,1.03533727271897,2.04717132685468,2.06300513748342,2.11253658448994,2.14775297021259,2.18306627578551,2.2329326893153,2.2488938449156,-0.0253783634488159
23.7,"female",2.14496294656254,0.0525250238075379,0.00480785768823541,1.03533727271897,2.04460727436873,2.06044526654487,2.10998979429984,2.1452154803097,2.18053811176537,2.23041769450484,2.24638306528305,-0.0253714300953268
23.8,"female",2.14242608470273,0.052538697963611,0.00480785768823541,1.03533727271897,2.04204428631183,2.05788640168795,2.10744382766848,2.14267868419353,2.17801051140277,2.22790307959469,2.24387260673412,-0.0253644877144056
23.9,"female",2.1398899184606,0.0525521790588042,0.00480785768823541,1.03533727271897,2.03948236273973,2.05532854310173,2.10489868520206,2.14014258276682,2.17548347589783,2.22538884620491,2.24136247102327,-0.0253575363059212
24,"female",2.13735444873678,0.052565467538057,0.00480785768823541,1.03533727271897,2.03692150370294,2.05277169097089,2.10235436750494,2.13760717693234,2.17295700645255,2.22287499596001,2.23885265991025,-0.0253505758697377
24.1,"female",2.13481967643188,0.0525785638490326,0.00480785768823541,1.03533727271897,2.03436170924678,2.05021584547573,2.09981087517966,2.13507246759287,2.17043110427075,2.22036153048893,2.23634317516008,-0.0253436064057234
24.2,"female",2.13228560244654,0.0525914684420992,0.00480785768823541,1.03533727271897,2.03180297941137,2.04766100679218,2.097268208827,2.1325384556512,2.16790577055808,2.21784845142501,2.23383401854299,-0.0253366279137524
24.3,"female",2.12975222768137,0.0526041817703106,0.00480785768823541,1.03533727271897,2.02924531423173,2.04510717509186,2.0947263690459,2.13000514201012,2.16538100652202,2.21533576040597,2.2313251918344,-0.0253296403936921
24.4,"female",2.127219553037,0.0526167042893876,0.00480785768823541,1.03533727271897,2.02668871373776,2.04255435054211,2.09218535643355,2.12747252757246,2.16285681337185,2.21282345907386,2.2288166968149,-0.0253226438454202
24.5,"female",2.12468757941406,0.0526290364576984,0.00480785768823541,1.03533727271897,2.02413317795433,2.04000253330597,2.08964517158539,2.12494061324104,2.16033319231865,2.21031154907504,2.22630853527015,-0.0253156382688099
24.6,"female",2.12215630771316,0.0526411787362398,0.00480785768823541,1.03533727271897,2.02157870690127,2.0374517235423,2.08710581509508,2.1224093999187,2.15781014457529,2.20780003206013,2.22380070899092,-0.0253086236637269
24.7,"female",2.11962573883494,0.0526531315886183,0.00480785768823541,1.03533727271897,2.01902530059341,2.03490192140572,2.08456728755457,2.11987888850829,2.15528767135637,2.20528890968404,2.221293219773,-0.0253016000300522
24.8,"female",2.11709587368001,0.0526648954810307,0.00480785768823541,1.03533727271897,2.01647295904066,2.03235312704672,2.08202958955406,2.11734907991269,2.15276577387829,2.20277818360584,2.2187860694172,-0.0252945673676642
24.9,"female",2.114566713149,0.0526764708822451,0.00480785768823541,1.03533727271897,2.013921682248,2.02980534061162,2.07949272168206,2.11481997503476,2.15024445335916,2.20026785548882,2.21627925972928,-0.0252875256764385
25,"female",2.11203825814253,0.052687858263582,0.00480785768823541,1.03533727271897,2.01137147021554,2.02725856224264,2.07695668452536,2.1122915747774,2.14772371101882,2.1977579270004,2.21377279251994,-0.0252804749562482
25.1,"female",2.10951050956123,0.0526990580988953,0.00480785768823541,1.03533727271897,2.00882232293853,2.02471279207794,2.07442147866909,2.10976388004351,2.14520354807886,2.19524839981216,2.21126666960475,-0.0252734152069723
25.2,"female",2.10698346830573,0.0527100708645528,0.00480785768823541,1.03533727271897,2.00627424040746,2.02216803025162,2.07188710469667,2.10723689173601,2.14268396576253,2.19273927559971,2.20876089280415,-0.0252663464284964
25.3,"female",2.10445713527664,0.0527208970394175,0.00480785768823541,1.03533727271897,2.003727222608,2.01962427689377,2.0693535631899,2.10471061075781,2.14016496529478,2.19023055604278,2.20625546394341,-0.0252592686206988
25.4,"female",2.10193151137459,0.0527315371048287,0.00480785768823541,1.03533727271897,2.00118126952114,2.01708153213049,2.0668208547289,2.10218503801187,2.13764654790227,2.18772224282508,2.20375038485255,-0.0252521817834573
25.5,"female",2.0994065975002,0.0527419915445824,0.00480785768823541,1.03533727271897,1.99863638112313,2.01453979608393,2.06428897989216,2.09966017440112,2.13512871481327,2.18521433763435,2.20124565736637,-0.0252450859166561
25.6,"female",2.09688239455411,0.0527522608449128,0.00480785768823541,1.03533727271897,1.99609255738559,2.01199906887232,2.06175793925656,2.09713602082853,2.13261146725776,2.18270684216229,2.19874128332435,-0.0252379810201787
25.7,"female",2.09435890343692,0.0527623454944731,0.00480785768823541,1.03533727271897,1.99354979827551,2.00945935061,2.05922773339735,2.09461257819708,2.1300948064673,2.18019975810452,2.19623726457065,-0.0252308670939106
25.8,"female",2.09183612504927,0.0527722459843162,0.00480785768823541,1.03533727271897,1.9910081037553,2.00692064140744,2.0566983628882,2.09208984740975,2.12757873367512,2.17769308716057,2.19373360295407,-0.0252237441377346
25.9,"female",2.08931406029179,0.0527819628078763,0.00480785768823541,1.03533727271897,1.98846747378281,2.00438294137128,2.05416982830119,2.08956782936954,2.12506325011605,2.17518683103386,2.19123030032799,-0.0252166121515397
26,"female",2.08679271006508,0.0527914964609491,0.00480785768823541,1.03533727271897,1.98592790831138,2.00184625060437,2.05164213020681,2.08704652497944,2.12254835702651,2.17268099143164,2.18872735855037,-0.0252094711352099
26.1,"female",2.08427207526979,0.0528008474416737,0.00480785768823541,1.03533727271897,1.98338940728989,1.99931056920577,2.04911526917402,2.08452593514249,2.1200340556445,2.17017557006498,2.18622477948369,-0.0252023210886333
26.2,"female",2.08175215680652,0.0528100162505127,0.00480785768823541,1.03533727271897,1.98085197066276,1.99677589727082,2.04658924577021,2.08200606076172,2.11752034720963,2.1676705686487,2.1837225649949,-0.025195162011702
26.3,"female",2.07923295557591,0.052819003390234,0.00480785768823541,1.03533727271897,1.97831559837001,1.99424223489114,2.04406406056124,2.07948690274015,2.11500723296304,2.16516598890142,2.18122071695543,-0.025187993904301
26.4,"female",2.07671447247859,0.0528278093658914,0.00480785768823541,1.03533727271897,1.9757802903473,1.99170958215468,2.04153971411145,2.07696846198086,2.11249471414742,2.16266183254543,2.1787192372411,-0.0251808167663238
26.5,"female",2.07419670841516,0.0528364346848059,0.00480785768823541,1.03533727271897,1.97324604652595,1.98917793914573,2.03901620698368,2.07445073938689,2.10998279200701,2.16015810130676,2.17621812773211,-0.0251736305976587
26.6,"female",2.07167966428627,0.0528448798565467,0.00480785768823541,1.03533727271897,1.97071286683298,1.98664730594498,2.03649353973926,2.07193373586133,2.10747146778757,2.15765479691504,2.17371739031302,-0.0251664353982007
26.7,"female",2.06916334099253,0.0528531453929121,0.00480785768823541,1.03533727271897,1.96818075119118,1.98411768262951,2.03397171293803,2.06941745230725,2.10496074273634,2.15515192110357,2.17121702687267,-0.0251592311678484
26.8,"female",2.06664773943456,0.0528612318079108,0.00480785768823541,1.03533727271897,1.96564969951908,1.98158906927287,2.03145072713837,2.06690188962776,2.10245061810211,2.15264947560924,2.16871703930419,-0.0251520179064847
26.9,"female",2.064132860513,0.0528691396177432,0.00480785768823541,1.03533727271897,1.96311971173104,1.97906146594506,2.02893058289721,2.06438704872595,2.09994109513512,2.15014746217249,2.16621742950492,-0.0251447956140073
27,"female",2.06161870512846,0.0528768693407822,0.00480785768823541,1.03533727271897,1.96059078773727,1.97653487271259,2.02641128077,2.06187293050495,2.09743217508707,2.1476458825373,2.16371819937641,-0.0251375642903203
27.1,"female",2.05910527418157,0.0528844214975544,0.00480785768823541,1.03533727271897,1.95806292744386,1.97400928963852,2.0238928213108,2.05935953586789,2.09492385921116,2.14514473845115,2.16121935082436,-0.0251303239353163
27.2,"female",2.05659256857295,0.0528917966107217,0.00480785768823541,1.03533727271897,1.95553613075282,1.97148471678245,2.02137520507222,2.05684686571789,2.09241614876199,2.14264403166502,2.15872088575861,-0.0251230745488874
27.3,"female",2.05408058920323,0.0528989952050618,0.00480785768823541,1.03533727271897,1.95301039756213,1.9689611542006,2.01885843260546,2.05433492095811,2.08990904499564,2.1401437639333,2.15622280609306,-0.0251158161309385
27.4,"female",2.05156933697303,0.0529060178074502,0.00480785768823541,1.03533727271897,1.95048572776575,1.96643860194579,2.01634250446034,2.0518237024917,2.08740254916956,2.13764393701381,2.15372511374568,-0.0251085486813697
27.5,"female",2.04905881278297,0.0529128649468408,0.00480785768823541,1.03533727271897,1.94796212125366,1.96391706006751,2.01382742118528,2.04931321122184,2.08489666254266,2.13514455266774,2.15122781063844,-0.0251012722000806
27.6,"female",2.04654901753368,0.0529195371542475,0.00480785768823541,1.03533727271897,1.94543957791192,1.96139652861194,2.01131318332733,2.04680344805169,2.0823913863752,2.13264561265965,2.1487308986973,-0.0250939866869705
27.7,"female",2.04403995212579,0.0529260349627253,0.00480785768823541,1.03533727271897,1.94291809762269,1.95887700762196,2.0087997914322,2.04429441388444,2.07988672192885,2.1301471187574,2.14623437985216,-0.0250866921419402
27.8,"female",2.04153161745991,0.0529323589073521,0.00480785768823541,1.03533727271897,1.94039768026426,1.95635849713721,2.00628724604422,2.0417861096233,2.07738267046665,2.12764907273215,2.14373825603681,-0.0250793885648993
27.9,"female",2.03902401443667,0.0529385095252093,0.00480785768823541,1.03533727271897,1.93787832571109,1.9538409971941,2.00377554770642,2.03927853617146,2.07487923325297,2.12515147635832,2.14124252918893,-0.0250720759557478
28,"female",2.0365171439567,0.0529444873553636,0.00480785768823541,1.03533727271897,1.93536003383385,1.95132450782584,2.00126469696049,2.03677169443215,2.07237641155356,2.12265433141357,2.13874720125001,-0.0250647543143875
28.1,"female",2.03401100692061,0.0529502929388484,0.00480785768823541,1.03533727271897,1.93284280449945,1.94880902906249,1.99875469434681,2.03426558530859,2.06987420663547,2.12015763967875,2.13625227416537,-0.0250574236407287
28.2,"female",2.03150560422904,0.0529559268186452,0.00480785768823541,1.03533727271897,1.93032663757108,1.94629456093095,1.99624554040447,2.031760209704,2.0673726197671,2.11766140293786,2.13375774988406,-0.0250500839346791
28.3,"female",2.02900093678261,0.0529613895396648,0.00480785768823541,1.03533727271897,1.92781153290825,1.94378110345505,1.99373723567127,2.02925556852165,2.06487165221814,2.11516562297807,2.13126363035887,-0.0250427351961436
28.4,"female",2.02649700548193,0.0529666816487292,0.00480785768823541,1.03533727271897,1.9252974903668,1.94126865665551,1.99122978068374,2.02675166266478,2.06237130525957,2.11267030158966,2.12876991754627,-0.0250353774250357
28.5,"female",2.02399381122764,0.0529718036945527,0.00480785768823541,1.03533727271897,1.92278450979897,1.93875722055004,1.98872317597715,2.02424849303664,2.05987158016366,2.11017544056595,2.12627661340641,-0.0250280106212593
28.6,"female",2.02149135492037,0.0529767562277235,0.00480785768823541,1.03533727271897,1.92027259105342,1.93624679515329,1.98621742208552,2.02174606054052,2.05737247820394,2.10768104170336,2.12378371990302,-0.0250206347847227
28.7,"female",2.01898963746072,0.0529815398006857,0.00480785768823541,1.03533727271897,1.91776173397526,1.93373738047697,1.98371251954163,2.0192443660797,2.05487400065522,2.10518710680128,2.12129123900345,-0.0250132499153445
28.8,"female",2.01648865974933,0.0529861549677203,0.00480785768823541,1.03533727271897,1.91525193840609,1.93122897652981,1.98120846887705,2.01674341055745,2.05237614879353,2.10269363766213,2.11879917267857,-0.0250058560130296
28.9,"female",2.01398842268682,0.052990602284927,0.00480785768823541,1.03533727271897,1.91274320418403,1.92872158331762,1.97870527062213,2.01424319487709,2.04987892389613,2.10020063609127,2.11630752290277,-0.0249984530776938
29,"female",2.01148892717382,0.0529948823102062,0.00480785768823541,1.03533727271897,1.91023553114377,1.9262152008433,1.97620292530603,2.01174371994192,2.04738232724153,2.09770810389698,2.11381629165393,-0.0249910411092565
29.1,"female",2.00899017411095,0.0529989956032402,0.00480785768823541,1.03533727271897,1.90772891911659,1.92370982910691,1.9737014334567,2.00924498665524,2.04488636010941,2.09521604289047,2.11132548091336,-0.0249836201076282
29.2,"female",2.00649216439882,0.0530029427254753,0.00480785768823541,1.03533727271897,1.9052233679304,1.92120546810563,1.97120079560095,2.00674699592039,2.04239102378067,2.09272445488578,2.10883509266576,-0.0249761900727209
29.3,"female",2.00399489893808,0.0530067242401032,0.00480785768823541,1.03533727271897,1.90271887740977,1.91870211783387,1.96870101226439,2.0042497486407,2.03989631953738,2.09023334169981,2.10634512889924,-0.0249687510044506
29.4,"female",2.00149837862934,0.0530103407120431,0.00480785768823541,1.03533727271897,1.90021544737598,1.91619977828325,1.96620208397152,2.0017532457195,2.03740224866278,2.08774270515229,2.1038555916052,-0.0249613029027452
29.5,"female",1.99900260437322,0.0530137927079236,0.00480785768823541,1.03533727271897,1.89771307764704,1.91369844944263,1.96370401124567,1.99925748806015,2.03490881244127,2.0852525470657,2.10136648277837,-0.0249538457675166
29.6,"female",1.99650757707036,0.0530170807960642,0.00480785768823541,1.03533727271897,1.89521176803773,1.91119813129816,1.96120679460906,1.996762476566,2.03241601215841,2.08276286926527,2.09887780441674,-0.0249463795986772
29.7,"female",1.99401329762136,0.0530202055464573,0.00480785768823541,1.03533727271897,1.89271151835963,1.90869882383329,1.95871043458278,1.99426821214041,2.02992384910087,2.08027367357899,2.09638955852152,-0.0249389043961557
29.8,"female",1.99151976692687,0.0530231675307505,0.00480785768823541,1.03533727271897,1.89021232842115,1.9062005270288,1.95621493168684,1.99177469568677,2.02743232455645,2.07778496183749,2.09390174709713,-0.0249314201598717
29.9,"female",1.98902698588749,0.053025967322228,0.00480785768823541,1.03533727271897,1.88771419802759,1.90370324086286,1.95372028644015,1.98928192810844,2.02494143981406,2.07529673587411,2.09141437215115,-0.0249239268897451
30,"female",1.98653495540386,0.0530286054957932,0.00480785768823541,1.03533727271897,1.88521712698116,1.90120696531101,1.95122649936054,1.98678991030882,2.02245119616371,2.0728089975248,2.08892743569427,-0.0249164245857
30.1,"female",1.9840436763766,0.0530310826279503,0.00480785768823541,1.03533727271897,1.88272111508098,1.89871170034623,1.94873357096477,1.9842986431913,2.01996159489648,2.0703217486281,2.08644093974028,-0.0249089132476566
30.2,"female",1.98155314970633,0.0530333992967866,0.00480785768823541,1.03533727271897,1.88022616212317,1.89621744593895,1.94624150176856,1.98180812765929,2.01747263730455,2.06783499102517,2.08395488630603,-0.0249013928755427
30.3,"female",1.97906337629368,0.0530355560819546,0.00480785768823541,1.03533727271897,1.87773226790087,1.89372420205707,1.94375029228657,1.97931836461619,2.01498432468112,2.06534872655968,2.08146927741139,-0.024893863469282
30.4,"female",1.97657435703928,0.0530375535646543,0.00480785768823541,1.03533727271897,1.87523943220423,1.89123196866602,1.94125994303245,1.97682935496543,2.01249665832047,2.06286295707782,2.07898411507923,-0.0248863250288013
30.5,"female",1.97408609284373,0.0530393923276151,0.00480785768823541,1.03533727271897,1.8727476548205,1.88874074572876,1.93877045451882,1.97434109961043,2.01000963951791,2.06037768442829,2.07649940133534,-0.0248787775540279
30.6,"female",1.97159858460768,0.0530410729550783,0.00480785768823541,1.03533727271897,1.87025693553405,1.8862505332058,1.93628182725728,1.97185359945462,2.00752326956977,2.05789291046223,2.07401513820847,-0.0248712210448877
30.7,"female",1.96911183323174,0.0530425960327794,0.00480785768823541,1.03533727271897,1.86776727412637,1.88376133105527,1.93379406175846,1.96936685540145,2.00503754977339,2.05540863703321,2.07153132773022,-0.0248636555013116
30.8,"female",1.96662583961654,0.0530439621479306,0.00480785768823541,1.03533727271897,1.86527867037614,1.88127313923291,1.931307158532,1.96688086835436,2.00255248142711,2.05292486599722,2.06904797193507,-0.0248560809232246
30.9,"female",1.9641406046627,0.0530451718892026,0.00480785768823541,1.03533727271897,1.86279112405927,1.87878595769212,1.92882111808656,1.96439563921681,2.00006806583027,2.0504415992126,2.06656507286029,-0.0248484973105612
31,"female",1.96165612927085,0.0530462258467076,0.00480785768823541,1.03533727271897,1.86030463494888,1.87629978638399,1.92633594092984,1.96191116889225,1.99758430428316,2.04795883854007,2.06408263254596,-0.0248409046632544
31.1,"female",1.9591724143416,0.0530471246119818,0.00480785768823541,1.03533727271897,1.8578192028154,1.87381462525728,1.9238516275686,1.95942745828416,1.99510119808706,2.04547658584262,2.06160065303489,-0.024833302981231
31.2,"female",1.95668946077559,0.0530478687779675,0.00480785768823541,1.03533727271897,1.85533482742657,1.87133047425854,1.92136817850866,1.956944508296,1.9926187485442,2.04299484298557,2.05911913637261,-0.0248256922644253
31.3,"female",1.95420726947344,0.0530484589389959,0.00480785768823541,1.03533727271897,1.85285150854746,1.86884733333205,1.91888559425492,1.95446231983127,1.99013695695774,2.04051361183647,2.05663808460733,-0.0248180725127723
31.4,"female",1.95172584133577,0.0530488956907699,0.00480785768823541,1.03533727271897,1.85036924594052,1.8663652024199,1.91640387531136,1.95198089379345,1.98765582463177,2.03803289426511,2.05415749978992,-0.0248104437262054
31.5,"female",1.94924517726321,0.0530491796303464,0.00480785768823541,1.03533727271897,1.84788803936564,1.86388408146197,1.91392302218106,1.94950023108603,1.9851753528713,2.0355526921435,2.05167738397385,-0.024802805904662
31.6,"female",1.94676527815637,0.0530493113561193,0.00480785768823541,1.03533727271897,1.84540788858013,1.86140397039604,1.91144303536621,1.94702033261252,1.98269554298225,2.03307300734581,2.04919773921519,-0.0247951590480756
31.7,"female",1.94428614491589,0.053049291467802,0.00480785768823541,1.03533727271897,1.84292879333878,1.85892486915772,1.90896391536813,1.94454119927641,1.98021639627142,2.03059384174835,2.04671856757252,-0.0247875031563816
31.8,"female",1.94180777844239,0.0530491205664108,0.00480785768823541,1.03533727271897,1.84045075339391,1.85644677768056,1.90648566268725,1.94206283198124,1.97773791404651,2.02811519722956,2.04423987110699,-0.024779838229524
31.9,"female",1.93933017963649,0.0530487992542468,0.00480785768823541,1.03533727271897,1.83797376849536,1.85396969589601,1.90400827782317,1.93958523163051,1.97526009761609,2.02563707566997,2.04176165188218,-0.0247721642674371
32,"female",1.93685334939881,0.0530483281348796,0.00480785768823541,1.03533727271897,1.83549783839056,1.85149362373349,1.90153176127463,1.93710839912775,1.97278294828957,2.02315947895217,2.03928391196416,-0.0247644812700595
32.1,"female",1.93437728862999,0.0530477078131301,0.00480785768823541,1.03533727271897,1.83302296282455,1.84901856112043,1.89905611353955,1.9346323353765,1.97030646737722,2.02068240896079,2.03680665342138,-0.0247567892373342
32.2,"female",1.93190199823064,0.0530469388950532,0.00480785768823541,1.03533727271897,1.83054914154002,1.84654450798224,1.896581335115,1.93215704128029,1.96783065619014,2.01820586758246,2.03432987832469,-0.0247490881691997
32.3,"female",1.92942747910139,0.0530460219879212,0.00480785768823541,1.03533727271897,1.8280763742773,1.84407146424239,1.89410742649728,1.92968251774266,1.96535551604027,2.01572985670581,2.03185358874731,-0.0247413780655986
32.4,"female",1.92695373214285,0.0530449577002067,0.00480785768823541,1.03533727271897,1.82560466077447,1.84159942982242,1.89163438818186,1.92720876566717,1.96288104824035,2.01325437822139,2.02937778676475,-0.0247336589264754
32.5,"female",1.92448075825567,0.0530437466415659,0.00480785768823541,1.03533727271897,1.82313400076732,1.83912840464195,1.88916222066344,1.92473578595736,1.96040725410392,2.01077943402171,2.0269024744548,-0.0247259307517741
32.6,"female",1.92200855834046,0.0530423894228218,0.00480785768823541,1.03533727271897,1.82066439398942,1.83665838861874,1.88669092443592,1.92226357951681,1.95793413494531,2.00830502600115,2.02442765389754,-0.024718193541435
32.7,"female",1.91953713329784,0.0530408866559474,0.00480785768823541,1.03533727271897,1.81819584017215,1.83418938166869,1.88422049999246,1.91979214724908,1.95546169207964,2.00583115605599,2.02195332717523,-0.0247104472954046
32.8,"female",1.91706648402844,0.0530392389540491,0.00480785768823541,1.03533727271897,1.81572833904472,1.83172138370588,1.88175094782545,1.91732149005773,1.9529899268228,2.00335782608432,2.01947949637234,-0.0247026920136312
32.9,"female",1.91459661143288,0.05303744693135,0.00480785768823541,1.03533727271897,1.81326189033418,1.82925439464259,1.87928226842655,1.91485160884635,1.9505188404914,2.00088503798607,2.01700616357549,-0.0246949276960603
33,"female",1.91212751641178,0.0530355112031735,0.00480785768823541,1.03533727271897,1.81079649376553,1.82678841438933,1.87681446228667,1.91238250451852,1.94804843440285,1.99841279366296,2.01453333087344,-0.0246871543426404
33.1,"female",1.90965919986578,0.0530334323859266,0.00480785768823541,1.03533727271897,1.80833214906165,1.82432344285487,1.874347529896,1.90991417797782,1.94557870987525,1.99594109501847,2.01206100035702,-0.0246793719533152
33.2,"female",1.90719166269549,0.0530312110970835,0.00480785768823541,1.03533727271897,1.80586885594341,1.82185947994626,1.87188147174404,1.90744663012785,1.94310966822744,1.9934699439578,2.00958917411912,-0.0246715805280367
33.3,"female",1.90472490580154,0.0530288479551691,0.00480785768823541,1.03533727271897,1.80340661412967,1.81939652556886,1.86941628831958,1.90497986187221,1.94064131077897,1.99099934238789,2.00711785425468,-0.0246637800667576
33.4,"female",1.90225893008456,0.0530263435797432,0.00480785768823541,1.03533727271897,1.8009454233373,1.81693457962636,1.8669519801107,1.9025138741145,1.9381736388501,1.98852929221733,2.00464704286063,-0.0246559705694257
33.5,"female",1.89979373644516,0.0530236985913834,0.00480785768823541,1.03533727271897,1.79848528328123,1.81447364202082,1.86448854760483,1.90004866775833,1.93570665376177,1.98605979535639,2.00217674203585,-0.0246481520359928
33.6,"female",1.89732932578397,0.0530209136116695,0.00480785768823541,1.03533727271897,1.79602619367448,1.81201371265268,1.86202599128872,1.8975842437073,1.93324035683559,1.98359085371697,1.99970695388118,-0.0246403244664114
33.7,"female",1.89486569900161,0.0530179892631669,0.00480785768823541,1.03533727271897,1.79356815422819,1.80955479142081,1.85956431164847,1.89512060286505,1.93077474939386,1.98112246921256,1.99723768049934,-0.0246324878606324
33.8,"female",1.89240285699871,0.0530149261694108,0.00480785768823541,1.03533727271897,1.79111116465163,1.80709687822249,1.85710350916953,1.89265774613518,1.92830983275951,1.97865464375824,1.99476892399494,-0.0246246422186108
33.9,"female",1.8899408006759,0.0530117249548902,0.00480785768823541,1.03533727271897,1.78865522465227,1.8046399729535,1.85464358433671,1.89019567442132,1.92584560825614,1.97618737927062,1.99230068647442,-0.0246167875403055
34,"female",1.88747953093379,0.0530083862450314,0.00480785768823541,1.03533727271897,1.78620033393577,1.80218407550808,1.85218453763421,1.88773438862712,1.92338207720797,1.97372067766788,1.98983297004603,-0.0246089238256671
34.1,"female",1.88501904867301,0.0530049106661829,0.00480785768823541,1.03533727271897,1.78374649220605,1.79972918577901,1.8497263695456,1.88527388965619,1.92091924093985,1.97125454086964,1.98736577681981,-0.0246010510746505
34.2,"female",1.88255935479419,0.0530012988455985,0.00480785768823541,1.03533727271897,1.78129369916527,1.7972753036576,1.84726908055386,1.88281417841219,1.91845710077724,1.96878897079705,1.98489910890755,-0.0245931692872153
34.3,"female",1.88010045019795,0.0529975514114224,0.00480785768823541,1.03533727271897,1.77884195451392,1.79482242903373,1.84481267114137,1.88035525579875,1.91599565804621,1.96632396937267,1.98243296842274,-0.0245852784633188
34.4,"female",1.87764233578491,0.0529936689926729,0.00480785768823541,1.03533727271897,1.77639125795079,1.79237056179588,1.84235714178993,1.87789712271952,1.91353491407342,1.9638595385205,1.97996735748058,-0.0245773786029198
34.5,"female",1.87518501245569,0.0529896522192271,0.00480785768823541,1.03533727271897,1.77394160917306,1.78991970183113,1.83990249298076,1.87543978007816,1.91107487018611,1.96139568016593,1.97750227819792,-0.0245694697059758
34.6,"female",1.87272848111093,0.0529855017218047,0.00480785768823541,1.03533727271897,1.77149300787627,1.78746984902524,1.83744872519455,1.87298322877833,1.90861552771208,1.95893239623573,1.97503773269322,-0.0245615517724459
34.7,"female",1.87027274265124,0.0529812181319532,0.00480785768823541,1.03533727271897,1.7690454537544,1.7850210032626,1.83499583891139,1.87052746972367,1.90615688797971,1.956469688658,1.97257372308656,-0.0245536248022931
34.8,"female",1.86781779797725,0.0529768020820316,0.00480785768823541,1.03533727271897,1.76659894649988,1.7825731644263,1.83254383461086,1.86807250381787,1.90369895231792,1.95400755936217,1.97011025149959,-0.0245456887954781
34.9,"female",1.86536364798958,0.0529722542051955,0.00480785768823541,1.03533727271897,1.7641534858036,1.78012633239818,1.83009271277202,1.86561833196458,1.90124172205617,1.95154601027898,1.96764732005549,-0.024537743751963
35,"female",1.86291029358886,0.0529675751353818,0.00480785768823541,1.03533727271897,1.76170907135497,1.77768050705878,1.82764247387338,1.86316495506748,1.89878519852444,1.94908504334041,1.96518493087893,-0.0245297896717119
35.1,"female",1.86045773567571,0.0529627655072926,0.00480785768823541,1.03533727271897,1.75926570284193,1.77523568828744,1.82519311839296,1.86071237403024,1.89632938305325,1.94662466047972,1.96272308609608,-0.024521826554685
35.2,"female",1.85800597515076,0.052957825956381,0.00480785768823541,1.03533727271897,1.75682337995101,1.77279187596228,1.82274464680828,1.85826058975654,1.8938742769736,1.94416486363136,1.96026178783457,-0.0245138544008466
35.3,"female",1.85555501291462,0.0529527571188352,0.00480785768823541,1.03533727271897,1.7543821023673,1.77034906996024,1.82029705959636,1.85580960315007,1.89141988161702,1.941705654731,1.95780103822342,-0.0245058732101649
35.4,"female",1.85310484986793,0.0529475596315634,0.00480785768823541,1.03533727271897,1.75194186977453,1.76790727015709,1.81785035723375,1.85335941511451,1.88896619831551,1.93924703571547,1.95534083939306,-0.0244978829826067
35.5,"female",1.85065548691131,0.0529422341321792,0.00480785768823541,1.03533727271897,1.74950268185509,1.76546647642748,1.81540454019653,1.85091002655355,1.88651322840154,1.93678900852274,1.95288119347527,-0.0244898837181325
35.6,"female",1.84820692494537,0.0529367812589861,0.00480785768823541,1.03533727271897,1.74706453829005,1.76302668864494,1.8129596089603,1.84846143837088,1.88406097320806,1.93433157509192,1.95042210260318,-0.0244818754167127
35.7,"female",1.84575916487075,0.052931201650963,0.00480785768823541,1.03533727271897,1.74462743875917,1.76058790668192,1.81051556400025,1.8460136514702,1.88160943406848,1.93187473736321,1.94796356891121,-0.0244738580783193
35.8,"female",1.84331220758808,0.0529254959477488,0.00480785768823541,1.03533727271897,1.74219138294097,1.7581501304098,1.80807240579109,1.84356666675522,1.87915861231664,1.92941849727789,1.94550559453505,-0.0244658317029139
35.9,"female",1.84086605399796,0.0529196647896283,0.00480785768823541,1.03533727271897,1.73975637051273,1.75571335969894,1.80563013480713,1.84112048512962,1.87670850928684,1.92696285677827,1.94304818161164,-0.0244577962904687
36,"female",1.83842070500103,0.0529137088175169,0.00480785768823541,1.03533727271897,1.73732240115053,1.75327759441866,1.80318875152225,1.83867510749712,1.87425912631379,1.92450781780771,1.94059133227916,-0.0244497518409566
36.1,"female",1.83597616149791,0.052907628672946,0.00480785768823541,1.03533727271897,1.73488947452925,1.7508428344373,1.80074825640991,1.83623053476143,1.87181046473263,1.92205338231057,1.93813504867696,-0.0244416983543424
36.2,"female",1.83353242438923,0.0529014249980488,0.00480785768823541,1.03533727271897,1.73245759032266,1.74840907962224,1.79830864994317,1.83378676782625,1.86936252587888,1.91959955223217,1.93567933294553,-0.0244336358306024
36.3,"female",1.83108949457561,0.0528950984355452,0.00480785768823541,1.03533727271897,1.73002674820337,1.74597632983989,1.79586993259473,1.83134380759531,1.8669153110885,1.9171463295188,1.93322418722654,-0.0244255642697094
36.4,"female",1.82864737295767,0.052888649628728,0.00480785768823541,1.03533727271897,1.72759694784292,1.74354458495577,1.79343210483686,1.82890165497231,1.86446882169781,1.91469371611768,1.93076961366274,-0.0244174836716312
36.5,"female",1.82620606043603,0.0528820792214477,0.00480785768823541,1.03533727271897,1.72516818891178,1.74111384483449,1.79099516714151,1.82646031086098,1.8620230590435,1.91224171397695,1.92831561439795,-0.024409394036344
36.6,"female",1.82376555791133,0.0528753878580991,0.00480785768823541,1.03533727271897,1.72274047107936,1.73868410933978,1.78855911998022,1.82401977616504,1.85957802446267,1.9097903250456,1.92586219157705,-0.0244012953638225
36.7,"female",1.82132586628419,0.0528685761836061,0.00480785768823541,1.03533727271897,1.72031379401409,1.73625537833451,1.7861239638242,1.82158005178822,1.85713371929272,1.90733955127351,1.92340934734595,-0.024393187654042
36.8,"female",1.81888698645522,0.0528616448434082,0.00480785768823541,1.03533727271897,1.7178881573834,1.73382765168075,1.78368969914433,1.81914113863424,1.85469014487145,1.9048893946114,1.92095708385155,-0.0243850709069776
36.9,"female",1.81644891932506,0.0528545944834461,0.00480785768823541,1.03533727271897,1.71546356085377,1.73140092923972,1.78125632641114,1.81670303760682,1.85224730253697,1.90243985701078,1.91850540324171,-0.0243769451226036
37,"female",1.81401166579432,0.0528474257501477,0.00480785768823541,1.03533727271897,1.71304000409072,1.72897521087191,1.77882384609482,1.81426574960971,1.84980519362773,1.89999094042399,1.91605430766523,-0.0243688103008984
37.1,"female",1.81157522676364,0.052840139290414,0.00480785768823541,1.03533727271897,1.7106174867589,1.726550496437,1.77639225866529,1.81182927554664,1.84736381948251,1.89754264680411,1.91360379927183,-0.0243606664418413
37.2,"female",1.80913960313363,0.0528327357516054,0.00480785768823541,1.03533727271897,1.70819600852208,1.72412678579396,1.77396156459211,1.80939361632135,1.84492318144037,1.89509497810497,1.91115388021213,-0.0243525135454086
37.3,"female",1.80670479580492,0.0528252157815278,0.00480785768823541,1.03533727271897,1.70577556904316,1.72170407880103,1.77153176434459,1.80695877283756,1.84248328084072,1.89264793628114,1.90870455263759,-0.0243443516115787
37.4,"female",1.80427080567814,0.0528175800284186,0.00480785768823541,1.03533727271897,1.70335616798422,1.71928237531576,1.76910285839172,1.80452474599903,1.84004411902321,1.89020152328788,1.90625581870051,-0.0243361806403316
37.5,"female",1.8018376336539,0.0528098291409334,0.00480785768823541,1.03533727271897,1.70093780500655,1.71686167519502,1.76667484720224,1.8020915367095,1.83760569732781,1.88775574108114,1.903807680554,-0.024328000631649
37.6,"female",1.79940528063283,0.0528019637681318,0.00480785768823541,1.03533727271897,1.69852047977067,1.71444197829505,1.76424773124459,1.7996591458727,1.83516801709475,1.88531059161751,1.90136014035194,-0.0243198115855111
37.7,"female",1.79697374751556,0.0527939845594646,0.00480785768823541,1.03533727271897,1.69610419193634,1.71202328447143,1.76182151098697,1.79722757439239,1.83273107966453,1.88286607685424,1.89891320024897,-0.0243116135018978
37.8,"female",1.79454303520271,0.0527858921647595,0.00480785768823541,1.03533727271897,1.69368894116261,1.70960559357917,1.75939618689732,1.79479682317232,1.83029488637789,1.88042219874917,1.89646686240048,-0.0243034063807928
37.9,"female",1.79211314459491,0.0527776872342084,0.00480785768823541,1.03533727271897,1.69127472710782,1.70718890547266,1.75697175944336,1.79236689311623,1.82785943857585,1.87797895926075,1.89402112896253,-0.0242951902221796
38,"female",1.78968407659277,0.0527693704183535,0.00480785768823541,1.03533727271897,1.68886154942967,1.70477322000574,1.75454822909253,1.78993778512789,1.82542473759962,1.87553636034798,1.89157600209187,-0.0242869650260399
38.1,"female",1.78725583209692,0.0527609423680745,0.00480785768823541,1.03533727271897,1.68644940778518,1.70235853703172,1.7521255963121,1.78750950011103,1.82299078479068,1.87309440397045,1.8891314839459,-0.0242787307923583
38.2,"female",1.78482841200799,0.0527524037345747,0.00480785768823541,1.03533727271897,1.68403830183078,1.69994485640336,1.74970386156909,1.78508203896941,1.82055758149072,1.87065309208822,1.88668757668266,-0.0242704875211213
38.3,"female",1.7824018172266,0.0527437551693689,0.00480785768823541,1.03533727271897,1.68162823122228,1.69753217797296,1.74728302533031,1.7826554026068,1.81812512904161,1.86821242666191,1.88424428246077,-0.0242622352123128
38.4,"female",1.77997604865337,0.0527349973242694,0.00480785768823541,1.03533727271897,1.67921919561495,1.69512050159229,1.74486308806239,1.78022959192695,1.81569342878547,1.86577240965258,1.88180160343943,-0.0242539738659172
38.5,"female",1.77755110718893,0.0527261308513735,0.00480785768823541,1.03533727271897,1.67681119466349,1.69270982711271,1.74244405023176,1.77780460783362,1.81326248206458,1.86333304302178,1.87935954177839,-0.0242457034819218
38.6,"female",1.77512699373391,0.0527171564030504,0.00480785768823541,1.03533727271897,1.67440422802209,1.6903001543851,1.74002591230468,1.77538045123057,1.81083229022142,1.8608943287315,1.87691809963794,-0.0242374240603179
38.7,"female",1.77270370918892,0.0527080746319284,0.00480785768823541,1.03533727271897,1.67199829534445,1.68789148325996,1.73760867474723,1.77295712302156,1.80840285459863,1.85845626874414,1.87447727917886,-0.0242291356010898
38.8,"female",1.77028125445458,0.0526988861908825,0.00480785768823541,1.03533727271897,1.66959339628379,1.68548381358738,1.73519233802531,1.77053462411035,1.80597417653902,1.85601886502251,1.87203708256239,-0.0242208381042247
38.9,"female",1.76785963043154,0.0526895917330209,0.00480785768823541,1.03533727271897,1.66718953049289,1.68307714521706,1.73277690260469,1.76811295540071,1.80354625738558,1.85358211952981,1.86959751195024,-0.0242125315697147
39,"female",1.7654388380204,0.0526801919116731,0.00480785768823541,1.03533727271897,1.66478669762411,1.68067147799836,1.73036236895099,1.76569211779641,1.80111909848142,1.85114603422957,1.86715856950455,-0.024204215997545
39.1,"female",1.76301887812179,0.0526706873803773,0.00480785768823541,1.03533727271897,1.6623848973294,1.6782668117803,1.72794873752967,1.7632721122012,1.79869270116982,1.84871061108569,1.86472025738784,-0.0241958913877124
39.2,"female",1.76059975163634,0.0526610787928674,0.00480785768823541,1.03533727271897,1.65998412926035,1.67586314641158,1.72553600880608,1.76085293951886,1.79626706679416,1.84627585206237,1.86228257776304,-0.0241875577402067
39.3,"female",1.75818145946467,0.0526513668030612,0.00480785768823541,1.03533727271897,1.65758439306818,1.67346048174062,1.72312418324544,1.75843460065316,1.79384219669797,1.84384175912412,1.85984553279342,-0.0241792150550118
39.4,"female",1.75576400250741,0.0526415520650477,0.00480785768823541,1.03533727271897,1.65518568840381,1.67105881761554,1.72071326131285,1.75601709650786,1.7914180922249,1.84140833423571,1.85740912464256,-0.0241708633321255
39.5,"female",1.75334738166517,0.052631635233075,0.00480785768823541,1.03533727271897,1.65278801491784,1.66865815388423,1.71830324347333,1.75360042798673,1.78899475471867,1.83897557936221,1.85497335547438,-0.0241625025715416
39.6,"female",1.75093159783858,0.0526216169615383,0.00480785768823541,1.03533727271897,1.65039137226057,1.66625849039433,1.71589413019176,1.75118459599355,1.78657218552315,1.83654349646887,1.85253822745307,-0.0241541327732527
39.7,"female",1.74851665192827,0.0526114979049675,0.00480785768823541,1.03533727271897,1.64799576008208,1.66385982699326,1.71348592193296,1.74876960143208,1.78415038598226,1.83411208752121,1.85010374274307,-0.0241457539372508
39.8,"female",1.74610254483486,0.0526012787180151,0.00480785768823541,1.03533727271897,1.6456011780322,1.66146216352825,1.71107861916167,1.7463554452061,1.78172935744004,1.83168135448493,1.84766990350908,-0.0241373660635296
39.9,"female",1.74368927745898,0.0525909600554448,0.00480785768823541,1.03533727271897,1.64320762576053,1.65906549984634,1.70867222234255,1.74394212821938,1.77930910124056,1.82925129932591,1.84523671191599,-0.0241289691520882
40,"female",1.74127685070124,0.052580542572119,0.00480785768823541,1.03533727271897,1.64081510291651,1.65666983579442,1.70626673194017,1.74152965137568,1.77688961872799,1.82682192401019,1.8428041701289,-0.024120563202917
40.1,"female",1.73886526546228,0.0525700269229875,0.00480785768823541,1.03533727271897,1.63842360914939,1.65427517121925,1.70386214841909,1.73911801557879,1.77447091124656,1.82439323050395,1.84037228031307,-0.024112148216013
40.2,"female",1.73645452264271,0.0525594137630755,0.00480785768823541,1.03533727271897,1.6360331441083,1.65188150596745,1.70145847224377,1.73670722173248,1.77205298014054,1.8219652207735,1.8379410446339,-0.0241037241913783
40.3,"female",1.73404462314317,0.052548703747472,0.00480785768823541,1.03533727271897,1.63364370744222,1.64948883988554,1.69905570387867,1.73429727074052,1.76963582675424,1.81953789678525,1.83551046525693,-0.0240952911290054
40.4,"female",1.73163556786426,0.0525378975313183,0.00480785768823541,1.03533727271897,1.63125529880005,1.64709717281997,1.69665384378818,1.73188816350668,1.76721945243202,1.8171112605057,1.83308054434779,-0.0240868490288922
40.5,"female",1.72922735770663,0.0525269957697964,0.00480785768823541,1.03533727271897,1.62886791783061,1.6447065046171,1.6942528924367,1.72947990093474,1.76480385851824,1.81468531390141,1.83065128407218,-0.0240783978910372
40.6,"female",1.72681999357089,0.0525159991181178,0.00480785768823541,1.03533727271897,1.62648156418265,1.64231683512328,1.69185285028857,1.72707248392847,1.76238904635731,1.81226005893898,1.82822268659587,-0.0240699377154382
40.7,"female",1.72441347635766,0.0525049082315118,0.00480785768823541,1.03533727271897,1.62409623750491,1.63992816418479,1.68945371780814,1.72466591339165,1.75997501729365,1.80983549758507,1.82579475408467,-0.0240614685020995
40.8,"female",1.72200780696758,0.0524937237652146,0.00480785768823541,1.03533727271897,1.62171193744609,1.63754049164792,1.68705549545976,1.72226019022805,1.75756177267166,1.80741163180631,1.82336748870438,-0.0240529902510172
40.9,"female",1.71960298630126,0.0524824463744579,0.00480785768823541,1.03533727271897,1.61932866365491,1.63515381735897,1.68465818370777,1.71985531534145,1.75514931383576,1.80498846356935,1.82094089262081,-0.0240445029621891
41,"female",1.71719901525933,0.0524710767144581,0.00480785768823541,1.03533727271897,1.61694641578014,1.63276814116426,1.68226178301653,1.71745128963562,1.75273764213034,1.80256599484082,1.81851496799974,-0.0240360066356212
41.1,"female",1.71479589474241,0.0524596154404046,0.00480785768823541,1.03533727271897,1.61456519347056,1.63038346291015,1.67986629385042,1.71504811401433,1.7503267588998,1.80014422758727,1.81608971700689,-0.024027501271315
41.2,"female",1.71239362565113,0.0524480632074495,0.00480785768823541,1.03533727271897,1.61218499637505,1.62799978244306,1.67747171667383,1.71264578938135,1.74791666548849,1.79772316377523,1.81366514180791,-0.0240189868692691
41.3,"female",1.70999220888611,0.0524364206706966,0.00480785768823541,1.03533727271897,1.60980582414258,1.6256170996095,1.67507805195119,1.71024431664047,1.74550736324074,1.79530280537113,1.81124124456837,-0.0240104634294874
41.4,"female",1.70759164534798,0.0524246884851903,0.00480785768823541,1.03533727271897,1.60742767642223,1.62323541425606,1.67268530014697,1.70784369669546,1.74309885350082,1.79288315434131,1.8088180274537,-0.0240019309519742
41.5,"female",1.70519193593735,0.0524128673059052,0.00480785768823541,1.03533727271897,1.60505055286321,1.62085472622945,1.67029346172569,1.70544393045008,1.74069113761299,1.79046421265199,1.80639549262921,-0.0239933894367313
41.6,"female",1.70279308155486,0.0524009577877351,0.00480785768823541,1.03533727271897,1.60267445311489,1.61847503537651,1.66790253715193,1.70304501880811,1.73828421692142,1.78804598226927,1.80397364226006,-0.0239848388837635
41.7,"female",1.70039508310112,0.0523889605854829,0.00480785768823541,1.03533727271897,1.6002993768268,1.61609634154422,1.66551252689031,1.70064696267332,1.73587809277023,1.78562846515908,1.80155247851122,-0.0239762792930781
41.8,"female",1.69799794147676,0.0523768763538497,0.00480785768823541,1.03533727271897,1.59792532364868,1.61371864457973,1.66312343140553,1.69824976294949,1.73347276650348,1.78321166328722,1.79913200354747,-0.0239677106646768
41.9,"female",1.69560165758241,0.0523647057474247,0.00480785768823541,1.03533727271897,1.59555229323049,1.61134194433037,1.66073525116237,1.69585342054039,1.73106823946514,1.78079557861928,1.79671221953339,-0.0239591329985663
42,"female",1.69320623231869,0.0523524494206744,0.00480785768823541,1.03533727271897,1.5931802852224,1.60896624064367,1.65834798662568,1.69345793634978,1.72866451299911,1.77838021312065,1.79429312863329,-0.0239505462947528
42.1,"female",1.69081166658622,0.0523401080279328,0.00480785768823541,1.03533727271897,1.59080929927486,1.60659153336736,1.65596163826041,1.69106331128144,1.72626158844919,1.77596556875652,1.79187473301125,-0.0239419505532409
42.2,"female",1.68841796128563,0.0523276822233913,0.00480785768823541,1.03533727271897,1.58843933503856,1.60421782234942,1.65357620653158,1.68866954623913,1.72385946715909,1.77355164749184,1.78945703483107,-0.0239333457740403
42.3,"female",1.68602511731754,0.0523151726610879,0.00480785768823541,1.03533727271897,1.58607039216452,1.60184510743806,1.65119169190436,1.68627664212663,1.72145815047241,1.77113845129131,1.78704003625624,-0.0239247319571606
42.4,"female",1.68363313558258,0.052302579994898,0.00480785768823541,1.03533727271897,1.58370247030404,1.59947338848175,1.64880809484397,1.6838845998477,1.71905763973264,1.76872598211936,1.78462373944995,-0.023916109102606
42.5,"female",1.68124201698136,0.0522899048785238,0.00480785768823541,1.03533727271897,1.58133556910877,1.59710266532926,1.6464254158158,1.68149342030611,1.71665793628317,1.76631424194016,1.78220814657506,-0.0239074772103861
42.6,"female",1.67885176241452,0.0522771479654849,0.00480785768823541,1.03533727271897,1.5789696882307,1.59473293782964,1.64404365528532,1.67910310440562,1.71425904146725,1.76390323271755,1.77979325979406,-0.02389883628051
42.7,"female",1.67646237278267,0.0522643099091081,0.00480785768823541,1.03533727271897,1.57660482732219,1.59236420583223,1.64166281371814,1.67671365305001,1.71186095662798,1.76149295641508,1.77737908126908,-0.0238901863129875
42.8,"female",1.67407384898645,0.0522513913625182,0.00480785768823541,1.03533727271897,1.57424098603599,1.58999646918674,1.63928289158003,1.67432506714303,1.70946368310837,1.75908341499596,1.77496561316187,-0.0238815273078268
42.9,"female",1.67168619192647,0.0522383929786277,0.00480785768823541,1.03533727271897,1.57187816402526,1.58762972774318,1.63690388933686,1.67193734758844,1.70706722225126,1.75667461042308,1.77255285763373,-0.0238728592650413
43,"female",1.66929940250336,0.0522253154101278,0.00480785768823541,1.03533727271897,1.56951636094356,1.58526398135194,1.63452580745467,1.66955049529002,1.70467157539932,1.75426654465892,1.77014081684558,-0.0238641821846416
43.1,"female",1.66691348161774,0.0522121593094787,0.00480785768823541,1.03533727271897,1.56715557644491,1.58289922986377,1.63214864639966,1.66716451115151,1.70227674389511,1.75185921966564,1.76772949295787,-0.0238554960666367
43.2,"female",1.66452843017024,0.0521989253289002,0.00480785768823541,1.03533727271897,1.56479581018379,1.58053547312981,1.62977240663818,1.66477939607669,1.69988272908098,1.74945263740496,1.76531888813059,-0.0238468009110398
43.3,"female",1.66214424906148,0.0521856141203623,0.00480785768823541,1.03533727271897,1.56243706181516,1.57817271100161,1.62739708863674,1.66239515096931,1.69748953229915,1.74704679983823,1.76290900452325,-0.0238380967178625
43.4,"female",1.65976093919209,0.0521722263355761,0.00480785768823541,1.03533727271897,1.56007933099446,1.57581094333113,1.62502269286204,1.66001177673312,1.69509715489164,1.74464170892637,1.76049984429484,-0.023829383487118
43.5,"female",1.65737850146269,0.0521587626259846,0.00480785768823541,1.03533727271897,1.55772261737765,1.57345016997076,1.62264921978094,1.65762927427188,1.6927055982003,1.74223736662985,1.75809140960387,-0.0238206612188204
43.6,"female",1.6549969367739,0.0521452236427535,0.00480785768823541,1.03533727271897,1.55536692062121,1.57109039077333,1.62027666986049,1.65524764448935,1.69031486356678,1.73983377490869,1.75568370260829,-0.023811929912981
43.7,"female",1.65261624602634,0.0521316100367622,0.00480785768823541,1.03533727271897,1.5530122403822,1.56873160559215,1.61790504356795,1.65286688828929,1.68792495233256,1.73743093572247,1.7532767254655,-0.0238031895696139
43.8,"female",1.65023643012065,0.0521179224585951,0.00480785768823541,1.03533727271897,1.55065857631821,1.56637381428098,1.61553434137075,1.65048700657543,1.68553586583888,1.73502885103025,1.75087048033233,-0.0237944401887363
43.9,"female",1.64785748995745,0.0521041615585326,0.00480785768823541,1.03533727271897,1.54830592808741,1.5640170166941,1.61316456373653,1.64810800025154,1.68314760542682,1.73262752279064,1.74846496936502,-0.0237856817703616
44,"female",1.64547942643735,0.0520903279865419,0.00480785768823541,1.03533727271897,1.54595429534859,1.56166121268625,1.61079571113315,1.64572987022136,1.68076017243722,1.73022695296171,1.74606019471922,-0.0237769143145047
44.1,"female",1.64310224046099,0.0520764223922692,0.00480785768823541,1.03533727271897,1.54360367776115,1.55930640211274,1.60842778402866,1.64335261738864,1.6783735682107,1.727827143501,1.74365615854994,-0.0237681378211781
44.2,"female",1.64072593292899,0.0520624454250302,0.00480785768823541,1.03533727271897,1.54125407498511,1.55695258482936,1.60606078289136,1.64097624265712,1.67598779408768,1.72542809636555,1.74125286301157,-0.0237593522904039
44.3,"female",1.63835050474196,0.0520483977338021,0.00480785768823541,1.03533727271897,1.53890548668113,1.55459976069249,1.60369470818976,1.63860074693056,1.67360285140833,1.72302981351182,1.73885031025784,-0.0237505577221969
44.4,"female",1.63597595680055,0.0520342799672148,0.00480785768823541,1.03533727271897,1.53655791251055,1.55224792955903,1.60132956039259,1.63622613111268,1.67121874151259,1.72063229689571,1.73644850244181,-0.0237417541165704
44.5,"female",1.63360229000536,0.052020092773543,0.00480785768823541,1.03533727271897,1.5342113521354,1.54989709128648,1.59896533996884,1.63385239610724,1.66883546574015,1.71823554847254,1.73404744171584,-0.0237329414735451
44.6,"female",1.63122950525702,0.0520058368006972,0.00480785768823541,1.03533727271897,1.53186580521837,1.54754724573292,1.59660204738772,1.63147954281797,1.66645302543048,1.71583957019705,1.7316471302316,-0.0237241197931378
44.7,"female",1.62885760345617,0.051991512696216,0.00480785768823541,1.03533727271897,1.52952127142289,1.54519839275701,1.59423968311871,1.62910757214861,1.66407142192277,1.71344436402336,1.72924757014006,-0.023715289075365
44.8,"female",1.62648658550342,0.0519771211072578,0.00480785768823541,1.03533727271897,1.5271777504131,1.54285053221804,1.59187824763152,1.6267364850029,1.66169065655598,1.71104993190498,1.72684876359141,-0.0237064493202482
44.9,"female",1.62411645229939,0.0519626626805926,0.00480785768823541,1.03533727271897,1.52483524185389,1.54050366397593,1.58951774139613,1.62436628228457,1.65931073066877,1.70865627579478,1.72445071273514,-0.0236976005278052
45,"female",1.62174720474471,0.0519481380625942,0.00480785768823541,1.03533727271897,1.52249374541091,1.53815778789122,1.5871581648828,1.62199696489734,1.65693164559956,1.70626339764501,1.72205341971994,-0.0236887426980544
45.1,"female",1.61937884374,0.0519335478992322,0.00480785768823541,1.03533727271897,1.52015326075057,1.53581290382511,1.58479951856203,1.61962853374495,1.6545534026865,1.70387129940723,1.71965688669373,-0.0236798758310149
45.2,"female",1.6170113701859,0.0519188928360642,0.00480785768823541,1.03533727271897,1.51781378754009,1.53346901163945,1.5824418029046,1.61726098973114,1.65217600326743,1.70147998303234,1.71726111580363,-0.0236709999267076
45.3,"female",1.61464478498301,0.0519041735182277,0.00480785768823541,1.03533727271897,1.51547532544746,1.5311261111968,1.5800850183816,1.61489433375961,1.64979944867994,1.69908945047057,1.71486610919597,-0.0236621149851529
45.4,"female",1.61227908903198,0.051889390590433,0.00480785768823541,1.03533727271897,1.51313787414151,1.52878420236037,1.57772916546436,1.61252856673411,1.64742374026132,1.69669970367144,1.71247186901624,-0.0236532210063719
45.5,"female",1.60991428323341,0.0518745446969553,0.00480785768823541,1.03533727271897,1.5108014332919,1.52644328499409,1.57537424462453,1.61016368955834,1.64504887934854,1.69431074458377,1.71007839740907,-0.0236443179903864
45.6,"female",1.60755036848793,0.051859636481627,0.00480785768823541,1.03533727271897,1.50846600256913,1.52410335896259,1.57302025633404,1.60779970313603,1.64267486727831,1.69192257515566,1.70768569651827,-0.0236354059372176
45.7,"female",1.60518734569618,0.0518446665878306,0.00480785768823541,1.03533727271897,1.50613158164455,1.52176442413124,1.57066720106514,1.60543660837089,1.64030170538701,1.68953519733446,1.70529376848677,-0.0236264848468831
45.8,"female",1.60282521575876,0.0518296356584909,0.00480785768823541,1.03533727271897,1.50379817019041,1.51942648036613,1.56831507929036,1.60307440616665,1.63792939501072,1.68714861306681,1.70290261545659,-0.0236175547194089
45.9,"female",1.60046397957632,0.0518145443360683,0.00480785768823541,1.03533727271897,1.50146576787982,1.51708952753412,1.56596389148254,1.60071309742701,1.6355579374852,1.68476282429856,1.7005122395689,-0.0236086155548184
46,"female",1.59810363804946,0.051799393262551,0.00480785768823541,1.03533727271897,1.49913437438682,1.5147535655028,1.56361363811486,1.59835268305569,1.63318733414589,1.68237783297481,1.69812264296392,-0.0235996673531332
46.1,"female",1.59574419207882,0.0517841830794481,0.00480785768823541,1.03533727271897,1.49680398938633,1.51241859414055,1.5612643196608,1.59599316395639,1.63081758632791,1.67999364103989,1.69573382778096,-0.023590710114377
46.2,"female",1.59338564256501,0.0517689144277826,0.00480785768823541,1.03533727271897,1.49447461255424,1.51008461331652,1.55891593659417,1.59363454103281,1.62844869536605,1.6776102504373,1.69334579615839,-0.0235817438385704
46.3,"female",1.59102799040867,0.0517535879480845,0.00480785768823541,1.03533727271897,1.49214624356735,1.50775162290068,1.55656848938909,1.59127681518867,1.62608066259476,1.67522766310979,1.69095855023364,-0.0235727685257408
46.4,"female",1.58867123651041,0.0517382042803835,0.00480785768823541,1.03533727271897,1.48981888210342,1.50541962276377,1.55422197852004,1.58891998732767,1.62371348934815,1.67284588099925,1.68857209214314,-0.0235637841759114
46.5,"female",1.58631538177086,0.0517227640642026,0.00480785768823541,1.03533727271897,1.48749252784119,1.50308861277738,1.55187640446182,1.58656405835349,1.62134717696001,1.67046490604678,1.68618642402238,-0.0235547907891095
46.6,"female",1.58396042709065,0.0517072679385511,0.00480785768823541,1.03533727271897,1.48516718046039,1.50075859281388,1.54953176768958,1.58420902916984,1.61898172676376,1.66808474019262,1.68380154800583,-0.0235457883653541
46.7,"female",1.5816063733704,0.051691716541918,0.00480785768823541,1.03533727271897,1.48284283964171,1.49842956274653,1.54718806867881,1.58185490068042,1.61661714009246,1.66570538537619,1.68141746622698,-0.0235367769046718
46.8,"female",1.57925322151073,0.0516761105122654,0.00480785768823541,1.03533727271897,1.48051950506688,1.49610152244941,1.54484530790536,1.57950167378891,1.61425341827884,1.66332684353601,1.67903418081828,-0.0235277564070907
46.9,"female",1.57690097241226,0.0516604504870221,0.00480785768823541,1.03533727271897,1.47819717641863,1.49377447179745,1.54250348584543,1.577149349399,1.61189056265524,1.66094911660978,1.67665169391116,-0.0235187268726363
47,"female",1.57454962697563,0.0516447371030769,0.00480785768823541,1.03533727271897,1.47587585338073,1.49144841066646,1.54016260297558,1.57479792841438,1.60952857455366,1.6585722065343,1.67427000763602,-0.023509688301336
47.1,"female",1.57219918610145,0.0516289709967725,0.00480785768823541,1.03533727271897,1.47355553563799,1.48912333893315,1.53782265977273,1.57244741173873,1.60716745530571,1.65619611524547,1.67188912412217,-0.0235006406932111
47.2,"female",1.56984965069035,0.051613152803899,0.00480785768823541,1.03533727271897,1.47123622287628,1.48679925647507,1.53548365671417,1.57009780027574,1.60480720624264,1.6538208446783,1.6695090454979,-0.0234915840482913
47.3,"female",1.56750102164295,0.0515972831596879,0.00480785768823541,1.03533727271897,1.46891791478253,1.48447616317072,1.53314559427756,1.56774909492908,1.60244782869532,1.65144639676691,1.66712977389038,-0.0234825183666026
47.4,"female",1.56515329985988,0.0515813626988058,0.00480785768823541,1.03533727271897,1.46660061104476,1.48215405889948,1.53080847294095,1.56540129660242,1.60008932399422,1.64907277344447,1.66475131142571,-0.0234734436481762
47.5,"female",1.56280648624176,0.0515653920553482,0.00480785768823541,1.03533727271897,1.46428431135206,1.47983294354164,1.52847229318274,1.56305440619944,1.59773169346945,1.64669997664325,1.66237366022888,-0.023464359893037
47.6,"female",1.56046058168921,0.0515493718628341,0.00480785768823541,1.03533727271897,1.46196901539465,1.47751281697845,1.52613705548175,1.56070842462381,1.5953749384507,1.64432800829455,1.65999682242379,-0.0234552671012119
47.7,"female",1.55811558710286,0.0515333027541995,0.00480785768823541,1.03533727271897,1.45965472286385,1.47519367909208,1.52380276031717,1.5583633527792,1.5930190602673,1.64195687032875,1.65762080013317,-0.0234461652727307
47.8,"female",1.55577150338334,0.0515171853617918,0.00480785768823541,1.03533727271897,1.45734143345211,1.47287552976564,1.52146940816858,1.55601919156927,1.59066406024815,1.63958656467526,1.65524559547865,-0.0234370544076173
47.9,"female",1.55342833143126,0.051501020317364,0.00480785768823541,1.03533727271897,1.45502914685299,1.47055836888321,1.51913699951596,1.55367594189767,1.58830993972177,1.63721709326253,1.6528712105807,-0.0234279345059071
48,"female",1.55108607214725,0.0514848082520691,0.00480785768823541,1.03533727271897,1.45271786276123,1.46824219632982,1.51680553483968,1.55133360466808,1.58595670001626,1.63484845801802,1.65049764755863,-0.0234188055676273
48.1,"female",1.54874472643194,0.0514685497964547,0.00480785768823541,1.03533727271897,1.45040758087271,1.4659270119915,1.51447501462053,1.54899218078415,1.5836043424593,1.63248066086821,1.64812490853059,-0.0234096675928027
48.2,"female",1.54640429518594,0.0514522455804569,0.00480785768823541,1.03533727271897,1.44809830088449,1.46361281575523,1.5121454393397,1.54665167114952,1.58125286837819,1.6301137037386,1.64575299561353,-0.0234005205814685
48.3,"female",1.54406477930989,0.0514358962333954,0.00480785768823541,1.03533727271897,1.44579002249479,1.46129960750902,1.50981680947878,1.54431207666786,1.57890227909977,1.62774758855367,1.64338191092323,-0.023391364533653
48.4,"female",1.54172617970441,0.0514195023839679,0.00480785768823541,1.03533727271897,1.44348274540303,1.45898738714184,1.5074891255198,1.54197339824279,1.5765525759505,1.62538231723689,1.64101165657426,-0.0233821994493818
48.5,"female",1.53938849727012,0.0514030646602449,0.00480785768823541,1.03533727271897,1.44117646930983,1.45667615454371,1.50516238794517,1.53963563677798,1.57420376025639,1.62301789171072,1.63864223467998,-0.0233730253286898
48.6,"female",1.53705173290764,0.0513865836896643,0.00480785768823541,1.03533727271897,1.43887119391701,1.45436590960563,1.50283659723776,1.53729879317705,1.57185583334303,1.62065431389659,1.63627364735252,-0.0233638421716073
48.7,"female",1.5347158875176,0.0513700600990266,0.00480785768823541,1.03533727271897,1.43656691892762,1.45205665221965,1.50051175388083,1.53496286834366,1.56950879653556,1.61829158571487,1.63390589670281,-0.023354649978165
48.8,"female",1.53238096200062,0.0513534945144895,0.00480785768823541,1.03533727271897,1.43426364404592,1.44974838227885,1.4981878583581,1.53262786318142,1.56716265115872,1.61592970908491,1.63153898484049,-0.0233454487483924
48.9,"female",1.53004695725733,0.051336887561563,0.00480785768823541,1.03533727271897,1.43196136897742,1.44744109967734,1.4958649111537,1.53029377859398,1.56481739853678,1.61356868592499,1.629172913874,-0.0233362384823185
49,"female",1.52771387418835,0.0513202398651045,0.00480785768823541,1.03533727271897,1.42966009342889,1.44513480431031,1.4935429127522,1.52796061548496,1.56247303999358,1.61120851815235,1.62680768591047,-0.0233270191799803
49.1,"female",1.52538171369431,0.0513035520493142,0.00480785768823541,1.03533727271897,1.42735981710832,1.44282949607397,1.4912218636386,1.52562837475798,1.56012957685252,1.60884920768314,1.62444330305581,-0.0233177908414103
49.2,"female",1.52305047667583,0.05128682473773,0.00480785768823541,1.03533727271897,1.42506053972501,1.44052517486562,1.48890176429837,1.52329705731668,1.55778701043655,1.60649075643244,1.62207976741462,-0.0233085534666327
49.3,"female",1.52072016403353,0.0512700585532228,0.00480785768823541,1.03533727271897,1.42276226098949,1.43822184058362,1.48658261521738,1.52096666406466,1.55544534206815,1.60413316631424,1.61971708109021,-0.0232993070556836
49.4,"female",1.51839077666803,0.0512532541179922,0.00480785768823541,1.03533727271897,1.4204649806136,1.43591949312743,1.48426441688197,1.51863719590554,1.55310457306937,1.60177643924144,1.61735524618462,-0.0232900516085984
49.5,"female",1.51606231547997,0.0512364120535619,0.00480785768823541,1.03533727271897,1.41816869831047,1.43361813239757,1.48194716977895,1.51630865374294,1.55076470476178,1.59942057712585,1.61499426479856,-0.0232807871254056
49.6,"female",1.51373478136996,0.0512195329807747,0.00480785768823541,1.03533727271897,1.41587341379452,1.43131775829568,1.47963087439555,1.51398103848046,1.54842573846651,1.59706558187816,1.61263413903144,-0.0232715136061409
49.7,"female",1.51140817523863,0.0512026175197889,0.00480785768823541,1.03533727271897,1.41357912678148,1.42901837072448,1.47731553121948,1.51165435102171,1.54608767550422,1.59471145540795,1.61027487098133,-0.0232622310508373
49.8,"female",1.50908249798661,0.0511856662900736,0.00480785768823541,1.03533727271897,1.41128583698841,1.42671996958782,1.47500114073888,1.50932859227029,1.5437505171951,1.59235819962369,1.607916462745,-0.0232529394595243
49.9,"female",1.50675775051451,0.0511686799104043,0.00480785768823541,1.03533727271897,1.40899354413368,1.42442255479066,1.47268770344238,1.5070037631298,1.54141426485886,1.59000581643269,1.60555891641784,-0.0232436388322362
50,"female",1.50443393372297,0.0511516589988591,0.00480785768823541,1.03533727271897,1.406702247937,1.42212612623906,1.47037521981906,1.50467986450384,1.53907891981476,1.58765430774116,1.60320223409394,-0.0232343291690104
50.1,"female",1.5021110485126,0.0511346041728142,0.00480785768823541,1.03533727271897,1.40441194811941,1.41983068384025,1.46806369035848,1.502356897296,1.53674448338156,1.58530367545416,1.60084641786599,-0.0232250104698802
50.2,"female",1.49978909578402,0.0511175160489404,0.00480785768823541,1.03533727271897,1.40212264440332,1.41753622750256,1.46575311555066,1.50003486240987,1.53441095687756,1.58295392147558,1.59849146982535,-0.0232156827348767
50.3,"female",1.49746807643788,0.0511003952431986,0.00480785768823541,1.03533727271897,1.39983433651248,1.41524275713548,1.46344349588608,1.49771376074903,1.53207834162058,1.58060504770818,1.59613739206199,-0.0232063459640335
50.4,"female",1.49514799137478,0.0510832423708364,0.00480785768823541,1.03533727271897,1.397547024172,1.41295027264964,1.46113483185573,1.49539359321706,1.52974663892794,1.57825705605356,1.59378418666452,-0.0231970001573886
50.5,"female",1.49282884149535,0.0510660580463839,0.00480785768823541,1.03533727271897,1.39526070710837,1.41065877395683,1.45882712395104,1.49307436071755,1.52741585011649,1.57590994841213,1.59143185572015,-0.0231876453149756
50.6,"female",1.49051062770021,0.0510488428836503,0.00480785768823541,1.03533727271897,1.39297538504946,1.40836826096999,1.45652037266394,1.49075606415407,1.5250859765026,1.57356372668315,1.5890804013147,-0.0231782814368272
50.7,"female",1.48819335089,0.0510315974957202,0.00480785768823541,1.03533727271897,1.39069105772451,1.40607873360325,1.45421457848685,1.48843870443018,1.52275701940211,1.57121839276469,1.5867298255326,-0.0231689085229808
50.8,"female",1.48587701196533,0.0510143224949498,0.00480785768823541,1.03533727271897,1.38840772486417,1.40379019177188,1.45190974191265,1.48612228244947,1.52042898013041,1.56887394855363,1.58438013045686,-0.0231595265734712
50.9,"female",1.48356161182683,0.0509970184929637,0.00480785768823541,1.03533727271897,1.38612538620046,1.40150263539235,1.44960586343473,1.48380679911549,1.51810186000238,1.56653039594568,1.58203131816909,-0.0231501355883298
51,"female",1.48124715137512,0.0509796861006512,0.00480785768823541,1.03533727271897,1.38384404146685,1.3992160643823,1.44730294354695,1.4814922553318,1.51577566033238,1.56418773683533,1.57968339074947,-0.0231407355675969
51.1,"female",1.47893363151082,0.050962325928163,0.00480785768823541,1.03533727271897,1.38156369039817,1.39693047866058,1.44500098274368,1.47917865200197,1.5134503824343,1.56184597311588,1.57733635027677,-0.0231313265113072
51.2,"female",1.47662105313457,0.0509449385849083,0.00480785768823541,1.03533727271897,1.3792843327307,1.3946458781472,1.44269998151978,1.47686599002954,1.51112602762153,1.55950510667943,1.5749901988283,-0.0231219084194938
51.3,"female",1.47430941714698,0.050927524679551,0.00480785768823541,1.03533727271897,1.37700596820214,1.39236226276339,1.4403999403706,1.47455427031807,1.50880259720692,1.55716513941686,1.57264493847996,-0.0231124812921939
51.4,"female",1.47199872444867,0.0509100848200068,0.00480785768823541,1.03533727271897,1.37472859655161,1.39007963243158,1.43810085979199,1.4722434937711,1.50648009250284,1.55482607321782,1.5703005713062,-0.0231030451294453
51.5,"female",1.46968897594028,0.0508926196134405,0.00480785768823541,1.03533727271897,1.37245221751967,1.38779798707542,1.4358027402803,1.46993366129218,1.50415851482116,1.55248790997076,1.56795709937999,-0.0230935999312828
51.6,"female",1.46738017252243,0.0508751296662622,0.00480785768823541,1.03533727271897,1.37017683084832,1.38551732661976,1.43350558233238,1.46762477378485,1.5018378654732,1.5501506515629,1.56561452477289,-0.0230841456977423
51.7,"female",1.46507231509573,0.0508576155841253,0.00480785768823541,1.03533727271897,1.367902436281,1.38323765099066,1.43120938644559,1.46531683215263,1.49951814576982,1.54781429988021,1.56327284955496,-0.023074682429191
51.8,"female",1.46276540456075,0.050840077971923,0.00480785768823541,1.03533727271897,1.36562903356256,1.38095896011536,1.42891415311773,1.46300983729901,1.49719935702126,1.54547885680737,1.56093207579475,-0.0230652107342271
51.9,"female",1.4604594416964,0.0508225174337856,0.00480785768823541,1.03533727271897,1.36335662231763,1.37868125380067,1.42661988272546,1.46070379000579,1.4948815004156,1.54314432410618,1.55859220543767,-0.0230557330894096
52,"female",1.45815442690794,0.0508049345730782,0.00480785768823541,1.03533727271897,1.36108520179867,1.37640453148096,1.42432657527228,1.45839869068113,1.49256457676677,1.54081070316353,1.55625324005402,-0.0230462517205895
52.1,"female",1.4558503605291,0.0507873299923976,0.00480785768823541,1.03533727271897,1.35881477118808,1.37412879252035,1.42203423069072,1.45609453966167,1.49024858681664,1.53847799529354,1.55391518114109,-0.0230367669853345
52.2,"female",1.45354724289365,0.0507697042935699,0.00480785768823541,1.03533727271897,1.35654532966975,1.3718540362842,1.4197428489138,1.45379133728406,1.48793353130659,1.5361462018091,1.55157803019469,-0.0230272788836832
52.3,"female",1.45124507433532,0.0507520580776482,0.00480785768823541,1.03533727271897,1.35427687642904,1.3695802621391,1.41745242987506,1.45148908388493,1.48561941097744,1.53381532402183,1.54924178870914,-0.0230177874156728
52.4,"female",1.44894385518787,0.0507343919449099,0.00480785768823541,1.03533727271897,1.35200941065279,1.3673074694529,1.41516297350857,1.44918777980093,1.48330622656953,1.53148536324209,1.54690645817725,-0.0230082925813387
52.5,"female",1.44664358578504,0.0507167064948545,0.00480785768823541,1.03533727271897,1.34974293152933,1.3650356575947,1.41287447974891,1.44688742536867,1.48099397882264,1.52915632077898,1.54457204009035,-0.0229987943807194
52.6,"female",1.44434426646059,0.050699002326201,0.00480785768823541,1.03533727271897,1.34747743824849,1.36276482593484,1.41058694853118,1.44458802092478,1.47868266847602,1.52682819794031,1.54223853593823,-0.0229892928138539
52.7,"female",1.44204589754825,0.0506812800368865,0.00480785768823541,1.03533727271897,1.34521293000157,1.36049497384494,1.40830037979098,1.44228956680589,1.47637229626841,1.52450099603264,1.53990594720921,-0.0229797878807807
52.8,"female",1.43974847938179,0.0506635402240632,0.00480785768823541,1.03533727271897,1.34294940598138,1.35822610069788,1.40601477346447,1.43999206334863,1.474062862938,1.52217471636125,1.53757427539006,-0.0229702795815339
52.9,"female",1.43745201229494,0.0506457834840965,0.00480785768823541,1.03533727271897,1.34068686538225,1.35595820586779,1.40373012948831,1.43769551088959,1.47175436922247,1.51984936023012,1.53524352196605,-0.0229607679161511
53,"female",1.43515649662145,0.0506280104125636,0.00480785768823541,1.03533727271897,1.3384253074,1.35369128873008,1.40144644779969,1.43539990976539,1.46944681585894,1.51752492894198,1.53291368842092,-0.022951252884675
53.1,"female",1.43286193269507,0.0506102216042508,0.00480785768823541,1.03533727271897,1.33616473123196,1.35142534866144,1.39916372833633,1.43310526031265,1.46714020358401,1.51520142379825,1.53058477623689,-0.0229417344871404
53.2,"female",1.43056832084956,0.0505924176531522,0.00480785768823541,1.03533727271897,1.33390513607698,1.34916038503982,1.39688197103647,1.43081156286797,1.46483453313375,1.51287884609907,1.52825678689465,-0.0229322127235859
53.3,"female",1.42827566141865,0.0505745991524674,0.00480785768823541,1.03533727271897,1.33164652113543,1.34689639724445,1.39460117583888,1.42851881776794,1.46252980524367,1.51055719714328,1.52592972187334,-0.0229226875940485
53.4,"female",1.4259839547361,0.0505567666946003,0.00480785768823541,1.03533727271897,1.32938888560918,1.34463338465585,1.39232134268287,1.42622702534916,1.46022602064875,1.50823647822843,1.52360358265059,-0.0229131590985684
53.5,"female",1.42369320113565,0.0505389208711572,0.00480785768823541,1.03533727271897,1.32713222870166,1.34237134665581,1.39004247150827,1.42393618594822,1.45792318008344,1.50591669065077,1.52127837070246,-0.0229036272371849
53.6,"female",1.42140340095106,0.0505210622729453,0.00480785768823541,1.03533727271897,1.32487654961779,1.34011028262743,1.38776456225544,1.42164629990172,1.45562128428164,1.50359783570526,1.51895408750349,-0.022894092009936
53.7,"female",1.41911455451606,0.0505031914899709,0.00480785768823541,1.03533727271897,1.32262184756404,1.33785019195507,1.3854876148653,1.41935736754623,1.45332033397671,1.50127991468555,1.51663073452667,-0.0228845534168558
53.8,"female",1.41682666216442,0.0504853091114383,0.00480785768823541,1.03533727271897,1.32036812174842,1.3355910740244,1.38321162927927,1.41706938921835,1.45102032990146,1.49896292888397,1.51430831324344,-0.0228750114579861
53.9,"female",1.41453972422987,0.0504674157257484,0.00480785768823541,1.03533727271897,1.31811537138045,1.33333292822238,1.38093660543931,1.41478236525464,1.44872127278817,1.49664687959158,1.51198682512367,-0.022865466133369
54,"female",1.41225374104616,0.0504495119204973,0.00480785768823541,1.03533727271897,1.31586359567122,1.33107575393724,1.37866254328794,1.41249629599168,1.44642316336856,1.49433176809809,1.50966627163571,-0.0228559174430395
54.1,"female",1.40996871294705,0.050431598282475,0.00480785768823541,1.03533727271897,1.31361279383332,1.32881955055855,1.37638944276819,1.41021118176603,1.44412600237381,1.49201759569192,1.50734665424633,-0.0228463653870356
54.2,"female",1.40768464026627,0.0504136753976642,0.00480785768823541,1.03533727271897,1.31136296508091,1.32656431747714,1.37411730382364,1.40792702291427,1.44182979053456,1.48970436366017,1.50502797442074,-0.0228368099653947
54.3,"female",1.40540152333759,0.0503957438512395,0.00480785768823541,1.03533727271897,1.3091141086297,1.32431005408518,1.37184612639842,1.40564381977295,1.43953452858089,1.48739207328865,1.5027102336226,-0.0228272511781629
54.4,"female",1.40311936249474,0.0503778042275661,0.00480785768823541,1.03533727271897,1.30686622369693,1.32205675977609,1.36957591043717,1.40336157267864,1.43724021724234,1.4850807258618,1.50039343331401,-0.0228176890253747
54.5,"female",1.40083815807148,0.0503598571101989,0.00480785768823541,1.03533727271897,1.30461930950138,1.31980443394465,1.36730665588509,1.40108028196788,1.43494685724791,1.4827703226628,1.4980775749555,-0.0228081235070662
54.6,"female",1.39855791040155,0.0503419030818815,0.00480785768823541,1.03533727271897,1.30237336526341,1.31755307598691,1.36503836268791,1.39879994797722,1.43265444932602,1.48046086497347,1.49576266000602,-0.0227985546232797
54.7,"female",1.3962786198187,0.0503239427245456,0.00480785768823541,1.03533727271897,1.30012839020491,1.31530268530023,1.36277103079192,1.39652057104322,1.43036299420458,1.47815235407432,1.49344868992298,-0.0227889823740551
54.8,"female",1.39400028665668,0.0503059766193103,0.00480785768823541,1.03533727271897,1.29788438354932,1.31305326128328,1.36050466014392,1.39424215150241,1.42807249261091,1.47584479124455,1.4911356661622,-0.0227794067594294
54.9,"female",1.39172291124923,0.0502880053464807,0.00480785768823541,1.03533727271897,1.29564134452165,1.31080480333606,1.35823925069128,1.39196468969133,1.42578294527182,1.47353817776203,1.48882359017793,-0.0227698277794427
55,"female",1.38944649393011,0.0502700294855483,0.00480785768823541,1.03533727271897,1.29339927234845,1.30855731085985,1.3559748023819,1.38968818594652,1.42349435291352,1.47123251490328,1.48651246342285,-0.0227602454341355
55.1,"female",1.38717103503307,0.0502520496151897,0.00480785768823541,1.03533727271897,1.29115816625784,1.30631078325725,1.35371131516422,1.38741264060451,1.42120671626172,1.46892780394354,1.48420228734808,-0.0227506597235413
55.2,"female",1.38489653489184,0.0502340663132664,0.00480785768823541,1.03533727271897,1.28891802547948,1.30406521993218,1.35144878898723,1.38513805400181,1.41892003604155,1.46662404615669,1.48189306340316,-0.0227410706477043
55.3,"female",1.38262299384018,0.0502160801568243,0.00480785768823541,1.03533727271897,1.28667884924461,1.30182062028987,1.34918722380045,1.38286442647497,1.41663431297758,1.46432124281529,1.47958479303604,-0.0227314782066673
55.4,"female",1.38035041221184,0.0501980917220932,0.00480785768823541,1.03533727271897,1.28444063678602,1.29957698373686,1.34692661955396,1.38059175836048,1.41434954779384,1.46201939519059,1.4772774776931,-0.0227218824004646
55.5,"female",1.37807879034057,0.0501801015844869,0.00480785768823541,1.03533727271897,1.28220338733805,1.29733430968099,1.34466697619837,1.37832004999487,1.41206574121381,1.45971850455248,1.47497111881916,-0.0227122832291312
55.6,"female",1.37580812856011,0.0501621103186026,0.00480785768823541,1.03533727271897,1.27996710013661,1.29509259753145,1.34240829368485,1.37604930171465,1.40978289396042,1.45741857216956,1.47266571785746,-0.0227026806927108
55.7,"female",1.37353842720421,0.0501441184982209,0.00480785768823541,1.03533727271897,1.27773177441916,1.2928518466987,1.34015057196509,1.37377951385633,1.40750100675602,1.45511959930906,1.47036127624964,-0.0226930747912473
55.8,"female",1.37126968660661,0.0501261266963055,0.00480785768823541,1.03533727271897,1.27549740942475,1.29061205659455,1.33789381099135,1.37151068675641,1.40522008032244,1.45282158723692,1.46805779543578,-0.0226834655247759
55.9,"female",1.36900190710108,0.0501081354850035,0.00480785768823541,1.03533727271897,1.27326400439395,1.2883732266321,1.33563801071641,1.36924282075138,1.40294011538094,1.45052453721772,1.4657552768544,-0.0226738528933354
56,"female",1.36673508902135,0.0500901454356453,0.00480785768823541,1.03533727271897,1.27103155856891,1.28613535622579,1.33338317109361,1.36697591617774,1.40066111265222,1.44822845051473,1.4634537219424,-0.0226642368969617
56.1,"female",1.36446923270117,0.0500721571187445,0.00480785768823541,1.03533727271897,1.26880007119335,1.28389844479134,1.33112929207683,1.36470997337198,1.39838307285646,1.44593332838989,1.46115313213515,-0.0226546175356987
56.2,"female",1.3622043384743,0.0500541711039983,0.00480785768823541,1.03533727271897,1.26656954151254,1.28166249174581,1.32887637362049,1.3624449926706,1.39610599671324,1.44363917210381,1.45885350886641,-0.0226449948095869
56.3,"female",1.35994040667447,0.0500361879602877,0.00480785768823541,1.03533727271897,1.2643399687733,1.27942749650756,1.32662441567955,1.36018097441007,1.39382988494162,1.44134598291576,1.45655485356837,-0.0226353687186603
56.4,"female",1.35767743763544,0.0500182082556776,0.00480785768823541,1.03533727271897,1.26211135222402,1.27719345849628,1.32437341820953,1.35791791892687,1.3915547382601,1.4390537620837,1.45425716767167,-0.0226257392629622
56.5,"female",1.35541543169096,0.0500002325574174,0.00480785768823541,1.03533727271897,1.25988369111465,1.27496037713294,1.32212338116647,1.35565582655747,1.38928055738662,1.43676251086425,1.45196045260533,-0.0226161064425342
56.6,"female",1.35315438917477,0.0499822614319415,0.00480785768823541,1.03533727271897,1.25765698469669,1.27272825183987,1.31987430450697,1.35339469763836,1.38700734303858,1.43447223051271,1.44966470979684,-0.0226064702574077
56.7,"female",1.35089431042062,0.0499642954448692,0.00480785768823541,1.03533727271897,1.25543123222321,1.27049708204066,1.31762618818817,1.35113453250599,1.38473509593282,1.43218292228306,1.44736994067209,-0.0225968307076246
56.8,"female",1.34863519576227,0.0499463351610059,0.00480785768823541,1.03533727271897,1.25320643294882,1.26826686716025,1.31537903216774,1.34887533149683,1.38246381678563,1.42989458742794,1.4450761466554,-0.0225871877932298
56.9,"female",1.34637704553344,0.0499283811443436,0.00480785768823541,1.03533727271897,1.25098258612969,1.26603760662486,1.31313283640392,1.34661709494735,1.38019350631275,1.42760722719868,1.44278332916954,-0.0225775415142579
57,"female",1.34411986006791,0.0499104339580613,0.00480785768823541,1.03533727271897,1.24875969102355,1.26380929986204,1.31088760085545,1.34435982319398,1.37792416522937,1.42532084284528,1.44049148963569,-0.0225678918707458
57.1,"female",1.34186363969941,0.0498924941645257,0.00480785768823541,1.03533727271897,1.24653774688966,1.26158194630062,1.30864332548165,1.3421035165732,1.37565579425012,1.42303543561643,1.43820062947346,-0.022558238862734
57.2,"female",1.33960838476169,0.0498745623252926,0.00480785768823541,1.03533727271897,1.24431675298886,1.25935554537078,1.30640001024235,1.33984817542144,1.3733883940891,1.42075100675949,1.43591075010091,-0.0225485824902643
57.3,"female",1.3373540955885,0.049856639001107,0.00480785768823541,1.03533727271897,1.24209670858352,1.25713009650395,1.30415765509794,1.33759380007514,1.37112196545984,1.41846755752049,1.43362185293452,-0.0225389227533761
57.4,"female",1.33510077251358,0.0498387247519047,0.00480785768823541,1.03533727271897,1.23987761293756,1.2549055991329,1.30191626000934,1.33534039087076,1.36885650907534,1.41618508914417,1.43133393938921,-0.0225292596521029
57.5,"female",1.3328484158707,0.0498208201368128,0.00480785768823541,1.03533727271897,1.23765946531645,1.2526820526917,1.29967582493801,1.33308794814472,1.36659202564805,1.41390360287394,1.42904701087835,-0.022519593186486
57.6,"female",1.33059702599358,0.0498029257141509,0.00480785768823541,1.03533727271897,1.23544226498718,1.25045945661569,1.29743634984595,1.33083647223346,1.36432851588985,1.4116230999519,1.42676106881374,-0.0225099233565648
57.7,"female",1.32834660321599,0.0497850420414325,0.00480785768823541,1.03533727271897,1.23322601121832,1.24823781034154,1.29519783469568,1.32858596347341,1.36206598051211,1.40934358161883,1.42447611460563,-0.0225002501623799
57.8,"female",1.32609714787167,0.0497671696753657,0.00480785768823541,1.03533727271897,1.23101070327995,1.2460171133072,1.2929602794503,1.32633642220099,1.35980442022562,1.4070650491142,1.42219214966271,-0.0224905736039698
57.9,"female",1.32384866029437,0.0497493091718549,0.00480785768823541,1.03533727271897,1.22879634044368,1.24379736495191,1.29072368407339,1.32408784875262,1.35754383574065,1.40478750367618,1.41990917539211,-0.0224808936813666
58,"female",1.32160114081783,0.0497314610860018,0.00480785768823541,1.03533727271897,1.22658292198269,1.24157856471622,1.28848804852909,1.32184024346471,1.35528422776693,1.40251094654165,1.41762719319942,-0.0224712103946142
58.1,"female",1.31935458977581,0.0497136259721067,0.00480785768823541,1.03533727271897,1.22437044717165,1.23936071204195,1.2862533727821,1.31959360667369,1.35302559701361,1.40023537894614,1.41534620448869,-0.0224615237437539
58.2,"female",1.31710900750205,0.0496958043836705,0.00480785768823541,1.03533727271897,1.22215891528677,1.23714380637221,1.2840196567976,1.31734793871596,1.35076794418934,1.39796080212393,1.41306621066242,-0.0224518337288198
58.3,"female",1.3148643943303,0.0496779968733954,0.00480785768823541,1.03533727271897,1.21994832560581,1.2349278471514,1.28178690054133,1.31510323992793,1.34851127000221,1.39568721730796,1.41078721312155,-0.0224421403498492
58.4,"female",1.3126207505943,0.049660203993187,0.00480785768823541,1.03533727271897,1.21773867740802,1.2327128338252,1.27955510397957,1.31285951064599,1.34625557515978,1.39341462572991,1.40850921326552,-0.0224324436068842
58.5,"female",1.31037807662782,0.0496424262941559,0.00480785768823541,1.03533727271897,1.21552996997419,1.23049876584057,1.27732426707912,1.31061675120655,1.34400086036905,1.39114302862014,1.4062322124922,-0.0224227434999621
58.6,"female",1.30813637276459,0.049624664326619,0.00480785768823541,1.03533727271897,1.21332220258661,1.22828564264575,1.27509438980729,1.308374961946,1.3417471263365,1.38887242720772,1.40395621219794,-0.0224130400291186
58.7,"female",1.30589563933836,0.0496069186401015,0.00480785768823541,1.03533727271897,1.2111153745291,1.22607346369025,1.27286547213195,1.30613414320073,1.33949437376809,1.38660282272045,1.40168121377756,-0.0224033331943912
58.8,"female",1.30365587668288,0.0495891897833389,0.00480785768823541,1.03533727271897,1.20890948508697,1.22386222842484,1.27063751402146,1.30389429530712,1.3372426033692,1.38433421638484,1.39940721862436,-0.0223936229958215
58.9,"female",1.30141708513189,0.0495714783042784,0.00480785768823541,1.03533727271897,1.20670453354705,1.22165193630159,1.26841051544475,1.30165541860157,1.33499181584472,1.38206660942609,1.39713422813012,-0.0223839094334463
59,"female",1.29917926501916,0.0495537847500811,0.00480785768823541,1.03533727271897,1.20450051919767,1.2194425867738,1.26618447637122,1.29941751342043,1.33274201189899,1.37980000306816,1.39486224368508,-0.0223741925073026
59.1,"female",1.29694241667842,0.0495361096671239,0.00480785768823541,1.03533727271897,1.20229744132865,1.21723417929605,1.26395939677084,1.2971805801001,1.33049319223581,1.37753439853372,1.39259126667801,-0.0223644722174296
59.2,"female",1.29470654044342,0.0495184536010017,0.00480785768823541,1.03533727271897,1.20009529923132,1.21502671332417,1.26173527661407,1.29494461897695,1.32824535755846,1.37526979704415,1.39032129849611,-0.0223547485638625
59.3,"female",1.29247163664791,0.0495008170965293,0.00480785768823541,1.03533727271897,1.19789409219848,1.21282018831526,1.25951211587191,1.29270963038733,1.3259985085697,1.37300619981959,1.38805234052514,-0.0223450215466363
59.4,"female",1.29023770562564,0.0494832006977435,0.00480785768823541,1.03533727271897,1.19569381952444,1.21061460372766,1.25728991451585,1.29047561466762,1.32375264597174,1.37074360807889,1.38578439414929,-0.0223352911657956
59.5,"female",1.28800474771036,0.0494656049479057,0.00480785768823541,1.03533727271897,1.19349448050496,1.20840995902095,1.25506867251793,1.28824257215417,1.32150777046629,1.36848202303965,1.38351746075131,-0.022325557421374
59.6,"female",1.28577276323581,0.0494480303895037,0.00480785768823541,1.03533727271897,1.19129607443732,1.20620625365597,1.25284838985068,1.28601050318335,1.31926388275452,1.36622144591822,1.38125154171243,-0.0223158203134041
59.7,"female",1.28354175253575,0.0494304775642544,0.00480785768823541,1.03533727271897,1.18909860062023,1.2040034870948,1.25062906648715,1.28377940809149,1.31702098353708,1.36396187792967,1.37898663841239,-0.0223060798419321
59.8,"female",1.28131171594392,0.049412947013106,0.00480785768823541,1.03533727271897,1.1869020583539,1.20180165880075,1.24841070240092,1.28154928721496,1.31477907351411,1.36170332028785,1.37672275222945,-0.0222963360069888
59.9,"female",1.27908265379406,0.0493954392762405,0.00480785768823541,1.03533727271897,1.18470644693998,1.19960076823836,1.24619329756605,1.27932014089009,1.31253815338521,1.35944577420534,1.37445988454039,-0.0222865888086107
60,"female",1.27685456641993,0.0493779548930765,0.00480785768823541,1.03533727271897,1.18251176568161,1.1974008148734,1.24397685195713,1.27709196945324,1.31029822384949,1.35718924089348,1.37219803672052,-0.022276838246836
60.1,"female",1.27462745415528,0.0493604944022711,0.00480785768823541,1.03533727271897,1.18031801388335,1.19520179817288,1.24176136554924,1.27486477324073,1.30805928560553,1.3549337215624,1.36993721014368,-0.0222670843217018
60.2,"female",1.27240131733385,0.0493430583417233,0.00480785768823541,1.03533727271897,1.17812519085123,1.19300371760501,1.23954683831799,1.2726385525889,1.30582133935138,1.35267921742095,1.36767740618223,-0.0222573270332454
60.3,"female",1.27017615628939,0.0493256472485762,0.00480785768823541,1.03533727271897,1.17593329589272,1.19080657263922,1.23733327023946,1.27041330783408,1.30358438578461,1.35042572967679,1.3654186262071,-0.0222475663814985
60.4,"female",1.26795197135565,0.0493082616592198,0.00480785768823541,1.03533727271897,1.17374232831672,1.18861036274617,1.23512066129026,1.2681890393126,1.30134842560226,1.34817325953633,1.36316087158774,-0.0222378023665012
60.5,"female",1.26572876286637,0.0492909021092942,0.00480785768823541,1.03533727271897,1.17155228743358,1.1864150873977,1.23290901144749,1.26596574736078,1.29911345950087,1.34592180820477,1.36090414369215,-0.0222280349882894
60.6,"female",1.26350653115531,0.0492735691336919,0.00480785768823541,1.03533727271897,1.16936317255506,1.18422074606687,1.23069832068875,1.26374343231494,1.29687948817647,1.3436713768861,1.35864844388692,-0.0222182642468979
60.7,"female",1.26128527655622,0.0492562632665612,0.00480785768823541,1.03533727271897,1.16717498299436,1.18202733822794,1.22848858899211,1.2615220945114,1.29464651232457,1.34142196678309,1.35639377353716,-0.022208490142363
60.8,"female",1.25906499940283,0.0492389850413087,0.00480785768823541,1.03533727271897,1.16498771806608,1.17983486335635,1.22627981633618,1.25930173428647,1.29241453264022,1.3391735790973,1.35414013400659,-0.0221987126747197
60.9,"female",1.25684570002891,0.0492217349906031,0.00480785768823541,1.03533727271897,1.16280137708624,1.17764332092874,1.22407200270003,1.25708235197645,1.29018354981793,1.33692621502909,1.35188752665746,-0.0221889318440024
61,"female",1.25462737876819,0.0492045136463774,0.00480785768823541,1.03533727271897,1.16061595937226,1.17545271042292,1.22186514806322,1.25486394791767,1.28795356455172,1.33467987577765,1.34963595285063,-0.0221791476502494
61.1,"female",1.25241003595443,0.0491873215398327,0.00480785768823541,1.03533727271897,1.15843146424296,1.17326303131789,1.2196592524058,1.2526465224464,1.28572457753514,1.33243456254093,1.34738541394555,-0.022169360093491
61.2,"female",1.25019367192137,0.0491701592014412,0.00480785768823541,1.03533727271897,1.15624789101857,1.17107428309381,1.21745431570833,1.25043007589897,1.28349658946121,1.33019027651574,1.34513591130025,-0.0221595691737691
61.3,"female",1.24797828700276,0.0491530271609494,0.00480785768823541,1.03533727271897,1.15406523902067,1.16888646523204,1.21525033795182,1.24821460861165,1.28126960102247,1.32794701889769,1.34288744627135,-0.0221497748911153
61.4,"female",1.24576388153235,0.0491359259473815,0.00480785768823541,1.03533727271897,1.15188350757225,1.16669957721505,1.21304731911777,1.24600012092075,1.279043612911,1.32570479088121,1.34064002021409,-0.0221399772455596
61.5,"female",1.24355045584389,0.0491188560890429,0.00480785768823541,1.03533727271897,1.14970269599767,1.16451361852651,1.21084525918817,1.24378661316254,1.27681862581834,1.32346359365956,1.33839363448232,-0.0221301762371414
61.6,"female",1.24133801027112,0.0491018181135235,0.00480785768823541,1.03533727271897,1.14752280362264,1.16232858865123,1.20864415814548,1.24157408567332,1.2745946404356,1.32122342842485,1.33614829042852,-0.0221203718658932
61.7,"female",1.2391265451478,0.0490848125477012,0.00480785768823541,1.03533727271897,1.14534382977424,1.16014448707516,1.20644401597262,1.23936253878936,1.27237165745337,1.31898429636802,1.33390398940376,-0.0221105641318536
61.8,"female",1.23691606080767,0.0490678399177456,0.00480785768823541,1.03533727271897,1.14316577378092,1.15796131328538,1.20424483265301,1.23715197284695,1.27014967756177,1.31674619867887,1.33166073275777,-0.0221007530350508
61.9,"female",1.23470655758448,0.0490509007491212,0.00480785768823541,1.03533727271897,1.14098863497245,1.15577906677014,1.20204660817051,1.23494238818235,1.26792870145044,1.31450913654604,1.32941852183893,-0.0220909385755205
62,"female",1.23249803581197,0.0490339955665918,0.00480785768823541,1.03533727271897,1.13881241267995,1.15359774701876,1.19984934250947,1.23273378513184,1.26570872980857,1.31227311115702,1.32717735799423,-0.0220811207532975
62.1,"female",1.2302904958239,0.0490171248942236,0.00480785768823541,1.03533727271897,1.13663710623588,1.15141735352175,1.19765303565469,1.23052616403169,1.26348976332484,1.3100381236982,1.32493724256934,-0.0220712995684122
62.2,"female",1.22808393795402,0.0490002892553891,0.00480785768823541,1.03533727271897,1.13446271497401,1.14923788577069,1.19545768759144,1.22831952521816,1.26127180268749,1.30780417535481,1.32269817690859,-0.0220614750209019
62.3,"female",1.22587836253607,0.0489834891727711,0.00480785768823541,1.03533727271897,1.13228923822945,1.14705934325827,1.19326329830545,1.22611386902751,1.25905484858427,1.30557126731097,1.32046016235496,-0.0220516471107983
62.4,"female",1.22367376990379,0.0489667251683666,0.00480785768823541,1.03533727271897,1.1301166753386,1.14488172547831,1.19106986778289,1.223909195796,1.25683890170248,1.30333940074968,1.31822320025013,-0.0220418158381316
62.5,"female",1.22147016039095,0.0489499977634906,0.00480785768823541,1.03533727271897,1.12794502563917,1.14270503192572,1.18887739601041,1.22170550585988,1.25462396272895,1.30110857685284,1.31598729193444,-0.0220319812029376
62.6,"female",1.21926753433128,0.0489333074787802,0.00480785768823541,1.03533727271897,1.12577428847016,1.14052926209647,1.18668588297509,1.21950279955541,1.25241003235007,1.29887879680123,1.31375243874693,-0.0220221432052489
62.7,"female",1.21706589205853,0.0489166548341985,0.00480785768823541,1.03533727271897,1.12360446317187,1.13835441548766,1.18449532866447,1.21730107721883,1.25019711125175,1.29665006177455,1.31151864202535,-0.0220123018450962
62.8,"female",1.21486523390646,0.048900040349039,0.00480785768823541,1.03533727271897,1.12143554908587,1.13618049159745,1.18230573306653,1.21510033918639,1.24798520011945,1.29442237295141,1.30928590310615,-0.0220024571225102
62.9,"female",1.21266556020881,0.0488834645419296,0.00480785768823541,1.03533727271897,1.11926754555501,1.13400748992504,1.1801170961697,1.21290058579433,1.24577429963819,1.29219573150932,1.30705422332448,-0.0219926090375274
63,"female",1.21046687129932,0.0488669279308367,0.00480785768823541,1.03533727271897,1.11710045192339,1.13183540997075,1.17792941796284,1.21070181737889,1.24356441049253,1.28997013862473,1.30482360401423,-0.0219827575901751
63.1,"female",1.20826916751175,0.04885043103307,0.00480785768823541,1.03533727271897,1.11493426753637,1.12966425123591,1.17574269843526,1.2085040342763,1.2413555333666,1.28774559547302,1.30259404650802,-0.0219729027804857
63.2,"female",1.20607244917985,0.0488339743652859,0.00480785768823541,1.03533727271897,1.11276899174057,1.12749401322293,1.1735569375767,1.20630723682279,1.23914766894408,1.2855221032285,1.3003655521372,-0.0219630446084955
63.3,"female",1.20387671663735,0.048817558443493,0.00480785768823541,1.03533727271897,1.11060462388384,1.12532469543525,1.17137213537732,1.2041114253546,1.2369408179082,1.28329966306443,1.29813812223188,-0.0219531830742286
63.4,"female",1.20168197021802,0.0488011837830557,0.00480785768823541,1.03533727271897,1.10844116331525,1.12315629737734,1.16918829182773,1.20191660020794,1.23473498094177,1.28107827615303,1.29591175812092,-0.021943318177717
63.5,"female",1.1994882102556,0.048784850898699,0.00480785768823541,1.03533727271897,1.10627860938511,1.12098881855472,1.16700540691894,1.19972276171905,1.23253015872716,1.27885794366546,1.29368646113194,-0.0219334499189924
63.6,"female",1.19729543708383,0.0487685603045132,0.00480785768823541,1.03533727271897,1.10411696144492,1.11882225847391,1.16482348064242,1.19752991022415,1.23032635194632,1.27663866677186,1.29146223259135,-0.0219235782980884
63.7,"female",1.19510365103646,0.0487523125139582,0.00480785768823541,1.03533727271897,1.10195621884741,1.11665661664246,1.16264251299002,1.19533804605944,1.22812356128075,1.27442044664136,1.28923907382433,-0.0219137033150345
63.8,"female",1.19291285244725,0.0487361080398686,0.00480785768823541,1.03533727271897,1.0997963809465,1.11449189256891,1.16046250395403,1.19314716956114,1.22592178741155,1.27220328444203,1.28701698615485,-0.0219038249698549
63.9,"female",1.19072304164994,0.0487199473944578,0.00480785768823541,1.03533727271897,1.09763744709727,1.11232808576281,1.15828345352714,1.19095728106547,1.22372103101938,1.26998718134097,1.28479597090569,-0.0218939432625828
64,"female",1.18853421897828,0.0487038310893233,0.00480785768823541,1.03533727271897,1.09547941665601,1.11016519573471,1.15610536170246,1.18876838090862,1.22152129278451,1.26777213850427,1.28257602939844,-0.0218840581932494
64.1,"female",1.18634638476601,0.0486877596354513,0.00480785768823541,1.03533727271897,1.09332228898017,1.10800322199613,1.15392822847351,1.18658046942682,1.21932257338676,1.26555815709701,1.2803571629535,-0.0218741697618826
64.2,"female",1.18415953934689,0.0486717335432218,0.00480785768823541,1.03533727271897,1.09116606342833,1.10584216405956,1.1517520538342,1.18439354695625,1.21712487350557,1.26334523828329,1.27813937289012,-0.0218642779685127
64.3,"female",1.18197368305466,0.0486557533224131,0.00480785768823541,1.03533727271897,1.08901073936027,1.10368202143847,1.14957683777885,1.18220761383311,1.21492819381995,1.26113338322624,1.27592266052636,-0.0218543828131664
64.4,"female",1.17978881622307,0.0486398194822072,0.00480785768823541,1.03533727271897,1.08685631613686,1.10152279364729,1.14740258030218,1.18002267039361,1.21273253500853,1.258922593088,1.27370702717916,-0.0218444842958717
64.5,"female",1.17760493918587,0.0486239325311945,0.00480785768823541,1.03533727271897,1.08470279312013,1.0993644802014,1.1452292813993,1.17783871697394,1.21053789774952,1.25671286902979,1.27149247416428,-0.0218345824166589
64.6,"female",1.17542205227681,0.0486080929773794,0.00480785768823541,1.03533727271897,1.08255016967323,1.09720708061712,1.1430569410657,1.17565575391028,1.20834428272074,1.25450421221182,1.26927900279638,-0.0218246771755567
64.7,"female",1.17324015582963,0.0485923013281849,0.00480785768823541,1.03533727271897,1.0803984451604,1.0950505944117,1.14088555929727,1.17347378153883,1.20615169059961,1.25229662379339,1.26706661438899,-0.0218147685725886
64.8,"female",1.17105925017808,0.048576558090458,0.00480785768823541,1.03533727271897,1.07824761894699,1.09289502110334,1.13871513609029,1.17129280019576,1.20396012206317,1.25009010493286,1.26485531025452,-0.0218048566077874
64.9,"female",1.16887933565592,0.048560863770475,0.00480785768823541,1.03533727271897,1.07609769039946,1.09074036021112,1.13654567144139,1.16911281021727,1.20176957778806,1.24788465678765,1.26264509170428,-0.021794941281181
65,"female",1.16670041259688,0.048545218873947,0.00480785768823541,1.03533727271897,1.07394865888532,1.08858661125507,1.13437716534762,1.16693381193953,1.19958005845056,1.24568028051427,1.2604359600485,-0.0217850225927897
65.1,"female",1.16452248133472,0.0485296239060248,0.00480785768823541,1.03533727271897,1.07180052377318,1.0864337737561,1.13220961780636,1.16475580569871,1.19739156472655,1.24347697726831,1.25822791659631,-0.0217751005426456
65.2,"female",1.16234554220319,0.0485140793713046,0.00480785768823541,1.03533727271897,1.06965328443267,1.08428184723601,1.13004302881539,1.162578791831,1.19520409729155,1.24127474820447,1.25602096265579,-0.0217651751307743
65.3,"female",1.16016959553603,0.0484985857738335,0.00480785768823541,1.03533727271897,1.06750694023451,1.08213083121749,1.12787739837285,1.16040277067256,1.19301765682068,1.23907359447655,1.25381509953394,-0.0217552463571999
65.4,"female",1.15799464166699,0.0484831436171149,0.00480785768823541,1.03533727271897,1.06536149055043,1.0799807252241,1.12571272647722,1.15822774255956,1.19083224398872,1.23687351723746,1.25161032853671,-0.0217453142219523
65.5,"female",1.15582068092982,0.0484677534041142,0.00480785768823541,1.03533727271897,1.06321693475321,1.07783152878028,1.12354901312736,1.15605370782817,1.18864785947007,1.23467451763924,1.24940665096904,-0.0217353787250553
65.6,"female",1.15364771365826,0.0484524156372642,0.00480785768823541,1.03533727271897,1.06107327221663,1.07568324141131,1.12138625832248,1.15388066681455,1.18646450393879,1.23247659683306,1.2472040681348,-0.0217254398665331
65.7,"female",1.15147574018607,0.0484371308184709,0.00480785768823541,1.03533727271897,1.05893050231548,1.07353586264333,1.11922446206215,1.15170861985486,1.18428217806856,1.23027975596924,1.24500258133688,-0.0217154976464115
65.8,"female",1.149304760847,0.0484218994491196,0.00480785768823541,1.03533727271897,1.05678862442556,1.0713893920033,1.11706362434626,1.14953756728527,1.18210088253271,1.22808399619725,1.24280219187715,-0.0217055520647177
65.9,"female",1.14713477597478,0.0484067220300798,0.00480785768823541,1.03533727271897,1.05464763792364,1.06924382901903,1.11490374517507,1.14736750944192,1.17992061800424,1.22588931866572,1.24060290105647,-0.0216956031214729
66,"female",1.14496578590318,0.0483915990617119,0.00480785768823541,1.03533727271897,1.05250754218746,1.06709917321915,1.11274482454917,1.14519844666097,1.17774138515578,1.22369572452245,1.23840471017473,-0.021685650816703
66.1,"female",1.14279779096593,0.0483765310438727,0.00480785768823541,1.03533727271897,1.05036833659573,1.06495542413307,1.11058686246949,1.14303037927858,1.17556318465964,1.22150321491442,1.23620762053086,-0.0216756951504357
66.2,"female",1.14063079149678,0.0483615184759213,0.00480785768823541,1.03533727271897,1.04823002052811,1.06281258129105,1.10842985893726,1.14086330763088,1.17338601718777,1.2193117909878,1.2340116334228,-0.0216657361226854
66.3,"female",1.13846478782949,0.0483465618567253,0.00480785768823541,1.03533727271897,1.04609259336521,1.06067064422409,1.1062738139541,1.13869723205404,1.17120988341182,1.21712145388798,1.23181675014758,-0.021655773733483
66.4,"female",1.13629978029781,0.0483316616846666,0.00480785768823541,1.03533727271897,1.04395605448854,1.058529612464,1.10411872752188,1.13653215288419,1.16903478400308,1.21493220475952,1.22962297200124,-0.0216458079828549
66.5,"female",1.13413576923547,0.0483168184576477,0.00480785768823541,1.03533727271897,1.04182040328055,1.05638948554337,1.10196459964285,1.13436807045747,1.16686071963252,1.21274404474623,1.22743030027895,-0.0216358388708161
66.6,"female",1.13197275497623,0.0483020326730976,0.00480785768823541,1.03533727271897,1.03968563912459,1.05425026299552,1.09981143031955,1.13220498511002,1.16468769097081,1.21055697499114,1.22523873627493,-0.0216258663973931
66.7,"female",1.12981073785383,0.0482873048279785,0.00480785768823541,1.03533727271897,1.0375517614049,1.05211194435455,1.09765921955482,1.13004289717799,1.16251569868829,1.20837099663653,1.2230482812825,-0.0216158905626048
66.8,"female",1.12764971820203,0.0482726354187912,0.00480785768823541,1.03533727271897,1.0354187695066,1.04997452915529,1.09550796735182,1.1278818069975,1.16034474345498,1.20618611082393,1.2208589365941,-0.0216059113664754
66.9,"female",1.12548969635457,0.0482580249415823,0.00480785768823541,1.03533727271897,1.03328666281567,1.04783801693331,1.09335767371402,1.12572171490469,1.1581748259406,1.2040023186941,1.2186707035013,-0.0215959288090325
67,"female",1.1233306726452,0.0482434738919502,0.00480785768823541,1.03533727271897,1.03115544071896,1.04570240722487,1.09120833864518,1.1235626212357,1.15600594681457,1.20181962138711,1.21648358329479,-0.0215859428902899
67.1,"female",1.12117264740766,0.0482289827650511,0.00480785768823541,1.03533727271897,1.02902510260416,1.04356769956699,1.08905996214935,1.12140452632664,1.15383810674601,1.19963802004229,1.21429757726441,-0.0215759536102663
67.2,"female",1.11901562097572,0.0482145520556062,0.00480785768823541,1.03533727271897,1.02689564785979,1.04143389349736,1.08691254423087,1.11924743051364,1.15167130640374,1.19745751579826,1.21211268669916,-0.0215659609689919
67.3,"female",1.1168595936831,0.0482001822579076,0.00480785768823541,1.03533727271897,1.0247670758752,1.03930098855435,1.08476608489437,1.11709133413284,1.14950554645629,1.19527810979297,1.20992891288721,-0.0215559649664828
67.4,"female",1.11470456586357,0.0481858738658253,0.00480785768823541,1.03533727271897,1.02263938604052,1.03716898427705,1.08262058414477,1.11493623752035,1.14734082757191,1.19309980316364,1.20774625711593,-0.0215459656027558
67.5,"female",1.11255053785087,0.0481716273728133,0.00480785768823541,1.03533727271897,1.02051257774671,1.03503788020517,1.08047604198725,1.11278214101229,1.14517715041855,1.19092259704684,1.20556472067185,-0.0215359628778357
67.6,"female",1.11039750997874,0.0481574432719169,0.00480785768823541,1.03533727271897,1.01838665038548,1.03290767587912,1.07833245842727,1.11062904494478,1.14301451566392,1.18874649257848,1.20338430484076,-0.0215259567917389
67.7,"female",1.10824548258095,0.0481433220557789,0.00480785768823541,1.03533727271897,1.01626160334932,1.03077837083994,1.07618983347057,1.10847694965394,1.14085292397541,1.18657149089379,1.20120501090764,-0.0215159473444834
67.8,"female",1.10609445599122,0.0481292642166466,0.00480785768823541,1.03533727271897,1.01413743603149,1.02864996462929,1.07404816712312,1.10632585547588,1.13869237602019,1.18439759312739,1.1990268401567,-0.021505934536091
67.9,"female",1.10394443054332,0.0481152702463785,0.00480785768823541,1.03533727271897,1.01201414782598,1.02652245678948,1.07190745939118,1.10417576274672,1.13653287246513,1.18222480041323,1.19684979387143,-0.0214959183665827
68,"female",1.10179540657099,0.0481013406364514,0.00480785768823541,1.03533727271897,1.0098917381275,1.02439584686343,1.06976771028126,1.10202667180257,1.13437441397686,1.18005311388467,1.19467387333457,-0.0214858988359713
68.1,"female",1.09964738440797,0.0480874758779669,0.00480785768823541,1.03533727271897,1.00777020633149,1.02227013439466,1.06762891980011,1.09987858297953,1.13221700122174,1.17788253467445,1.19249907982811,-0.0214758759442776
68.2,"female",1.09750036438803,0.048073676461659,0.00480785768823541,1.03533727271897,1.00564955183409,1.02014531892727,1.06549108795472,1.09773149661371,1.13006063486591,1.17571306391471,1.19032541463338,-0.0214658496915185
68.3,"female",1.09535434684489,0.0480599428779003,0.00480785768823541,1.03533727271897,1.00352977403212,1.01802140000597,1.06335421475235,1.09558541304122,1.12790531557524,1.17354470273699,1.18815287903096,-0.0214558200777101
68.4,"female",1.09320933211232,0.0480462756167098,0.00480785768823541,1.03533727271897,1.0014108723231,1.015898377176,1.06121830020045,1.09344033259817,1.12575104401536,1.17137745227228,1.18598147430078,-0.0214457871028703
68.5,"female",1.09106532052406,0.0480326751677598,0.00480785768823541,1.03533727271897,0.999292846105198,1.0137762499832,1.05908334430674,1.09129625562065,1.12359782085168,1.16921131365098,1.1838112017221,-0.0214357507670128
68.6,"female",1.08892231241386,0.0480191420203829,0.00480785768823541,1.03533727271897,0.997175694777219,1.01165501797392,1.05694934707915,1.08915318244477,1.12144564674937,1.16704628800296,1.1816420625735,-0.0214257110701574
68.7,"female",1.08678030811546,0.0480056766635794,0.00480785768823541,1.03533727271897,0.99505941773862,1.00953468069508,1.05481630852583,1.08701111340662,1.11929452237337,1.16488237645754,1.17947405813295,-0.0214156680123209
68.8,"female",1.08463930796262,0.0479922795860245,0.00480785768823541,1.03533727271897,0.992944014389473,1.00741523769408,1.05268422865516,1.0848700488423,1.11714444838843,1.1627195801435,1.17730718967777,-0.0214056215935185
68.9,"female",1.08249931228908,0.0479789512760756,0.00480785768823541,1.03533727271897,0.990829484130456,1.00529668851887,1.05055310747571,1.08272998908791,1.11499542545904,1.16055790018913,1.17514145848468,-0.0213955718137612
69,"female",1.08036032142859,0.0479656922217798,0.00480785768823541,1.03533727271897,0.988715826362844,1.00317903271788,1.04842294499627,1.08059093447955,1.11284745424951,1.15839733772218,1.17297686582978,-0.0213855186730661
69.1,"female",1.0782223357149,0.0479525029108815,0.00480785768823541,1.03533727271897,0.986603040488488,1.00106226984004,1.04629374122583,1.0784528853533,1.11070053542394,1.15623789386994,1.17081341298861,-0.0213754621714465
69.2,"female",1.07608535548175,0.0479393838308293,0.00480785768823541,1.03533727271897,0.984491125909803,0.99894639943474,1.04416549617357,1.07631584204526,1.10855466964623,1.15407956975919,1.16865110123612,-0.0213654023089191
69.3,"female",1.0739493810629,0.047926335468784,0.00480785768823541,1.03533727271897,0.982380082029754,0.996831421051839,1.04203820984888,1.07417980489152,1.10640985758007,1.15192236651627,1.16648993184673,-0.0213553390854945
69.4,"female",1.0718144127921,0.0479133583116262,0.00480785768823541,1.03533727271897,0.980269908251845,0.994717334241652,1.03991188226132,1.07204477422816,1.10426609988898,1.14976628526705,1.16432990609428,-0.0213452725011862
69.5,"female",1.06968045100308,0.0479004528459638,0.00480785768823541,1.03533727271897,0.978160603980096,0.992604138554929,1.03778651342064,1.06991075039128,1.10212339723628,1.14761132713695,1.16217102525212,-0.0213352025560133
69.6,"female",1.0675474960296,0.0478876195581395,0.00480785768823541,1.03533727271897,0.976052168619038,0.990491833542847,1.03566210333675,1.06777773371696,1.09998175028512,1.14545749325097,1.16001329059307,-0.0213251292499813
69.7,"female",1.06541554820541,0.0478748589342389,0.00480785768823541,1.03533727271897,0.973944601573689,0.988380418756996,1.03353865201975,1.06564572454128,1.09784115969848,1.14330478473369,1.15785670338946,-0.0213150525831027
69.8,"female",1.06328460786426,0.0478621714600982,0.00480785768823541,1.03533727271897,0.971837902249548,0.986269893749369,1.0314161594799,1.06351472320034,1.09570162613917,1.14115320270927,1.15570126491312,-0.0213049725553912
69.9,"female",1.06115467533988,0.0478495576213117,0.00480785768823541,1.03533727271897,0.969732070052573,0.984160258072347,1.02929462572763,1.0613847300302,1.09356315026981,1.1390027483015,1.15354697643544,-0.0212948891668604
70,"female",1.05902575096604,0.0478370179032404,0.00480785768823541,1.03533727271897,0.967627104389169,0.982051511278687,1.02717405077351,1.05925574536697,1.0914257327529,1.13685342263377,1.15139383922735,-0.0212848024175195
70.1,"female",1.05689783507648,0.047824552791019,0.00480785768823541,1.03533727271897,0.965523004666173,0.97994365292151,1.02505443462826,1.0571277695467,1.08928937425076,1.13470522682911,1.14924185455933,-0.021274712307375
70.2,"female",1.05477092800494,0.0478121627695648,0.00480785768823541,1.03533727271897,0.963419770290837,0.977836682554286,1.02293577730275,1.05500080290549,1.08715407542557,1.13255816201021,1.14709102370146,-0.0212646188364415
70.3,"female",1.05264503008518,0.0477998483235851,0.00480785768823541,1.03533727271897,0.961317400670816,0.975730599730825,1.02081807880801,1.05287484577941,1.08501983693938,1.13041222929939,1.1449413479234,-0.0212545220047319
70.4,"female",1.05052014165094,0.0477876099375856,0.00480785768823541,1.03533727271897,0.959215895214147,0.973625404005258,1.01870133915517,1.05074989850454,1.0828866594541,1.12826742981867,1.14279282849442,-0.0212444218122518
70.5,"female",1.04839626303597,0.0477754480958787,0.00480785768823541,1.03533727271897,0.957115253329239,0.971521094932031,1.01658555835551,1.04862596141696,1.08075454363148,1.12612376468972,1.14064546668344,-0.0212343182590081
70.6,"female",1.04627339457402,0.0477633632825911,0.00480785768823541,1.03533727271897,0.955015474424856,0.969417672065886,1.01447073642043,1.04650303485274,1.07862349013318,1.12398123503396,1.13849926375899,-0.0212242113450109
70.7,"female",1.04415153659884,0.0477513559816729,0.00480785768823541,1.03533727271897,0.952916557910097,0.96731513496185,1.01235687336144,1.04438111914796,1.07649349962073,1.12183984197247,1.13635422098928,-0.0212141010702735
70.8,"female",1.04203068944418,0.0477394266769051,0.00480785768823541,1.03533727271897,0.950818503194387,0.965213483175222,1.01024396919017,1.04226021463869,1.07436457275553,1.11969958662608,1.13421033964218,-0.0212039874347955
70.9,"female",1.03991085344377,0.0477275758519083,0.00480785768823541,1.03533727271897,0.948721309687455,0.963112716261559,1.00813202391836,1.040140321661,1.0722367101989,1.11756047011537,1.13206762098527,-0.0211938704385903
71,"female",1.03779202893138,0.0477158039901514,0.00480785768823541,1.03533727271897,0.946624976799321,0.961012833776664,1.00602103755784,1.03802144055097,1.07010991261203,1.11542249356065,1.12992606628581,-0.0211837500816682
71.1,"female",1.03567421624075,0.0477041115749594,0.00480785768823541,1.03533727271897,0.94452950394028,0.958913835276568,1.00391101012054,1.03590357164467,1.06798418065603,1.11328565808201,1.1277856768108,-0.0211736263640269
71.2,"female",1.03355741570563,0.0476924990895226,0.00480785768823541,1.03533727271897,0.942434890520883,0.956815720317521,1.00180194161849,1.03378671527816,1.06585951499191,1.11114996479931,1.12564645382698,-0.0211634992856777
71.3,"female",1.03144162765976,0.0476809670169045,0.00480785768823541,1.03533727271897,0.940341135951926,0.954718488455977,0.999693832063793,1.03167087178753,1.06373591628059,1.10901541483222,1.12350839860083,-0.0211533688466267
71.4,"female",1.02932685243689,0.047669515840051,0.00480785768823541,1.03533727271897,0.938248239644427,0.952622139248579,0.99758668146863,1.02955604150884,1.06161338518293,1.10688200930021,1.12137151239863,-0.0211432350468773
71.5,"female",1.02721309037078,0.0476581460417987,0.00480785768823541,1.03533727271897,0.936156201009614,0.950526672252146,0.995480489845262,1.02744222477816,1.05949192235969,1.10474974932256,1.11923579648643,-0.0211330978864345
71.6,"female",1.02510034179516,0.0476468581048837,0.00480785768823541,1.03533727271897,0.934065019458908,0.948432087023657,0.993375257206012,1.02532942193155,1.05737152847159,1.1026186360184,1.11710125213008,-0.0211229573653057
71.7,"female",1.02298860704379,0.0476356525119504,0.00480785768823541,1.03533727271897,0.931974694403903,0.946338383120242,0.991270983563263,1.0232176333051,1.05525220417926,1.10048867050672,1.11496788059526,-0.0211128134834956
71.8,"female",1.02087788645042,0.0476245297455604,0.00480785768823541,1.03533727271897,0.929885225256353,0.944245560099161,0.989167668929458,1.02110685923485,1.05313395014329,1.09835985390635,1.11283568314751,-0.0211026662410038
71.9,"female",1.01876818034879,0.047613490288201,0.00480785768823541,1.03533727271897,0.927796611428153,0.942153617517795,0.987065313317085,1.01899710005689,1.05101676702422,1.09623218733602,1.11070466105219,-0.0210925156378369
72,"female",1.01665948907266,0.0476025346222947,0.00480785768823541,1.03533727271897,0.925708852331322,0.940062554933628,0.984963916738677,1.01688835610729,1.04890065548253,1.09410567191435,1.10857481557457,-0.0210823616739953
72.1,"female",1.01455181295576,0.0475916632302077,0.00480785768823541,1.03533727271897,0.923621947377987,0.937972371904239,0.982863479206806,1.0147806277221,1.04678561617869,1.09198030875986,1.10644614797978,-0.0210722043494823
72.2,"female",1.01244515233185,0.0475808765942591,0.00480785768823541,1.03533727271897,0.921535895980364,0.935883067987276,0.980764000734071,1.01267391523739,1.04467164977312,1.08985609899101,1.10431865953287,-0.0210620436643036
72.3,"female",1.01033950753468,0.04757017519673,0.00480785768823541,1.03533727271897,0.919450697550742,0.933794642740453,0.978665481333101,1.01056821898923,1.04255875692621,1.08773304372617,1.10219235149884,-0.021051879618453
72.4,"female",1.00823487889799,0.0475595595198726,0.00480785768823541,1.03533727271897,0.917366351501468,0.931707095721529,0.976567921016542,1.0084635393137,1.04044693829834,1.08561114408369,1.10006722514261,-0.0210417122119397
72.5,"female",1.00613126675553,0.0475490300459194,0.00480785768823541,1.03533727271897,0.915282857244921,0.929620426488295,0.974471319797052,1.00635987654685,1.03833619454987,1.08349040118189,1.09794328172905,-0.0210315414447627
72.6,"female",1.00402867144105,0.0475385872570924,0.00480785768823541,1.03533727271897,0.913200214193505,0.927534634598559,0.972375677687299,1.00425723102475,1.03622652634117,1.08137081613904,1.09582052252305,-0.0210213673169177
72.7,"female",1.0019270932883,0.0475282316356124,0.00480785768823541,1.03533727271897,0.911118421759623,0.925449719610129,0.97028099469995,1.00215560308346,1.03411793433258,1.07925239007345,1.09369894878945,-0.0210111898284068
72.8,"female",0.999826532631031,0.0475179636637084,0.00480785768823541,1.03533727271897,0.909037479355666,0.923365681080804,0.968187270847666,1.00005499305906,1.03201041918447,1.0771351241034,1.09157856179315,-0.0210010089792326
72.9,"female",0.997726989802981,0.0475077838236268,0.00480785768823541,1.03533727271897,0.906957386393988,0.92128251856835,0.966094506143096,0.997955401287617,1.02990398155721,1.07501901934724,1.08945936279905,-0.0209908247693899
73,"female",0.995628465137904,0.0474976925976411,0.00480785768823541,1.03533727271897,0.904878142286893,0.919200231630493,0.964002700598875,0.995856828105187,1.02779862211119,1.07290407692334,1.08734135307213,-0.0209806371988786
73.1,"female",0.993530958969547,0.0474876904680613,0.00480785768823541,1.03533727271897,0.902799746446616,0.9171188198249,0.961911854227608,0.993759273847841,1.02569434150683,1.07079029795014,1.08522453387741,-0.0209704462676993
73.2,"female",0.991434471631658,0.0474777779172433,0.00480785768823541,1.03533727271897,0.900722198285301,0.915038282709161,0.959821967041874,0.991662738851647,1.02359114040458,1.06867768354613,1.08310890648002,-0.0209602519758436
73.3,"female",0.989339003457985,0.0474679554275989,0.00480785768823541,1.03533727271897,0.898645497214991,0.91295861984078,0.957733039054212,0.989567223452672,1.02148901946493,1.06656623482993,1.0809944721452,-0.0209500543233162
73.4,"female",0.987244554782276,0.0474582234816049,0.00480785768823541,1.03533727271897,0.896569642647597,0.910879830777154,0.955645070277119,0.987472727986984,1.01938797934839,1.06445595292024,1.0788812321383,-0.0209398533101082
73.5,"female",0.98515112593828,0.0474485825618133,0.00480785768823541,1.03533727271897,0.894494633994895,0.90880191507556,0.953558060723042,0.985379252790651,1.01728802071555,1.06234683893589,1.07676918772483,-0.0209296489362149
73.6,"female",0.983058717259744,0.0474390331508608,0.00480785768823541,1.03533727271897,0.892420470668493,0.906724872293139,0.951472010404371,0.983286798199741,1.01518914422705,1.06023889399584,1.07465834017045,-0.0209194412016369
73.7,"female",0.980967329080416,0.0474295757314786,0.00480785768823541,1.03533727271897,0.89034715207982,0.904648701986878,0.949386919333432,0.981195364550323,1.0130913505436,1.05813211921921,1.07254869074102,-0.0209092301063671
73.8,"female",0.978876961734045,0.0474202107865026,0.00480785768823541,1.03533727271897,0.888274677640105,0.902573403713598,0.947302787522485,0.979104952178467,1.01099464032595,1.05602651572529,1.07044024070258,-0.0208990156503982
73.9,"female",0.976787615554378,0.0474109387988828,0.00480785768823541,1.03533727271897,0.88620304676036,0.900498977029935,0.945219614983709,0.977015561420244,1.00889901423497,1.05392208463357,1.06833299132141,-0.0208887978337277
74,"female",0.974699290875164,0.0474017602516937,0.00480785768823541,1.03533727271897,0.884132258851358,0.898425421492324,0.943137401729205,0.974927192611722,1.00680447293158,1.05181882706371,1.06622694386402,-0.0208785766563475
74.1,"female",0.97261198803015,0.0473926756281443,0.00480785768823541,1.03533727271897,0.882062313323617,0.896352736656986,0.941056147770981,0.972839846088974,1.00471101707682,1.04971674413562,1.06412209959719,-0.020868352118252
74.2,"female",0.970525707353085,0.047383685411588,0.00480785768823541,1.03533727271897,0.879993209587374,0.894280922079907,0.93897585312095,0.970753522188071,1.0026186473318,1.04761583696943,1.06201845978795,-0.020858124219433
74.3,"female",0.968440449177716,0.0473747900855326,0.00480785768823541,1.03533727271897,0.877924947052578,0.892209977316827,0.936896517790923,0.968668221245088,1.00052736435776,1.04551610668551,1.05991602570367,-0.0208478929598812
74.4,"female",0.966356213837792,0.0473659901336511,0.00480785768823541,1.03533727271897,0.875857525128857,0.890139901923217,0.934818141792599,0.966583943596095,0.998437168816023,1.04341755440453,1.05781479861201,-0.0208376583395928
74.5,"female",0.964273001667061,0.0473572860397913,0.00480785768823541,1.03533727271897,0.873790943225507,0.888070695454271,0.932740725137563,0.964500689577169,0.996348061368059,1.04132018124742,1.05571477978097,-0.0208274203585552
74.6,"female",0.962190812999271,0.0473486782879865,0.00480785768823541,1.03533727271897,0.87172520075147,0.886002357464881,0.930664267837275,0.962418459524384,0.994260042675449,1.03922398833541,1.05361597047893,-0.0208171790167613
74.7,"female",0.960109648168169,0.0473401673624656,0.00480785768823541,1.03533727271897,0.869660297115314,0.883934887509624,0.928588769903065,0.960337253773817,0.992173113399907,1.03712897679007,1.05151837197461,-0.0208069343142011
74.8,"female",0.958029507507504,0.0473317537476638,0.00480785768823541,1.03533727271897,0.867596231725211,0.881868285142749,0.926514231346126,0.958257072661544,0.990087274203291,1.03503514773328,1.04942198553717,-0.0207966862508638
74.9,"female",0.955950391351024,0.0473234379282328,0.00480785768823541,1.03533727271897,0.865533003988923,0.879802549918153,0.924440652177505,0.956177916523644,0.988002525747601,1.03294250228729,1.04732681243615,-0.0207864348267403
75,"female",0.953872300032477,0.0473152203890515,0.00480785768823541,1.03533727271897,0.863470613313775,0.877737681389368,0.922368032408101,0.954099785696196,0.985918868694996,1.03085104157472,1.04523285394157,-0.02077618004182
75.1,"female",0.951795233885611,0.0473071016152364,0.00480785768823541,1.03533727271897,0.861409059106639,0.875673679109544,0.920296372048653,0.95202268051528,0.983836303707791,1.02876076671857,1.04314011132386,-0.0207659218960862
75.2,"female",0.949719193244174,0.0472990820921525,0.00480785768823541,1.03533727271897,0.859348340773911,0.873610542631433,0.918225671109734,0.949946601316979,0.981754831448471,1.02667167884223,1.04104858585397,-0.020755660389529
75.3,"female",0.947644178441914,0.0472911623054238,0.00480785768823541,1.03533727271897,0.857288457721495,0.871548271507367,0.916155929601745,0.947871548437374,0.9796744525797,1.02458377906954,1.03895827880332,-0.0207453955221384
75.4,"female",0.945570189812579,0.0472833427409441,0.00480785768823541,1.03533727271897,0.855229409354776,0.869486865289246,0.914087147534908,0.945797522212551,0.977595167764318,1.02249706852476,1.03686919144389,-0.0207351272939007
75.5,"female",0.943497227689917,0.0472756238848876,0.00480785768823541,1.03533727271897,0.853171195078606,0.867426323528518,0.912019324919258,0.943724522978594,0.97551697766536,1.02041154833261,1.03478132504816,-0.0207248557048007
75.6,"female",0.941425292407676,0.0472680062237202,0.00480785768823541,1.03533727271897,0.851113814297279,0.865366645776162,0.909952461764636,0.941652551071591,0.973439882946058,1.01832721961829,1.0326946808892,-0.0207145807548234
75.7,"female",0.939354384299604,0.0472604902442101,0.00480785768823541,1.03533727271897,0.849057266414511,0.863307831582671,0.907886558080679,0.939581606827629,0.971363884269847,1.01624408350749,1.03060926024065,-0.0207043024439565
75.8,"female",0.93728450369945,0.0472530764334387,0.00480785768823541,1.03533727271897,0.847001550833419,0.861249880498032,0.90582161387682,0.9375116905828,0.969288982300374,1.0141621411264,1.02852506437676,-0.0206940207721814
75.9,"female",0.93521565094096,0.0472457652788119,0.00480785768823541,1.03533727271897,0.8449466669565,0.859192792071713,0.903757629162274,0.935442802673193,0.967215177701508,1.01208139360175,1.0264420945724,-0.0206837357394843
76,"female",0.933147826357884,0.0472385572680711,0.00480785768823541,1.03533727271897,0.842892614185613,0.857136565852639,0.901694603946031,0.933374943434903,0.965142471137344,1.01000184206081,1.02436035210311,-0.0206734473458476
76.1,"female",0.93108103028397,0.0472314528893041,0.00480785768823541,1.03533727271897,0.840839391921951,0.855081201389181,0.899632538236852,0.931308113204024,0.963070863272212,1.00792348763141,1.02227983824506,-0.0206631555912559
76.2,"female",0.929015263052965,0.0472244526309566,0.00480785768823541,1.03533727271897,0.838786999566026,0.85302669822913,0.897571432043259,0.929242312316651,0.961000354770682,1.00584633144198,1.02020055427515,-0.020652860475692
76.3,"female",0.926950524998617,0.0472175569818433,0.00480785768823541,1.03533727271897,0.836735436517643,0.850973055919687,0.89551128537353,0.927177541108885,0.958930946297578,1.00377037462152,1.01812250147098,-0.0206425619991365
76.4,"female",0.924886816454675,0.0472107664311593,0.00480785768823541,1.03533727271897,0.834684702175882,0.848920274007439,0.893452098235687,0.925113799916824,0.956862638517978,1.00169561829968,1.01604568111086,-0.0206322601615735
76.5,"female",0.922824137754886,0.0472040814684915,0.00480785768823541,1.03533727271897,0.832634795939074,0.846868352038342,0.891393870637493,0.923051089076571,0.954795432097228,0.999622063606732,1.0139700944739,-0.0206219549629772
76.6,"female",0.920762489232999,0.0471975025838299,0.00480785768823541,1.03533727271897,0.830585717204778,0.844817289557705,0.889336602586443,0.920989408924229,0.952729327700946,0.997549711673599,1.01189574283995,-0.0206116464033332
76.7,"female",0.918701871222761,0.047191030267579,0.00480785768823541,1.03533727271897,0.828537465369764,0.842767086110169,0.887280294089754,0.918928759795904,0.95066432599503,0.995478563631889,1.00982262748969,-0.0206013344826236
76.8,"female",0.916642284057922,0.0471846650105698,0.00480785768823541,1.03533727271897,0.826490039829984,0.84071774123969,0.88522494515436,0.916869142027704,0.948600427645668,0.993408620613898,1.00775074970459,-0.0205910192008232
76.9,"female",0.914583728072227,0.0471784073040709,0.00480785768823541,1.03533727271897,0.824443439980557,0.838669254489518,0.883170555786905,0.914810555955739,0.946537633319343,0.991339883752636,1.005680110767,-0.0205807005579114
77,"female",0.912526203599427,0.0471722576398004,0.00480785768823541,1.03533727271897,0.822397665215742,0.83662162540218,0.881117125993732,0.912753001916122,0.944475943682845,0.989272354181844,1.00361071196012,-0.020570378553867
77.1,"female",0.910469710973268,0.0471662165099376,0.00480785768823541,1.03533727271897,0.820352714928915,0.834574853519463,0.879064655780876,0.910696480244966,0.942415359403275,0.987206033036015,1.00154255456803,-0.0205600531886676
77.2,"female",0.908414250527499,0.0471602844071348,0.00480785768823541,1.03533727271897,0.81830858851255,0.83252893838239,0.87701314515406,0.908640991278388,0.940355881148052,0.985140921450407,0.999475639875755,-0.020549724462289
77.3,"female",0.906359822595868,0.0471544618245292,0.00480785768823541,1.03533727271897,0.816265285358195,0.830483879531206,0.874962594118683,0.906586535352508,0.938297509584927,0.983077020561072,0.997409969169228,-0.0205393923747113
77.4,"female",0.904306427512122,0.0471487492557545,0.00480785768823541,1.03533727271897,0.814222804856448,0.828439676505355,0.872913002679812,0.904533112803446,0.936240245381985,0.981014331504866,0.995345543735349,-0.0205290569259056
77.5,"female",0.902254065610011,0.0471431471949534,0.00480785768823541,1.03533727271897,0.812181146396937,0.826396328843466,0.870864370842176,0.902480723967327,0.934184089207658,0.978952855419476,0.993282364862005,-0.0205187181158462
77.6,"female",0.900202737223282,0.047137656136789,0.00480785768823541,1.03533727271897,0.810140309368292,0.824353836083325,0.868816698610159,0.900429369180277,0.932129041730728,0.976892593443433,0.991220433838084,-0.020508375944516
77.7,"female",0.898152442685682,0.0471322765764575,0.00480785768823541,1.03533727271897,0.808100293158126,0.822312197761863,0.866769985987786,0.898379048778424,0.930075103620339,0.974833546716137,0.989159751953503,-0.0204980304118843
77.8,"female",0.896103182330961,0.0471270090096998,0.00480785768823541,1.03533727271897,0.806061097153013,0.820271413415136,0.864724232978724,0.8963297630979,0.928022275546004,0.972775716377874,0.987100320499233,-0.0204876815179219
77.9,"female",0.894054956492865,0.047121853932814,0.00480785768823541,1.03533727271897,0.804022720738461,0.818231482578301,0.862679439586267,0.894281512474839,0.925970558177614,0.970719103569836,0.98504214076732,-0.0204773292626045
78,"female",0.892007765505144,0.0471168118426677,0.00480785768823541,1.03533727271897,0.801985163298889,0.8161924047856,0.860635605813328,0.892234297245379,0.923919952185445,0.968663709434142,0.982985214050908,-0.0204669736459029
78.1,"female",0.889961609701545,0.0471118832367102,0.00480785768823541,1.03533727271897,0.799948424217606,0.814154179570339,0.858592731662437,0.890188117745659,0.921870458240168,0.966609535113858,0.980929541644268,-0.020456614667789
78.2,"female",0.887916489415816,0.047107068612985,0.00480785768823541,1.03533727271897,0.797912502876785,0.812116806464867,0.856550817135724,0.888142974311821,0.919822077012853,0.964556581753015,0.978875124842813,-0.020446252328237
78.3,"female",0.885872404981706,0.047102368470142,0.00480785768823541,1.03533727271897,0.795877398657441,0.810080285000557,0.854509862234918,0.886098867280011,0.917774809174986,0.962504850496631,0.976821964943133,-0.020435886627215
78.4,"female",0.883829356732961,0.0470977833074505,0.00480785768823541,1.03533727271897,0.793843110939405,0.808044614707787,0.852469866961333,0.884055796986378,0.915728655398468,0.960454342490734,0.974770063243008,-0.0204255175646925
78.5,"female",0.881787345003331,0.0470933136248113,0.00480785768823541,1.03533727271897,0.791809639101302,0.806009795115917,0.850430831315866,0.882013763767073,0.913683616355631,0.958405058882375,0.972719421041442,-0.0204151451406421
78.6,"female",0.879746370126563,0.0470889599227694,0.00480785768823541,1.03533727271897,0.789776982520525,0.803975825753272,0.848392755298982,0.87997276795825,0.91163969271924,0.956357000819659,0.97067003963868,-0.0204047693550271
78.7,"female",0.877706432436406,0.0470847227025271,0.00480785768823541,1.03533727271897,0.787745140573212,0.801942706147118,0.84635563891071,0.877932809896067,0.909596885162509,0.954310169451754,0.968621920336239,-0.0203943902078166
78.8,"female",0.875667532266607,0.0470806024659563,0.00480785768823541,1.03533727271897,0.785714112634222,0.799910435823645,0.844319482150633,0.875893889916686,0.907555194359102,0.952264565928923,0.966575064436925,-0.0203840076989833
78.9,"female",0.873629669950915,0.0470765997156118,0.00480785768823541,1.03533727271897,0.783683898077109,0.797879014307942,0.842284285017879,0.873856008356271,0.905514620983148,0.950220191402536,0.964529473244866,-0.0203736218284903
79,"female",0.871592845823077,0.0470727149547436,0.00480785768823541,1.03533727271897,0.781654496274098,0.795848441123982,0.840250047511112,0.871819165550988,0.903475165709246,0.948177047025097,0.962485148065532,-0.0203632325963033
79.1,"female",0.869557060216842,0.0470689486873104,0.00480785768823541,1.03533727271897,0.779625906596061,0.793818715794596,0.838216769628527,0.86978336183701,0.901436829212475,0.946135133950259,0.960442090205759,-0.0203528400023875
79.2,"female",0.867522313465957,0.0470653014179924,0.00480785768823541,1.03533727271897,0.77759812841249,0.791789837841454,0.836184451367835,0.867748597550511,0.899399612168402,0.944094453332855,0.958400300973778,-0.0203424440467084
79.3,"female",0.865488605904172,0.0470617736522042,0.00480785768823541,1.03533727271897,0.775571161091477,0.789761806785045,0.834153092726261,0.865714873027668,0.897363515253093,0.942055006328907,0.956359781679239,-0.0203320447292379
79.4,"female",0.863455937865232,0.0470583658961086,0.00480785768823541,1.03533727271897,0.773545003999679,0.787734622144653,0.83212269370053,0.863682188604663,0.895328539143118,0.940016794095655,0.954320533633233,-0.0203216420499305
79.5,"female",0.861424309682887,0.0470550786566289,0.00480785768823541,1.03533727271897,0.771519656502306,0.78570828343834,0.830093254286862,0.861650544617682,0.893294684515566,0.937979817791581,0.952282558148324,-0.0203112360087449
79.6,"female",0.859393721690886,0.047051912441463,0.00480785768823541,1.03533727271897,0.769495117963084,0.783682790182921,0.828064774480961,0.859619941402914,0.891261952048047,0.935944078576423,0.95024585653857,-0.0203008266056584
79.7,"female",0.857364174222974,0.0470488677590963,0.00480785768823541,1.03533727271897,0.767471387744236,0.781658141893941,0.826037254278004,0.857590379296551,0.889230342418706,0.9339095776112,0.948210430119547,-0.0202904138406237
79.8,"female",0.855335667612902,0.0470459451188152,0.00480785768823541,1.03533727271897,0.765448465206454,0.779634338085661,0.824010693672639,0.85556185863479,0.887199856306231,0.931876316058238,0.946176280208382,-0.0202799977135973
79.9,"female",0.853308202194417,0.0470431450307209,0.00480785768823541,1.03533727271897,0.763426349708874,0.777611378271027,0.821985092658968,0.853534379753831,0.885170494389862,0.929844295081183,0.944143408123771,-0.0202695782245524
80,"female",0.851281778301267,0.0470404680057425,0.00480785768823541,1.03533727271897,0.761405040609049,0.775589261961655,0.819960451230544,0.851507942989879,0.883142257349397,0.927813515845033,0.942111815186012,-0.02025915537344
80.1,"female",0.8492563962672,0.0470379145556507,0.00480785768823541,1.03533727271897,0.759384537262925,0.773567988667807,0.817936769380359,0.849482548679143,0.881115145865207,0.925783979516152,0.940081502717027,-0.0202487291602185
80.2,"female",0.847232056425963,0.0470354851930719,0.00480785768823541,1.03533727271897,0.757364839024813,0.771547557898365,0.815914047100833,0.847458197157835,0.879089160618242,0.923755687262298,0.938052472040389,-0.0202382995848541
80.3,"female",0.845208759111306,0.0470331804315015,0.00480785768823541,1.03533727271897,0.755345945247362,0.769527969160816,0.813892284383811,0.845434888762172,0.877064302290039,0.921728640252642,0.936024724481349,-0.0202278666472985
80.4,"female",0.843186504656975,0.0470310007853178,0.00480785768823541,1.03533727271897,0.753327855281538,0.767509221961226,0.811871481220548,0.843412623828376,0.875040571562736,0.919702839657792,0.933998261366866,-0.020217430347508
80.5,"female",0.84116529339672,0.0470289467697963,0.00480785768823541,1.03533727271897,0.751310568476588,0.765491315804215,0.809851637601702,0.841391402692671,0.873017969119075,0.917678286649815,0.931973084025629,-0.0202069906854413
80.6,"female",0.839145125664288,0.0470270189011231,0.00480785768823541,1.03533727271897,0.749294084180023,0.76347425019294,0.807832753517325,0.839371225691288,0.870996495642418,0.91565498240226,0.929949193788083,-0.0201965476610552
80.7,"female",0.837126001793428,0.0470252176964094,0.00480785768823541,1.03533727271897,0.747278401737585,0.76145802462907,0.805814828956853,0.83735209316046,0.86897615181675,0.91363292809018,0.927926591986464,-0.0201861012743051
80.8,"female",0.835107922117886,0.0470235436737053,0.00480785768823541,1.03533727271897,0.745263520493221,0.759442638612759,0.803797863909096,0.835334005436426,0.866956938326697,0.911612124890157,0.925905279954817,-0.0201756515251442
80.9,"female",0.833090886971412,0.047021997352014,0.00480785768823541,1.03533727271897,0.743249439789058,0.757428091642633,0.80178185836223,0.833316962855431,0.864938855857525,0.909592573980323,0.923885259029029,-0.0201651984135262
81,"female",0.831074896687753,0.0470205792513064,0.00480785768823541,1.03533727271897,0.741236158965375,0.755414383215757,0.799766812303788,0.831300965753721,0.862921905095159,0.907574276540384,0.921866530546857,-0.0201547419394044
81.1,"female",0.829059951600658,0.0470192898925349,0.00480785768823541,1.03533727271897,0.739223677360575,0.753401512827618,0.797752725720647,0.82928601446755,0.860906086726188,0.905557233751644,0.91984909584795,-0.0201442821027328
81.2,"female",0.827046052043873,0.0470181297976484,0.00480785768823541,1.03533727271897,0.737211994311157,0.751389479972099,0.795739598599021,0.827272109333175,0.858891401437875,0.903541446797027,0.917832956273882,-0.0201338189034603
81.3,"female",0.825033198351149,0.047017099489606,0.00480785768823541,1.03533727271897,0.735201109151689,0.749378284141459,0.793727430924455,0.825259250686858,0.85687784991817,0.901526916861101,0.915818113168181,-0.0201233523415387
81.4,"female",0.823021390856232,0.0470161994923922,0.00480785768823541,1.03533727271897,0.733191021214781,0.747367924826305,0.791716222681804,0.823247438864867,0.854865432855712,0.899513645130102,0.91380456787635,-0.0201128824169208
81.5,"female",0.821010629892871,0.0470154303310314,0.00480785768823541,1.03533727271897,0.731181729831056,0.745358401515572,0.789705973855239,0.821236674203474,0.852854150939851,0.897501632791959,0.911792321745903,-0.0201024091295554
81.6,"female",0.819000915794813,0.0470147925316021,0.00480785768823541,1.03533727271897,0.729173234329122,0.743349713696498,0.787696684428222,0.819226957038956,0.850844004860645,0.895490881036314,0.909781376126389,-0.0200919324793911
81.7,"female",0.816992248895806,0.0470142866212525,0.00480785768823541,1.03533727271897,0.727165534035545,0.741341860854601,0.785688354383507,0.817218287707596,0.84883499530888,0.89348139105455,0.90777173236942,-0.020081452466372
81.8,"female",0.8149846295296,0.0470139131282143,0.00480785768823541,1.03533727271897,0.72515862827482,0.739334842473655,0.783680983703126,0.815210666545681,0.846827122976077,0.891473164039815,0.905763391828704,-0.0200709690904507
81.9,"female",0.812978058029941,0.0470136725818186,0.00480785768823541,1.03533727271897,0.723152516369341,0.737328658035663,0.781674572368377,0.813204093889505,0.844820388554497,0.889466201187042,0.903756355860069,-0.0200604823515763
82,"female",0.810972534730577,0.0470135655125102,0.00480785768823541,1.03533727271897,0.721147197639374,0.735323307020839,0.779669120359819,0.811198570075366,0.842814792737159,0.887460503692979,0.901750625821495,-0.0200499922496878
82.1,"female",0.808968059965258,0.047013592451863,0.00480785768823541,1.03533727271897,0.719142671403029,0.73331878890758,0.777664627657257,0.809194095439568,0.840810336217847,0.885456072756209,0.899746203073142,-0.0200394987847333
82.2,"female",0.80696463406773,0.0470137539325951,0.00480785768823541,1.03533727271897,0.717138936976228,0.731315103172438,0.775661094239736,0.807190670318419,0.838807019691116,0.883452909577178,0.897743088977377,-0.0200290019566593
82.3,"female",0.804962257371743,0.0470140504885838,0.00480785768823541,1.03533727271897,0.71513599367268,0.729312249290105,0.773658520085527,0.805188295048236,0.836804843852311,0.881451015358216,0.895741284898809,-0.0200185017654111
82.4,"female",0.802960930211043,0.0470144826548812,0.00480785768823541,1.03533727271897,0.713133840803848,0.727310226733379,0.771656905172121,0.803186969965337,0.834803809397569,0.879450391303565,0.893740792204311,-0.0200079982109261
82.5,"female",0.800960652919379,0.0470150509677291,0.00480785768823541,1.03533727271897,0.711132477678924,0.725309034973145,0.769656249476217,0.801186695406051,0.832803917023836,0.877451038619406,0.89174161226306,-0.0199974912931506
82.6,"female",0.798961425830499,0.0470157559645751,0.00480785768823541,1.03533727271897,0.709131903604793,0.723308673478347,0.767656552973707,0.799187471706707,0.830805167428871,0.875452958513876,0.889743746446553,-0.0199869810120271
82.7,"female",0.796963249278151,0.0470165981840877,0.00480785768823541,1.03533727271897,0.70713211788601,0.721309141715965,0.765657815639676,0.797189299203645,0.828807561311263,0.873456152197102,0.88774719612865,-0.0199764673674904
82.8,"female",0.794966123596083,0.0470175781661718,0.00480785768823541,1.03533727271897,0.705133119824767,0.719310439150991,0.763660037448383,0.795192178233209,0.826811099370437,0.871460620881223,0.885751962685598,-0.0199659503594882
82.9,"female",0.792970049118043,0.0470186964519846,0.00480785768823541,1.03533727271897,0.703134908720861,0.717312565246399,0.76166321837325,0.793196109131748,0.824815782306667,0.869466365780412,0.883758047496058,-0.019955429987957
83,"female",0.79097502617778,0.0470199535839515,0.00480785768823541,1.03533727271897,0.701137483871671,0.715315519463125,0.759667358386861,0.791201092235618,0.822821610821085,0.867473388110908,0.881765451941146,-0.0199449062528379
83.1,"female",0.78898105510904,0.0470213501057815,0.00480785768823541,1.03533727271897,0.699140844572118,0.713319301260036,0.75767245746094,0.78920712788118,0.820828585615692,0.865481689091039,0.87977417740445,-0.0199343791540649
83.2,"female",0.786988136245573,0.0470228865624836,0.00480785768823541,1.03533727271897,0.697144990114643,0.711323910093912,0.755678515566348,0.787214216404805,0.818836707393371,0.863491269941244,0.877784225272072,-0.0199238486915718
83.3,"female",0.784996269921127,0.0470245635003824,0.00480785768823541,1.03533727271897,0.695149919789173,0.709329345419413,0.753685532673069,0.785222358142866,0.816845976857896,0.861502131884109,0.875795596932656,-0.0199133148653033
83.4,"female",0.783005456469448,0.0470263814671344,0.00480785768823541,1.03533727271897,0.693155632883087,0.707335606689056,0.751693508750201,0.783231553431744,0.814856394713942,0.85951427614438,0.873808293777412,-0.0199027776751945
83.5,"female",0.781015696224285,0.0470283410117443,0.00480785768823541,1.03533727271897,0.691162128681192,0.705342693353189,0.749702443765945,0.781241802607827,0.812867961667097,0.857527703949,0.871822317200158,-0.0198922371211724
83.6,"female",0.779026989519388,0.0470304426845809,0.00480785768823541,1.03533727271897,0.689169406465687,0.703350604859966,0.74771233768759,0.77925310600751,0.810880678423874,0.855542416527131,0.869837668597345,-0.0198816932031756
83.7,"female",0.777039336688502,0.0470326870373936,0.00480785768823541,1.03533727271897,0.687177465516133,0.701359340655318,0.745723190481511,0.777265463967192,0.808894545691721,0.853558415110181,0.867854349368088,-0.0198711459211401
83.8,"female",0.775052738065377,0.0470350746233289,0.00480785768823541,1.03533727271897,0.685186305109422,0.699368900182928,0.743735002113148,0.775278876823282,0.80690956417903,0.851575700931831,0.865872360914201,-0.0198605952749956
83.9,"female",0.773067193983761,0.047037605996947,0.00480785768823541,1.03533727271897,0.683195924519745,0.697379282884205,0.741747772547003,0.773293344912193,0.804925734595154,0.849594275228062,0.863891704640229,-0.0198500412646704
84,"female",0.771082704777401,0.0470402817142379,0.00480785768823541,1.03533727271897,0.681206323018562,0.695390488198259,0.739761501746625,0.771308868570347,0.802943057650414,0.847614139237181,0.861912381953475,-0.0198394838900995
84.1,"female",0.769099270780046,0.0470431023326386,0.00480785768823541,1.03533727271897,0.679217499874566,0.693402515561867,0.737776189674599,0.769325448134173,0.800961534056106,0.84563529419985,0.859934394264038,-0.0198289231512169
84.2,"female",0.767116892325443,0.0470460684110496,0.00480785768823541,1.03533727271897,0.677229454353655,0.691415364409455,0.735791836292536,0.767343083940104,0.798981164524524,0.843657741359109,0.857957742984842,-0.0198183590479442
84.3,"female",0.765135569747341,0.0470491805098519,0.00480785768823541,1.03533727271897,0.675242185718901,0.689429034173066,0.73380844156106,0.765361776324584,0.797001949768961,0.84168148196041,0.85598242953167,-0.0198077915802095
84.4,"female",0.763155303379488,0.0470524391909237,0.00480785768823541,1.03533727271897,0.673255693230511,0.687443524282333,0.731826005439801,0.763381525624062,0.795023890503724,0.839706517251641,0.854008455323195,-0.0197972207479466
84.5,"female",0.761176093555631,0.0470558450176575,0.00480785768823541,1.03533727271897,0.671269976145801,0.685458834164453,0.729844527887378,0.761402332174995,0.793046987444147,0.837732848483152,0.852035821781017,-0.019786646551081
84.6,"female",0.75919794060952,0.0470593985549776,0.00480785768823541,1.03533727271897,0.66928503371916,0.683474963244157,0.727864008861392,0.759424196313846,0.791071241306601,0.835760476907785,0.850064530329689,-0.0197760689895346
84.7,"female",0.757220844874901,0.0470631003693565,0.00480785768823541,1.03533727271897,0.66730086520202,0.681491910943686,0.72588444831841,0.757447118377088,0.789096652808505,0.833789403780901,0.848094582396757,-0.019765488063235
84.8,"female",0.755244806685523,0.0470669510288331,0.00480785768823541,1.03533727271897,0.665317469842818,0.679509676682762,0.72390584621396,0.755471098701199,0.787123222668341,0.831819630360411,0.846125979412791,-0.0197549037721054
84.9,"female",0.753269826375134,0.0470709511030293,0.00480785768823541,1.03533727271897,0.663334846886968,0.677528259878556,0.721928202502514,0.753496137622667,0.785150951605659,0.829851157906799,0.844158722811416,-0.0197443161160712
85,"female",0.751295904277481,0.0470751011631679,0.00480785768823541,1.03533727271897,0.661352995576825,0.675547659945666,0.719951517137478,0.751522235477985,0.783179840341098,0.827883987683157,0.842192814029351,-0.0197337250950563
85.1,"female",0.749323040726314,0.0470794017820901,0.00480785768823541,1.03533727271897,0.659371915151651,0.673567876296085,0.717975790071181,0.749549392603655,0.781209889596391,0.825918120955205,0.840228254506436,-0.0197231307089771
85.2,"female",0.74735123605538,0.0470838535342732,0.00480785768823541,1.03533727271897,0.657391604847585,0.671588908339173,0.716001021254861,0.747577609336189,0.779241100094378,0.82395355899133,0.838265045685674,-0.0197125329577572
85.3,"female",0.745380490598427,0.047088456995848,0.00480785768823541,1.03533727271897,0.655412063897603,0.66961075548163,0.714027210638658,0.745606886012104,0.77727347255902,0.821990303062606,0.836303189013258,-0.0197019318413175
85.4,"female",0.743410804689203,0.0470932127446172,0.00480785768823541,1.03533727271897,0.653433291531488,0.667633417127465,0.712054358171596,0.743637222967926,0.775307007715411,0.820028354442828,0.834342685938611,-0.0196913273595781
85.5,"female",0.741442178661457,0.0470981213600727,0.00480785768823541,1.03533727271897,0.651455286975797,0.665656892677969,0.710082463801576,0.741668620540188,0.773341706289789,0.818067714408539,0.832383537914417,-0.0196807195124565
85.6,"female",0.739474612848935,0.0471031834234142,0.00480785768823541,1.03533727271897,0.649478049453822,0.663681181531687,0.708111527475361,0.739701079065435,0.771377569009548,0.816108384239061,0.830425746396658,-0.0196701082998682
85.7,"female",0.737508107585387,0.0471083995175671,0.00480785768823541,1.03533727271897,0.647501578185558,0.661706283084383,0.706141549138565,0.737734598880215,0.76941459660325,0.814150365216523,0.828469312844646,-0.0196594937217329
85.8,"female",0.73554266320456,0.0471137702272005,0.00480785768823541,1.03533727271897,0.64552587238767,0.65973219672902,0.704172528735641,0.735769180321088,0.767452789800641,0.81219365862589,0.826514238721062,-0.019648875777962
85.9,"female",0.733578280040202,0.0471192961387458,0.00480785768823541,1.03533727271897,0.643550931273455,0.657758921855721,0.702204466209869,0.733804823724622,0.765492149332657,0.810238265754997,0.824560525491992,-0.0196382544684739
86,"female",0.731614958426062,0.0471249778404151,0.00480785768823541,1.03533727271897,0.641576754052808,0.655786457851748,0.700237361503344,0.731841529427393,0.763532675931442,0.808284187894573,0.822608174626955,-0.019627629793183
86.1,"female",0.729652698695887,0.0471308159222196,0.00480785768823541,1.03533727271897,0.639603339932185,0.653814804101464,0.698271214556961,0.729879297765986,0.761574370330358,0.806331426338277,0.820657187598947,-0.0196170017520006
86.2,"female",0.727691501183425,0.0471368109759882,0.00480785768823541,1.03533727271897,0.637630688114572,0.65184395998631,0.696306025310406,0.727918129076993,0.759617233263999,0.804379982382721,0.818707565884474,-0.019606370344841
86.3,"female",0.725731366222425,0.0471429635953862,0.00480785768823541,1.03533727271897,0.635658797799444,0.64987392488477,0.694341793702143,0.725958023697018,0.757661265468202,0.802429857327509,0.816759310963587,-0.0195957355716089
86.4,"female",0.723772294146635,0.0471492743759342,0.00480785768823541,1.03533727271897,0.633687668182732,0.647904698172344,0.6923785196694,0.723998981962671,0.755706467680062,0.800481052475262,0.814812424319921,-0.0195850974322206
86.5,"female",0.721814285289802,0.0471557439150271,0.00480785768823541,1.03533727271897,0.631717298456786,0.645936279221517,0.690416203148156,0.722041004210573,0.75375284063794,0.798533569131649,0.812866907440727,-0.0195744559265881
86.6,"female",0.719857339985675,0.0471623728119528,0.00480785768823541,1.03533727271897,0.629747687810339,0.643968667401725,0.68845484407313,0.720084090777354,0.751800385081482,0.796587408605421,0.810922761816913,-0.0195638110546134
86.7,"female",0.717901458568001,0.0471691616679114,0.00480785768823541,1.03533727271897,0.62777883542847,0.642001862079329,0.686494442377769,0.718128241999651,0.74984910175163,0.794642572208439,0.808979988943079,-0.0195531628162074
86.8,"female",0.715946641370529,0.0471761110860348,0.00480785768823541,1.03533727271897,0.625810740492569,0.640035862617582,0.684534997994233,0.716173458214112,0.747898991390631,0.792699061255706,0.807038590317557,-0.0195425112112754
86.9,"female",0.713992888727007,0.0471832216714056,0.00480785768823541,1.03533727271897,0.623843402180296,0.638070668376598,0.682576510853384,0.714219739757395,0.745950054742056,0.7907568770654,0.805098567442442,-0.0195318562397243
87,"female",0.712040200971183,0.0471904940310764,0.00480785768823541,1.03533727271897,0.621876819665549,0.636106278713319,0.680618980884769,0.712267086966167,0.744002292550809,0.788816020958903,0.803159921823636,-0.0195211979014609
87.1,"female",0.710088578436804,0.0471979287740898,0.00480785768823541,1.03533727271897,0.619910992118424,0.634142692981488,0.678662408016615,0.710315500177104,0.742055705563143,0.786876494260836,0.801222654970882,-0.0195105361963857
87.2,"female",0.708138021457619,0.0472055265114979,0.00480785768823541,1.03533727271897,0.617945918705176,0.632179910531612,0.676706792175806,0.70836497972689,0.74011029452667,0.784938298299087,0.799286768397802,-0.0194998711244024
87.3,"female",0.706188530367377,0.0472132878563816,0.00480785768823541,1.03533727271897,0.615981598588186,0.630217930710935,0.674752133287879,0.706415525952223,0.738166060190378,0.783001434404849,0.797352263621938,-0.0194892026854129
87.4,"female",0.704240105499824,0.0472212134238711,0.00480785768823541,1.03533727271897,0.614018030925918,0.628256752863402,0.672798431277005,0.704467139189807,0.736223003304643,0.781065903912643,0.795419142164787,-0.019478530879318
87.5,"female",0.702292747188709,0.0472293038311654,0.00480785768823541,1.03533727271897,0.612055214872884,0.626296376329632,0.670845686065978,0.702519819776359,0.73428112462124,0.779131708160361,0.793487405551842,-0.0194678557060196
87.6,"female",0.70034645576778,0.0472375596975524,0.00480785768823541,1.03533727271897,0.610093149579603,0.624336800446879,0.668893897576199,0.700573568048604,0.732340424893362,0.777198848489292,0.791557055312628,-0.0194571771654159
87.7,"female",0.698401231570785,0.0472459816444294,0.00480785768823541,1.03533727271897,0.608131834192567,0.622378024549005,0.666943065727667,0.698628384343276,0.730400904875628,0.775267326244155,0.789628092980744,-0.0194464952574011
87.8,"female",0.696457074931472,0.047254570295323,0.00480785768823541,1.03533727271897,0.606171267854197,0.620420047966447,0.664993190438963,0.696684268997123,0.7284625653241,0.773337142773136,0.787700520093902,-0.0194358099818795
87.9,"female",0.694513986183589,0.0472633262759096,0.00480785768823541,1.03533727271897,0.604211449702807,0.618462870026179,0.663044271627235,0.6947412223469,0.726525406996297,0.771408299427916,0.785774338193959,-0.0194251213387445
88,"female",0.692571965660885,0.0472722502140362,0.00480785768823541,1.03533727271897,0.602252378872565,0.616506490051685,0.661096309208187,0.692799244729374,0.724589430651208,0.769480797563709,0.783849548826972,-0.0194144293278864
88.1,"female",0.690631013697107,0.0472813427397406,0.00480785768823541,1.03533727271897,0.600294054493453,0.614550907362925,0.659149303096065,0.690858336481323,0.722654637049303,0.767554638539294,0.781926153543221,-0.0194037339492034
88.2,"female",0.688691130626003,0.0472906044852723,0.00480785768823541,1.03533727271897,0.598336475691227,0.612596121276296,0.65720325320364,0.688918497939534,0.720721026952555,0.765629823717047,0.78000415389726,-0.0193930352025926
88.3,"female",0.686752316781321,0.0473000360851133,0.00480785768823541,1.03533727271897,0.596379641587375,0.610642131104606,0.655258159442198,0.686979729440805,0.718788601124444,0.763706354462975,0.778083551447952,-0.0193823330879414
88.4,"female",0.684814572496809,0.0473096381759993,0.00480785768823541,1.03533727271897,0.594423551299083,0.608688936157035,0.653314021721525,0.685042031321945,0.716857360329979,0.761784232146754,0.776164347758514,-0.0193716276051367
88.5,"female",0.682877898106217,0.0473194113969406,0.00480785768823541,1.03533727271897,0.59246820393919,0.606736535739106,0.651370839949892,0.683105403919777,0.714927305335712,0.75986345814176,0.774246544396553,-0.0193609187540772
88.6,"female",0.68094229394329,0.0473293563892431,0.00480785768823541,1.03533727271897,0.590513598616147,0.604784929152644,0.64942861403404,0.68116984757113,0.712998436909744,0.757944033825103,0.772330142934108,-0.0193502065346521
88.7,"female",0.679007760341777,0.0473394737965299,0.00480785768823541,1.03533727271897,0.588559734433979,0.602834115695746,0.647487343879169,0.679235362612847,0.711070755821748,0.756025960577662,0.770415144947694,-0.0193394909467395
88.8,"female",0.677074297635428,0.0473497642647627,0.00480785768823541,1.03533727271897,0.586606610492245,0.60088409466275,0.645547029388922,0.677301949381782,0.709144262842985,0.754109239784125,0.768501552018343,-0.0193287719902327
88.9,"female",0.675141906157989,0.0473602284422632,0.00480785768823541,1.03533727271897,0.584654225885991,0.598934865344192,0.643607670465368,0.6753696082148,0.707218958746309,0.752193872833015,0.766589365731639,-0.0193180496650222
89,"female",0.673210586243209,0.0473708669797349,0.00480785768823541,1.03533727271897,0.582702579705713,0.596986427026778,0.641669267008994,0.673438339448778,0.705294844306189,0.750279861116732,0.76467858767777,-0.0193073239709873
89.1,"female",0.671280338224835,0.047381680530285,0.00480785768823541,1.03533727271897,0.580751671037318,0.595038778993345,0.639731818918684,0.671508143420603,0.703371920298722,0.748367206031585,0.762769219451561,-0.0192965949080134
89.2,"female",0.669351162436615,0.047392669749446,0.00480785768823541,1.03533727271897,0.578801498962075,0.593091920522827,0.637795326091706,0.669579020467175,0.701450187501647,0.746455908977832,0.760861262652524,-0.0192858624759798
89.3,"female",0.667423059212299,0.0474038352951979,0.00480785768823541,1.03533727271897,0.576852062556579,0.591145850890222,0.635859788423703,0.667650970925407,0.699529646694364,0.74454597135971,0.758954718884894,-0.0192751266747729
89.4,"female",0.665496028885633,0.0474151778279904,0.00480785768823541,1.03533727271897,0.574903360892706,0.589200569366553,0.633925205808668,0.66572399513222,0.697610298657941,0.742637394585476,0.757049589757676,-0.0192643875042756
89.5,"female",0.663570071790366,0.0474266980107654,0.00480785768823541,1.03533727271897,0.572955393037569,0.58725607521883,0.631991578138937,0.663798093424552,0.695692144175137,0.740730180067441,0.755145876884687,-0.0192536449643621
89.6,"female",0.661645188260246,0.0474383965089789,0.00480785768823541,1.03533727271897,0.571008158053479,0.585312367710023,0.630058905305175,0.661873266139348,0.693775184030413,0.738824329222004,0.753243581884598,-0.0192428990549096
89.7,"female",0.659721378629021,0.047450273990624,0.00480785768823541,1.03533727271897,0.5690616549979,0.583369446099015,0.628127187196352,0.65994951361357,0.691859419009949,0.736919843469696,0.751342706380979,-0.0192321497758
89.8,"female",0.657798643230439,0.0474623311262532,0.00480785768823541,1.03533727271897,0.567115882923405,0.581427309640573,0.626196423699739,0.658026836184188,0.689944849901656,0.735016724235209,0.749443252002343,-0.0192213971269126
89.9,"female",0.655876982398247,0.0474745685890016,0.00480785768823541,1.03533727271897,0.56517084087763,0.579485957585306,0.624266614700884,0.656105234188187,0.688031477495197,0.733114972947436,0.747545220382188,-0.0192106411081164
90,"female",0.653956396466194,0.0474869870546096,0.00480785768823541,1.03533727271897,0.56322652790324,0.577545389179635,0.622337760083601,0.654184707962565,0.686119302581999,0.731214591039512,0.745648613159044,-0.0191998817192856
90.1,"female",0.652036885768029,0.0474995872014459,0.00480785768823541,1.03533727271897,0.561282943037871,0.575605603665748,0.620409859729956,0.65226525784433,0.684208325955269,0.729315579948846,0.743753431976516,-0.019189118960298
90.2,"female",0.650118450637499,0.0475123697105308,0.00480785768823541,1.03533727271897,0.559340085314098,0.573666600281567,0.618482913520246,0.650346884170505,0.682298548410008,0.72741794111716,0.741859678483326,-0.0191783528310238
90.3,"female",0.648201091408352,0.0475253352655595,0.00480785768823541,1.03533727271897,0.557397953759382,0.571728378260712,0.61655692133299,0.648429587278125,0.680389970743031,0.72552167599053,0.739967354333365,-0.0191675833313318
90.4,"female",0.646284808414335,0.0475384845529256,0.00480785768823541,1.03533727271897,0.555456547396029,0.569790936832458,0.614631883044909,0.646513367504239,0.678482593752981,0.723626786019421,0.738076461185732,-0.0191568104610926
90.5,"female",0.644369601989199,0.0475518182617447,0.00480785768823541,1.03533727271897,0.553515865241147,0.567854275221702,0.612707798530911,0.644598225185907,0.676576418240343,0.721733272658726,0.736187000704784,-0.019146034220176
90.6,"female",0.642455472466689,0.047565337083878,0.00480785768823541,1.03533727271897,0.551575906306596,0.565918392648924,0.610784667664078,0.642684160660204,0.674671445007462,0.719841137367806,0.734298974560175,-0.0191352546084475
90.7,"female",0.640542420180555,0.0475790417139562,0.00480785768823541,1.03533727271897,0.549636669598942,0.563983288330144,0.608862490315646,0.640771174264217,0.67276767485856,0.717950381610527,0.732412384426912,-0.0191244716257741
90.8,"female",0.638630445464544,0.0475929328494036,0.00480785768823541,1.03533727271897,0.547698154119419,0.56204896147689,0.606941266354992,0.638859266335049,0.670865108599748,0.716061006855302,0.730527231985393,-0.019113685272025
90.9,"female",0.636719548652404,0.0476070111904624,0.00480785768823541,1.03533727271897,0.545760358863872,0.560115411296155,0.605020995649615,0.636948437209812,0.668963747039049,0.714173014575124,0.728643518921456,-0.0191028955470593
91,"female",0.634809730077883,0.0476212774402166,0.00480785768823541,1.03533727271897,0.54382328282272,0.558182636990359,0.603101678065123,0.635038687225637,0.66706359098641,0.712286406247615,0.72676124692643,-0.0190921024507373
91.1,"female",0.63290099007473,0.0476357323046164,0.00480785768823541,1.03533727271897,0.541886924980904,0.55625063775731,0.601183313465218,0.633130016719665,0.665164641253717,0.710401183355056,0.724880417697176,-0.0190813059829245
91.2,"female",0.630993328976693,0.0476503764925035,0.00480785768823541,1.03533727271897,0.53995128431784,0.554319412790163,0.599265901711671,0.631222426029052,0.663266898654818,0.708517347384434,0.723001032936138,-0.0190705061434834
91.3,"female",0.629086747117519,0.0476652107156348,0.00480785768823541,1.03533727271897,0.538016359807375,0.552388961277383,0.597349442664318,0.629315915490968,0.661370364005532,0.706634899827479,0.721123094351389,-0.0190597029322734
91.4,"female",0.627181244830956,0.0476802356887081,0.00480785768823541,1.03533727271897,0.536082150417737,0.550459282402703,0.595433936181033,0.627410485442597,0.659475038123671,0.704753842180703,0.719246603656681,-0.019048896349145
91.5,"female",0.625276822450754,0.0476954521293864,0.00480785768823541,1.03533727271897,0.53414865511149,0.548530375345083,0.593519382117717,0.625506136221139,0.657580921829057,0.702874175945448,0.717371562571493,-0.0190380863939593
91.6,"female",0.623373480310659,0.0477108607583237,0.00480785768823541,1.03533727271897,0.53221587284548,0.546602239278672,0.591605780328279,0.623602868163806,0.655688015943537,0.700995902627917,0.715497972821075,-0.0190272730665783
91.7,"female",0.621471218744419,0.0477264622991899,0.00480785768823541,1.03533727271897,0.530283802570792,0.544674873372765,0.589693130664621,0.621700681607823,0.653796321290999,0.69911902373922,0.713625836136504,-0.0190164563668474
91.8,"female",0.619570038085784,0.0477422574786963,0.00480785768823541,1.03533727271897,0.528352443232703,0.542748276791764,0.587781432976618,0.619799576890436,0.651905838697392,0.697243540795418,0.71175515425473,-0.0190056362946209
91.9,"female",0.6176699386685,0.0477582470266212,0.00480785768823541,1.03533727271897,0.526421793770626,0.540822448695134,0.585870687112104,0.617899554348899,0.650016568990743,0.695369455317559,0.709885928918623,-0.0189948128497555
92,"female",0.615770920826315,0.0477744316758358,0.00480785768823541,1.03533727271897,0.524491853118067,0.538897388237367,0.583960892916855,0.616000614320485,0.648128513001174,0.693496768831724,0.708018161877025,-0.0189839860320989
92.1,"female",0.613872984892979,0.0477908121623298,0.00480785768823541,1.03533727271897,0.522562620202572,0.536973094567933,0.582052050234568,0.61410275714248,0.646241671560917,0.69162548286907,0.706151854884801,-0.018973155841501
92.2,"female",0.611976131202238,0.047807389225238,0.00480785768823541,1.03533727271897,0.52063409394568,0.535049566831243,0.580144158906848,0.612205983152185,0.644356045504336,0.689755598965866,0.704287009702887,-0.0189623222778071
92.3,"female",0.610080360087842,0.0478241636068657,0.00480785768823541,1.03533727271897,0.518706273262872,0.533126804166609,0.578237218773187,0.610310292686918,0.642471635667942,0.687887118663543,0.702423628098344,-0.0189514853408682
92.4,"female",0.608185671883538,0.0478411360527157,0.00480785768823541,1.03533727271897,0.516779157063516,0.531204805708191,0.576331229670949,0.608415686084011,0.640588442890412,0.686020043508732,0.700561711844403,-0.0189406450305321
92.5,"female",0.606292066923073,0.0478583073115147,0.00480785768823541,1.03533727271897,0.514852744250827,0.529283570584968,0.574426191435352,0.606522163680812,0.638706468012606,0.684154375053311,0.698701262720523,-0.0189298013466365
92.6,"female",0.604399545540197,0.0478756781352399,0.00480785768823541,1.03533727271897,0.512927033721804,0.527363097920687,0.572522103899449,0.604629725814684,0.636825711877586,0.682290114854446,0.696842282512439,-0.018918954289027
92.7,"female",0.602508108068656,0.0478932492791458,0.00480785768823541,1.03533727271897,0.511002024367186,0.525443386833819,0.570618966894111,0.602738372823006,0.634946175330632,0.680427264474632,0.694984773012212,-0.0189081038575459
92.8,"female",0.6006177548422,0.0479110215017912,0.00480785768823541,1.03533727271897,0.5090777150714,0.523524436437522,0.56871678024801,0.600848105043175,0.633067859219265,0.678565825481744,0.693128736018286,-0.0188972500520365
92.9,"female",0.598728486194575,0.0479289955650666,0.00480785768823541,1.03533727271897,0.507154104712505,0.521606245839588,0.566815543787595,0.598958922812599,0.63119076439326,0.676705799449074,0.691274173335536,-0.0188863928723335
93,"female",0.596840302459532,0.0479471722342212,0.00480785768823541,1.03533727271897,0.505231192162146,0.519688814142411,0.564915257337086,0.597070826468708,0.629314891704669,0.674847187955382,0.689421086775324,-0.0188755323182743
93.1,"female",0.594953203970816,0.0479655522778907,0.00480785768823541,1.03533727271897,0.503308976285495,0.51777214044293,0.563015920718442,0.595183816348944,0.627440242007835,0.672989992584935,0.687569478155549,-0.0188646683897006
93.2,"female",0.593067191062177,0.0479841364681246,0.00480785768823541,1.03533727271897,0.501387455941201,0.515856223832593,0.561117533751351,0.593297892790768,0.625566816159416,0.671134214927553,0.685719349300704,-0.0188538010864445
93.3,"female",0.591182264067362,0.0480029255804144,0.00480785768823541,1.03533727271897,0.499466629981338,0.513941063397311,0.559220096253211,0.591413056131655,0.623694615018399,0.669279856578659,0.683870702041926,-0.0188429304083396
93.4,"female",0.589298423320119,0.0480219203937213,0.00480785768823541,1.03533727271897,0.497546497251352,0.512026658217409,0.557323608039107,0.5895293067091,0.621823639446122,0.66742691913932,0.682023538217053,-0.0188320563552177
93.5,"female",0.587415669154197,0.0480411216905048,0.00480785768823541,1.03533727271897,0.495627056590003,0.510113007367586,0.555428068921797,0.587646644860612,0.619953890306294,0.665575404216292,0.680177859670677,-0.018821178926911
93.6,"female",0.585534001903343,0.0480605302567504,0.00480785768823541,1.03533727271897,0.493708306829315,0.508200109916865,0.553533478711688,0.585765070923718,0.618085368465008,0.663725313422072,0.6783336682542,-0.0188102981232499
93.7,"female",0.583653421901305,0.0480801468819987,0.00480785768823541,1.03533727271897,0.491790246794519,0.506287964928549,0.551639837216824,0.583884585235962,0.616218074790769,0.661876648374937,0.676490965825885,-0.0187994139440631
93.8,"female",0.581773929481832,0.0480999723593736,0.00480785768823541,1.03533727271897,0.489872875303999,0.504376571460175,0.54974714424286,0.582005188134905,0.614352010154507,0.660029410698996,0.674649754250918,-0.0187885263891732
93.9,"female",0.579895524978672,0.0481200074856117,0.00480785768823541,1.03533727271897,0.48795619116924,0.50246592856347,0.547855399593047,0.580126879958127,0.6124871754296,0.658183602024235,0.672810035401459,-0.0187776354584093
94,"female",0.578018208725573,0.0481402530610909,0.00480785768823541,1.03533727271897,0.486040193194765,0.500556035284296,0.545964603068212,0.578249661043223,0.61062357149189,0.656339223986563,0.670971811156698,-0.0187667411516012
94.1,"female",0.576141981056282,0.0481607098898597,0.00480785768823541,1.03533727271897,0.484124880178086,0.498646890662613,0.544074754466735,0.576373531727807,0.608761199219707,0.654496278227862,0.669135083402913,-0.0187558434685645
94.2,"female",0.574266842304547,0.0481813787796667,0.00480785768823541,1.03533727271897,0.482210250909647,0.496738493732426,0.542185853584535,0.57449849234951,0.606900059493887,0.652654766396035,0.667299854033528,-0.0187449424091171
94.3,"female",0.572392792804118,0.0482022605419904,0.00480785768823541,1.03533727271897,0.480296304172764,0.494830843521738,0.540297900215048,0.572624543245983,0.605040153197792,0.650814690145052,0.665466124949168,-0.0187340379730863
94.4,"female",0.570519832888741,0.0482233559920683,0.00480785768823541,1.03533727271897,0.478383038743571,0.492923939052503,0.538410894149206,0.570751684754893,0.60318148121733,0.648976051134997,0.663633898057715,-0.0187231301602928
94.5,"female",0.568647962892165,0.0482446659489276,0.00480785768823541,1.03533727271897,0.47647045339096,0.491017779340579,0.536524835175416,0.568879917213925,0.601324044440975,0.647138851032122,0.661803175274371,-0.0187122189705435
94.6,"female",0.566777183148138,0.0482661912354149,0.00480785768823541,1.03533727271897,0.47455854687653,0.489112363395676,0.534639723079545,0.567009240960784,0.59946784375979,0.645303091508894,0.659973958521711,-0.0187013044036613
94.7,"female",0.564907493990408,0.0482879326782265,0.00480785768823541,1.03533727271897,0.472647317954518,0.48720769022131,0.532755557644895,0.565139656333193,0.597612880067441,0.643468774244038,0.658146249729742,-0.0186903864594643
94.8,"female",0.563038895752722,0.0483098911079392,0.00480785768823541,1.03533727271897,0.470736765371753,0.485303758814753,0.530872338652184,0.563271163668892,0.595759154260228,0.641635900922598,0.656320050835968,-0.0186794651377534
94.9,"female",0.56117138876883,0.0483320673590407,0.00480785768823541,1.03533727271897,0.468826887867588,0.483400568166986,0.528990065879527,0.561403763305642,0.593906667237096,0.639804473235978,0.654495363785442,-0.0186685404383461
95,"female",0.559304973372479,0.0483544622699609,0.00480785768823541,1.03533727271897,0.466917684173847,0.481498117262643,0.527108739102414,0.559537455581222,0.59205541989966,0.637974492881996,0.652672190530828,-0.0186576123610554
95.1,"female",0.557439649897416,0.0483770766831023,0.00480785768823541,1.03533727271897,0.46500915301476,0.479596405079968,0.525228358093689,0.557672240833431,0.590205413152229,0.636145961564933,0.650850533032463,-0.0186466809056848
95.2,"female",0.555575418677391,0.048399911444872,0.00480785768823541,1.03533727271897,0.463101293106908,0.477695430590761,0.52334892262353,0.555808119400085,0.588356647901821,0.634318880995587,0.649030393258415,-0.0186357460720446
95.3,"female",0.553712280046151,0.0484229674057129,0.00480785768823541,1.03533727271897,0.461194103159161,0.475795192760328,0.521470432459428,0.553945091619022,0.586509125058187,0.632493252891318,0.647211773184544,-0.0186248078599335
95.4,"female",0.551850234337445,0.0484462454201351,0.00480785768823541,1.03533727271897,0.459287581872619,0.473895690547431,0.519592887366166,0.552083157828098,0.584662845533837,0.630669078976108,0.645394674794566,-0.0186138662691624
95.5,"female",0.549989281885019,0.0484697463467483,0.00480785768823541,1.03533727271897,0.457381727940546,0.471996922904232,0.517716287105797,0.550222318365189,0.582817810244053,0.628846360980605,0.643579100080109,-0.0186029212995353
95.6,"female",0.548129423022622,0.0484934710482936,0.00480785768823541,1.03533727271897,0.455476540048316,0.470098888776251,0.515840631437623,0.548362573568192,0.580974020106917,0.627025100642181,0.641765051040782,-0.0185919729508419
95.7,"female",0.546270658084003,0.0485174203916756,0.00480785768823541,1.03533727271897,0.453572016873347,0.468201587102303,0.513965920118175,0.546503923775021,0.579131476043331,0.625205299704979,0.639952529684231,-0.0185810212228885
95.8,"female",0.544412987402909,0.0485415952479953,0.00480785768823541,1.03533727271897,0.451668157085037,0.466305016814455,0.512092152901189,0.544646369323614,0.57729017897704,0.623386959919973,0.638141538026206,-0.0185700661154723
95.9,"female",0.542556411313089,0.0485659964925824,0.00480785768823541,1.03533727271897,0.449764959344708,0.464409176837966,0.510219329537584,0.542789910551926,0.575450129834652,0.621570083045012,0.636332078090621,-0.0185591076283873
96,"female",0.54070093014829,0.0485906250050286,0.00480785768823541,1.03533727271897,0.447862422305538,0.462514066091239,0.508347449775443,0.540934547797936,0.573611329545662,0.619754670844884,0.634524151909621,-0.0185481457614317
96.1,"female",0.538846544242261,0.0486154816692204,0.00480785768823541,1.03533727271897,0.445960544612496,0.460619683485767,0.50647651335999,0.53908028139964,0.571773779042473,0.617940725091362,0.632717761523643,-0.0185371805143933
96.2,"female",0.536993253928749,0.0486405673733724,0.00480785768823541,1.03533727271897,0.444059324902287,0.458726027926076,0.504606520033565,0.537227111695058,0.569937479260421,0.616128247563259,0.63091290898148,-0.0185262118870658
96.3,"female",0.535141059541503,0.0486658830100612,0.00480785768823541,1.03533727271897,0.442158761803277,0.456833098309676,0.502737469535604,0.535375039022227,0.568102431137795,0.614317240046487,0.629109596340349,-0.0185152398792407
96.4,"female",0.53328996141427,0.0486914294762587,0.00480785768823541,1.03533727271897,0.440258853935437,0.454940893527002,0.500869361602619,0.533524063719209,0.566268635615863,0.612507704334109,0.627307825665953,-0.0185042644907005
96.5,"female",0.531439959880799,0.0487172076733665,0.00480785768823541,1.03533727271897,0.438359599910274,0.453049412461364,0.49900219596817,0.531674186124087,0.56443609363889,0.610699642226393,0.62550759903255,-0.018493285721236
96.6,"female",0.529591055274837,0.0487432185072498,0.00480785768823541,1.03533727271897,0.436460998330766,0.451158653988888,0.497135972362845,0.529825406574962,0.562604806154166,0.608893055530869,0.623708918523013,-0.0184823035706264
96.7,"female",0.527743247930133,0.0487694628882716,0.00480785768823541,1.03533727271897,0.434563047791299,0.449268616978462,0.495270690514239,0.527977725409962,0.56077477411203,0.607087946062388,0.621911786228906,-0.0184713180386617
96.8,"female",0.525896538180435,0.0487959417313281,0.00480785768823541,1.03533727271897,0.432665746877595,0.44737930029168,0.493406350146926,0.52613114296723,0.558945998465885,0.605284315643172,0.620116204250538,-0.0184603291251209
96.9,"female",0.524050926359491,0.0488226559558828,0.00480785768823541,1.03533727271897,0.430769094166652,0.445490702782788,0.491542950982441,0.524285659584937,0.557118480172233,0.603482166102877,0.618322174697044,-0.0184493368297803
97,"female",0.522206412801048,0.0488496064860018,0.00480785768823541,1.03533727271897,0.428873088226674,0.443602823298625,0.489680492739255,0.522441275601274,0.555292220190691,0.601681499278644,0.616529699686442,-0.0184383411524208
97.1,"female",0.520362997838856,0.0488767942503893,0.00480785768823541,1.03533727271897,0.426977727617002,0.441715660678567,0.487818975132748,0.520597991354454,0.553467219484019,0.599882317015162,0.614738781345708,-0.0184273420928152
97.2,"female",0.518520681806661,0.0489042201824229,0.00480785768823541,1.03533727271897,0.425083010888049,0.43982921375447,0.48595839787519,0.518755807182711,0.551643479018139,0.598084621164723,0.612949421810841,-0.018416339650745
97.3,"female",0.516679465038212,0.0489318852201896,0.00480785768823541,1.03533727271897,0.423188936581229,0.437943481350613,0.484098760675715,0.516914723424304,0.549820999762166,0.59628841358728,0.611161623226932,-0.0184053338259752
97.4,"female",0.514839347867258,0.0489597903065216,0.00480785768823541,1.03533727271897,0.421295503228891,0.436058462283638,0.482240063240299,0.515074740417516,0.547999782688428,0.594493696150508,0.609375387748236,-0.0183943246182797
97.5,"female",0.513000330627545,0.0489879363890325,0.00480785768823541,1.03533727271897,0.419402709354248,0.434174155362494,0.480382305271731,0.513235858500648,0.54617982877249,0.59270047072986,0.60759071753824,-0.0183833120274284
97.6,"female",0.511162413652822,0.0490163244201541,0.00480785768823541,1.03533727271897,0.417510553471307,0.432290559388378,0.478525486469596,0.51139807801203,0.544361138993183,0.590908739208626,0.605807614769736,-0.0183722960531854
97.7,"female",0.509325597276838,0.0490449553571728,0.00480785768823541,1.03533727271897,0.4156190340848,0.430407673154673,0.476669606530244,0.509561399290011,0.542543714332623,0.589118503477998,0.604026081624887,-0.0183612766953226
97.8,"female",0.50748988183334,0.0490738301622667,0.00480785768823541,1.03533727271897,0.413728149690112,0.428525495446894,0.474814665146767,0.507725822672966,0.540727555776242,0.587329765437122,0.602246120295301,-0.0183502539536026
97.9,"female",0.505655267656075,0.0491029498025426,0.00480785768823541,1.03533727271897,0.411837898773212,0.426644025042623,0.472960662008977,0.505891348499291,0.538912664312807,0.585542526993167,0.600467732982107,-0.0183392278277814
98,"female",0.503821755078794,0.0491323152500739,0.00480785768823541,1.03533727271897,0.409948279810581,0.424763260711451,0.47110759680338,0.504057977107409,0.537099040934453,0.583756790061379,0.598690921896019,-0.0183281983176264
98.1,"female",0.501989344435242,0.0491619274819376,0.00480785768823541,1.03533727271897,0.408059291269135,0.422883201214917,0.469255469213147,0.502225708835766,0.5352866866367,0.581972556565147,0.596915689257416,-0.0183171654228917
98.2,"female",0.500158036059169,0.0491917874802532,0.00480785768823541,1.03533727271897,0.406170931606162,0.421003845306449,0.467404278918096,0.500394544022831,0.533475602418486,0.580189828436061,0.595142037296412,-0.0183061291433343
98.3,"female",0.498327830284321,0.0492218962322197,0.00480785768823541,1.03533727271897,0.40428319926924,0.419125191731297,0.465554025594659,0.498564483007099,0.531665789282187,0.578408607613978,0.593369968252929,-0.0182950894787118
98.4,"female",0.496498727444449,0.0492522547301552,0.00480785768823541,1.03533727271897,0.402396092696171,0.417247239226478,0.463704708915862,0.496735526127089,0.529857248233649,0.576628896047083,0.591599484376773,-0.0182840464287751
98.5,"female",0.494670727873299,0.0492828639715348,0.00480785768823541,1.03533727271897,0.400509610314898,0.415369986520707,0.461856328551295,0.494907673721344,0.528049980282209,0.574850695691948,0.589830587927708,-0.0182729999932759
98.6,"female",0.492843831904619,0.0493137249590299,0.00480785768823541,1.03533727271897,0.398623750543442,0.413493432334343,0.460008884167091,0.493080926128434,0.526243986440723,0.573074008513602,0.588063281175534,-0.018261950171963
98.7,"female",0.491018039872158,0.0493448387005474,0.00480785768823541,1.03533727271897,0.396738511789816,0.411617575379315,0.458162375425894,0.491255283686951,0.524439267725593,0.571298836485592,0.586297566400155,-0.0182508969645845
98.8,"female",0.489193352109663,0.0493762062092691,0.00480785768823541,1.03533727271897,0.394853892451958,0.409742414359068,0.456316801986838,0.489430746735517,0.522635825156796,0.569525181590045,0.584533445891664,-0.0182398403708817
98.9,"female",0.487369768950884,0.0494078285036915,0.00480785768823541,1.03533727271897,0.392969890917649,0.407867947968494,0.454472163505517,0.487607315612775,0.520833659757907,0.567753045817736,0.582770921950416,-0.0182287803906065
99,"female",0.485547290729566,0.0494397066076659,0.00480785768823541,1.03533727271897,0.391086505564441,0.405994174893867,0.452628459633961,0.485784990657395,0.519032772556128,0.565982431168152,0.581009996887105,-0.0182232495537942
