"age_in_years","sex","mu","sigma","nu","tau","C2.5","C5","C25","C50","C75","C95","C97.5","growth_rate"
5,"male",2.58469846031123,0.0463493209628621,0.00480785768823541,1.03533727271897,2.49614224607707,2.51011806425983,2.55383732514551,2.58492130205127,2.616090825907,2.66010574722063,2.67419396728888,-0.0265085276403188
5.1,"male",2.58204734911452,0.0464030729165655,0.00480785768823541,1.03533727271897,2.49338843500411,2.50738046113806,2.5511504238601,2.58227044928724,2.61347612087433,2.65754208690585,2.67164664527932,-0.0265058966806131
5.2,"male",2.57939676511881,0.0464566149969395,0.00480785768823541,1.03533727271897,2.49063555212155,2.5046437229231,2.5484641895173,2.57962012271515,2.61086180089558,2.654978612342,2.66909944522814,-0.0265006302663328
5.3,"male",2.5767467092247,0.0465099468607909,0.00480785768823541,1.03533727271897,2.48788359898574,2.50190785106782,2.54577862324624,2.57697032323398,2.60824786663893,2.65241532387135,2.66655236737328,-0.026495354862186
5.4,"male",2.57409718233282,0.0465630681700386,0.00480785768823541,1.03533727271897,2.48513257714325,2.49917284701684,2.54309372617265,2.57432105174271,2.605634318776,2.64985222184448,2.66400541196258,-0.0264900704679283
5.5,"male",2.57144818534381,0.0466159785917132,0.00480785768823541,1.03533727271897,2.48238248813089,2.49643871220656,2.54040949941886,2.57167230914039,2.60302115798192,2.64728930662031,2.66145857925372,-0.02648477708332
5.6,"male",2.56879971915827,0.0466686777979556,0.00480785768823541,1.03533727271897,2.47963333347568,2.49370544806517,2.53772594410379,2.56902409632605,2.60040838493524,2.64472657856604,2.65891186951428,-0.0264794747081098
5.7,"male",2.56615178467684,0.0467211654660169,0.00480785768823541,1.03533727271897,2.47688511469492,2.49097305601261,2.53504306134297,2.56637641419877,2.59779600031799,2.64216403805722,2.65636528302169,-0.026474163342054
5.8,"male",2.56350438280015,0.0467734412782565,0.00480785768823541,1.03533727271897,2.47413783329611,2.48824153746064,2.53236085224852,2.56372926365764,2.59518400481566,2.63960168547769,2.65381882006323,-0.026468842984908
5.9,"male",2.5608575144288,0.0468255049221418,0.00480785768823541,1.03533727271897,2.47139149077701,2.48551089381276,2.52967931792916,2.56108264560179,2.59257239911719,2.6370395212196,2.65127248093606,-0.0264635136364255
6,"male",2.55821118046344,0.0468773560902457,0.00480785768823541,1.03533727271897,2.46864608862563,2.48278112646428,2.52699845949021,2.55843656093035,2.58996118391499,2.63447754568341,2.64872626594721,-0.0264581752963601
6.1,"male",2.55556538180468,0.0469289944802457,0.00480785768823541,1.03533727271897,2.46590162832021,2.48005223680229,2.52431827803359,2.55579101054252,2.58735035990492,2.63191575927789,2.64618017541354,-0.0264528279644649
6.2,"male",2.55292011935314,0.0469804197949217,0.00480785768823541,1.03533727271897,2.46315811132926,2.47732422620567,2.52163877465782,2.55314599533746,2.58473992778629,2.6293541624201,2.64363420966178,-0.0264474716404983
6.3,"male",2.55027539400945,0.0470316317421541,0.00480785768823541,1.03533727271897,2.46041553911153,2.47459709604509,2.51895995045804,2.55050151621442,2.58212988826188,2.62679275553541,2.6410883690285,-0.0264421063242159
6.4,"male",2.54763120667424,0.0470826300349218,0.00480785768823541,1.03533727271897,2.45767391311603,2.47187084768302,2.51628180652598,2.54785757407262,2.57952024203791,2.62423153905748,2.63854265386011,-0.0264367320153669
6.5,"male",2.54498755824813,0.0471334143912992,0.00480785768823541,1.03533727271897,2.45493323478204,2.46914548247372,2.51360434394997,2.54521416981134,2.57691098982405,2.62167051342825,2.63599706451289,-0.0264313487137092
6.6,"male",2.54234444963174,0.0471839845344545,0.00480785768823541,1.03533727271897,2.45219350553911,2.46642100176327,2.51092756381497,2.54257130432988,2.57430213233344,2.61910967909798,2.6334516013529,-0.026425956419005
6.7,"male",2.53970188172569,0.0472343401926461,0.00480785768823541,1.03533727271897,2.44945472680706,2.46369740688956,2.50825146720254,2.53992897852754,2.57169367028265,2.61654903652516,2.63090626475609,-0.026420555130997
6.8,"male",2.53705985543062,0.0472844810992205,0.00480785768823541,1.03533727271897,2.44671689999598,2.46097469918226,2.50557605519085,2.53728719330368,2.5690856043917,2.6139885861766,2.62836105510818,-0.0264151448494454
6.9,"male",2.53441837164714,0.0473344069926084,0.00480785768823541,1.03533727271897,2.44398002650627,2.45825287996291,2.50290132885469,2.53464594955765,2.56647793538404,2.61142832852737,2.62581597280475,-0.0264097255741102
7,"male",2.53177743127588,0.0473841176163223,0.00480785768823541,1.03533727271897,2.4412441077286,2.45553195054483,2.50022728926545,2.53200524818886,2.56387066398659,2.60886826406081,2.62327101825117,-0.0264042973047452
7.1,"male",2.52913703521746,0.047433612718952,0.00480785768823541,1.03533727271897,2.43850914504394,2.45281191223319,2.49755393749116,2.5293650900967,2.56126379092969,2.6063083932685,2.62072619186262,-0.0263988600411058
7.2,"male",2.52649718437251,0.0474828920541621,0.00480785768823541,1.03533727271897,2.43577513982358,2.450092766325,2.49488127459647,2.52672547618063,2.55865731694712,2.60374871665031,2.61818149406406,-0.0263934137829458
7.3,"male",2.52385787964165,0.0475319553806873,0.00480785768823541,1.03533727271897,2.4330420934291,2.44737451410908,2.49220930164265,2.52408640734011,2.5560512427761,2.60118923471433,2.61563692529028,-0.0263879585300275
7.4,"male",2.52121912192551,0.0475808024623288,0.00480785768823541,1.03533727271897,2.43031000721241,2.44465715686615,2.48953801968758,2.52144788447463,2.55344556915727,2.5986299479769,2.61309248598582,-0.0263824942820978
7.5,"male",2.5185809121247,0.0476294330679503,0.00480785768823541,1.03533727271897,2.42757888251576,2.44194069586873,2.48686742978579,2.51880990848369,2.5508402968347,2.59607085696262,2.61054817660501,-0.026377021038917
7.6,"male",2.51594325113986,0.0476778469714732,0.00480785768823541,1.03533727271897,2.42484872067172,2.43922513238124,2.48419753298843,2.51617248026685,2.54823542655591,2.59351196220428,2.60800399761193,-0.0263715388002494
7.7,"male",2.5133061398716,0.0477260439518727,0.00480785768823541,1.03533727271897,2.4221195230032,2.43651046765994,2.48152833034331,2.51353560072364,2.54563095907181,2.59095326424292,2.60545994948043,-0.0263660475658489
7.8,"male",2.51066957922056,0.0477740237931727,0.00480785768823541,1.03533727271897,2.4193912908235,2.43379670295299,2.47885982289484,2.51089927075368,2.54302689513675,2.58839476362778,2.60291603269412,-0.0263605473354689
7.9,"male",2.50803357008734,0.047821786284441,0.00480785768823541,1.03533727271897,2.41666402543623,2.43108383950043,2.47619201168409,2.50826349125655,2.54042323550848,2.58583646091632,2.60037224774633,-0.0263550381088628
8,"male",2.50539811337259,0.0478693312197844,0.00480785768823541,1.03533727271897,2.41393772813541,2.42837187853417,2.47352489774879,2.5056282631319,2.53781998094818,2.58327835667419,2.59782859514013,-0.0263495198857978
8.1,"male",2.50276320997692,0.0479166583983437,0.00480785768823541,1.03533727271897,2.41121240020543,2.42566082127804,2.47085848212329,2.50299358727939,2.53521713222044,2.58072045147521,2.5952850753883,-0.0263439926660337
8.2,"male",2.50012886080096,0.047963767624288,0.00480785768823541,1.03533727271897,2.40848804292108,2.42295066894778,2.46819276583862,2.5003594645987,2.53261469009323,2.57816274590142,2.59274168901333,-0.0263384564493195
8.3,"male",2.49749506674533,0.0480106587068094,0.00480785768823541,1.03533727271897,2.40576465754753,2.42024142275103,2.46552774992243,2.49772589598953,2.53001265533795,2.57560524054301,2.59019843654743,-0.0263329112354159
8.4,"male",2.49486182871065,0.0480573314601172,0.00480785768823541,1.03533727271897,2.4030422453404,2.41753308388739,2.46286343539907,2.49509288235161,2.52741102872939,2.57304793599833,2.58765531853248,-0.0263273570240875
8.5,"male",2.49222914759756,0.0481037857034323,0.00480785768823541,1.03533727271897,2.4003208075457,2.41482565354835,2.46019982328953,2.49246042458471,2.52480981104573,2.57049083287388,2.58511233552003,-0.0263217938150896
8.6,"male",2.48959702430666,0.0481500212609809,0.00480785768823541,1.03533727271897,2.3976003453999,2.41211913291739,2.45753691461147,2.4898285235886,2.52220900306855,2.56793393178433,2.58256948807131,-0.0263162216081826
8.7,"male",2.48696545973859,0.0481960379619884,0.00480785768823541,1.03533727271897,2.39488086012991,2.40941352316991,2.45487471037921,2.48719718026307,2.51960860558279,2.56537723335245,2.5800267767572,-0.0263106404031264
8.8,"male",2.48433445479398,0.0482418356406733,0.00480785768823541,1.03533727271897,2.3921623529531,2.40670882547331,2.45221321160377,2.48456639550797,2.51700861937681,2.56282073820916,2.57748420215821,-0.0263050501996819
8.9,"male",2.48170401037344,0.0482874141362405,0.00480785768823541,1.03533727271897,2.38944482507731,2.40400504098693,2.44955241929284,2.48193617022314,2.51440904524231,2.56026444699347,2.57494176486449,-0.0262994509976023
9,"male",2.4790741273776,0.0483327732928746,0.00480785768823541,1.03533727271897,2.38672827770087,2.40130217086213,2.44689233445078,2.47930650530845,2.5118098839744,2.55770836035251,2.5723994654758,-0.0262938427966542
9.1,"male",2.47644480670708,0.0483779129597332,0.00480785768823541,1.03533727271897,2.38401271201261,2.39860021624225,2.44423295807866,2.47667740166381,2.50921113637152,2.55515247894149,2.56985730460151,-0.0262882255966069
9.2,"male",2.47381604926251,0.04842283299094,0.00480785768823541,1.03533727271897,2.38129812919187,2.39589917826264,2.44157429117424,2.47404886018913,2.5066128032355,2.55259680342371,2.56731528286057,-0.0262825993972092
9.3,"male",2.47118785594451,0.0484675332455774,0.00480785768823541,1.03533727271897,2.37858453040851,2.39319905805067,2.43891633473195,2.47142088178436,2.50401488537153,2.55004133447052,2.5647734008815,-0.0262769641982262
9.4,"male",2.4685602276537,0.0485120135876794,0.00480785768823541,1.03533727271897,2.37587191682293,2.39049985672575,2.43625908974297,2.46879346734948,2.50141738358812,2.54748607276134,2.56223165930239,-0.0262713199994225
9.5,"male",2.46593316529072,0.0485562738862244,0.00480785768823541,1.03533727271897,2.3731602895861,2.38780157539933,2.43360255719514,2.46616661778448,2.49882029869718,2.54493101898363,2.55969005877088,-0.026265666800558
9.6,"male",2.46330666975618,0.0486003140151269,0.00480785768823541,1.03533727271897,2.37044964983954,2.38510421517492,2.43094673807306,2.46354033398937,2.49622363151392,2.54237617383288,2.55714859994414,-0.0262600046013995
9.7,"male",2.4606807419507,0.0486441338532306,0.00480785768823541,1.03533727271897,2.36773999871536,2.38240777714809,2.42829163335801,2.4609146168642,2.49362738285691,2.53982153801261,2.55460728348885,-0.026254333401705
9.8,"male",2.45805538277492,0.0486877332842998,0.00480785768823541,1.03533727271897,2.36503133733627,2.3797122624065,2.42563724402801,2.45828946730903,2.49103155354805,2.53726711223433,2.5520661100812,-0.0262486532012395
9.9,"male",2.45543059312945,0.0487311121970118,0.00480785768823541,1.03533727271897,2.36232366681558,2.37701767202991,2.42298357105781,2.45566488622395,2.48843614441256,2.53471289721755,2.54952508040685,-0.026242963999772
10,"male",2.45280637391492,0.0487742704849483,0.00480785768823541,1.03533727271897,2.35961698825724,2.37432400709017,2.42033061541889,2.45304087450908,2.48584115627899,2.53215889368975,2.54698419516095,-0.0262372657970601
10.1,"male",2.45018272603196,0.0488172080465875,0.00480785768823541,1.03533727271897,2.35691130275586,2.37163126865128,2.41767837807947,2.45041743306454,2.4832465899792,2.5296051023864,2.5444434550481,-0.0262315585928686
10.2,"male",2.44755965038118,0.0488599247852952,0.00480785768823541,1.03533727271897,2.35420661139668,2.36893945776933,2.41502686000452,2.4477945627905,2.48065244634837,2.52705152405089,2.54190286078233,-0.0262258423869709
10.3,"male",2.44493714786322,0.0489024206093162,0.00480785768823541,1.03533727271897,2.35150291525564,2.36624857549261,2.41237606215575,2.44517226458715,2.47805872622498,2.52449815943458,2.5393624130871,-0.0262201171791275
10.4,"male",2.44231521937869,0.0489446954317659,0.00480785768823541,1.03533727271897,2.34880021539936,2.36355862286154,2.40972598549164,2.44255053935468,2.47546543045079,2.52194500929673,2.53682211269525,-0.0262143829691031
10.5,"male",2.43969386582822,0.0489867491706206,0.00480785768823541,1.03533727271897,2.3460985128852,2.36086960090872,2.40707663096744,2.43992938799332,2.47287255987089,2.51939207440451,2.53428196034905,-0.026208639756662
10.6,"male",2.43707308811243,0.0490285817487091,0.00480785768823541,1.03533727271897,2.34339780876121,2.35818151065897,2.40442799953514,2.43730881140334,2.47028011533362,2.51683935553301,2.5317419568001,-0.0262028875415755
10.7,"male",2.43445288713195,0.0490701930937032,0.00480785768823541,1.03533727271897,2.34069810406622,2.35549435312928,2.40178009214353,2.43468881048501,2.46768809769063,2.51428685346517,2.52920210280937,-0.0261971263236148
10.8,"male",2.43183326378741,0.0491115831381082,0.00480785768823541,1.03533727271897,2.33799939982979,2.35280812932889,2.39913290973817,2.43206938613862,2.46509650779682,2.51173456899181,2.52666239914716,-0.0261913561025361
10.9,"male",2.42921421897942,0.0491527518192535,0.00480785768823541,1.03533727271897,2.33530169707231,2.35012284025926,2.39648645326142,2.4294505392645,2.46250534651038,2.50918250291158,2.52412284659308,-0.0261855768781173
11,"male",2.42659575360861,0.049193699079283,0.00480785768823541,1.03533727271897,2.33260499680494,2.34743848691411,2.39384072365242,2.426832270763,2.45991461469273,2.50663065603099,2.52158344593605,-0.026179788650127
11.1,"male",2.4239778685756,0.0492344248651449,0.00480785768823541,1.03533727271897,2.32990930002965,2.34475507027943,2.39119572184713,2.42421458153448,2.45732431320857,2.50407902916434,2.51904419797424,-0.026173991418328
11.2,"male",2.42136056478102,0.0492749291285825,0.00480785768823541,1.03533727271897,2.32721460773927,2.3420725913335,2.38855144877829,2.42159747247933,2.45473444292585,2.50152762313376,2.51650510351512,-0.0261681851824956
11.3,"male",2.41874384312549,0.0493152118261232,0.00480785768823541,1.03533727271897,2.3245209209175,2.33939105104688,2.38590790537548,2.41898094449798,2.45214500471573,2.49897643876913,2.51396616337535,-0.0261623699423995
11.4,"male",2.41612770450964,0.0493552729190691,0.00480785768823541,1.03533727271897,2.32182824053889,2.33671045038248,2.38326509256509,2.41636499849085,2.44955599945264,2.49642547690812,2.51142737838084,-0.0261565456978064
11.5,"male",2.41351214983409,0.0493951123734861,0.00480785768823541,1.03533727271897,2.31913656756889,2.33403079029552,2.38062301127033,2.41374963535842,2.44696742801422,2.49387473839615,2.50888874936669,-0.0261507124484917
11.6,"male",2.41089717999946,0.0494347301601936,0.00480785768823541,1.03533727271897,2.31644590296389,2.33135207173358,2.37798166241126,2.41113485600115,2.44437929128132,2.49132422408637,2.50635027717719,-0.0261448701942247
11.7,"male",2.40828279590638,0.0494741262547538,0.00480785768823541,1.03533727271897,2.3137562476712,2.3286742956366,2.37534104690477,2.40852066131957,2.44179159013802,2.48877393483965,2.50381196266576,-0.0261390189347808
11.8,"male",2.40566899845548,0.049513300637461,0.00480785768823541,1.03533727271897,2.3110676026291,2.32599746293692,2.37270116566462,2.4059070522142,2.43920432547159,2.48622387152453,2.50127380669499,-0.0261331586699297
11.9,"male",2.40305578854736,0.0495522532933308,0.00480785768823541,1.03533727271897,2.30837996876684,2.32332157455927,2.3700620196014,2.40329402958559,2.43661749817251,2.48367403501729,2.49873581013656,-0.0261272893994447
12,"male",2.40044316708267,0.0495909842120887,0.00480785768823541,1.03533727271897,2.30569334700468,2.32064663142081,2.36742360962257,2.40068159433431,2.43403110913445,2.48112442620181,2.49619797387126,-0.0261214111230991
12.1,"male",2.39783113496203,0.0496294933881595,0.00480785768823541,1.03533727271897,2.30300773825388,2.31797263443114,2.36478593663247,2.39806974736097,2.43144515925425,2.47857504596965,2.49366029878896,-0.0261155238406686
12.2,"male",2.39521969308605,0.0496677808206555,0.00480785768823541,1.03533727271897,2.30032314341678,2.3152995844923,2.36214900153232,2.39545848956618,2.42885964943194,2.47602589522,2.49112278578854,-0.0261096275519311
12.3,"male",2.39260884235536,0.0497058465133652,0.00480785768823541,1.03533727271897,2.29763956338675,2.31262748249882,2.35951280522022,2.39284782185058,2.4262745805707,2.47347697485964,2.48858543577797,-0.0261037222566583
12.4,"male",2.38999858367059,0.0497436904747422,0.00480785768823541,1.03533727271897,2.29495699904827,2.30995632933774,2.35687734859117,2.39023774511484,2.42368995357689,2.47092828580294,2.48604824967418,-0.026097807954626
12.5,"male",2.38738891793236,0.0497813127178929,0.00480785768823541,1.03533727271897,2.29227545127692,2.30728612588857,2.35424263253705,2.38762826025965,2.42110576936001,2.46837982897187,2.48351122840311,-0.0260918846456116
12.6,"male",2.38477984604129,0.0498187132605649,0.00480785768823541,1.03533727271897,2.28959492093942,2.30461687302339,2.35160865794669,2.38501936818572,2.4185220288327,2.4658316052959,2.48097437289964,-0.0260859523293956
12.7,"male",2.38217136889801,0.0498558921251354,0.00480785768823541,1.03533727271897,2.28691540889364,2.30194857160682,2.3489754257058,2.38241106979378,2.41593873291074,2.46328361571209,2.47843768410762,-0.0260800110057467
12.8,"male",2.37956348740315,0.0498928493385988,0.00480785768823541,1.03533727271897,2.28423691598861,2.29928122249604,2.34634293669703,2.37980336598457,2.41335588251303,2.46073586116495,2.47590116297978,-0.0260740606744501
12.9,"male",2.37695620245732,0.0499295849325546,0.00480785768823541,1.03533727271897,2.28155944306461,2.29661482654082,2.34371119179996,2.37719625765889,2.41077347856162,2.45818834260654,2.47336481047777,-0.026068101335286
13,"male",2.37434951496115,0.0499660989431953,0.00480785768823541,1.03533727271897,2.27888299095308,2.29394938458356,2.34108019189113,2.37458974571751,2.40819152198162,2.45564106099636,2.47082862757209,-0.0260621329880296
13.1,"male",2.37174342581527,0.0500023914112939,0.00480785768823541,1.03533727271897,2.27620756047677,2.29128489745928,2.33844993784401,2.37198383106128,2.40561001370129,2.45309401730136,2.4682926152421,-0.026056155632468
13.2,"male",2.36913793592029,0.050038462382191,0.00480785768823541,1.03533727271897,2.27353315244966,2.28862136599563,2.33582043052903,2.36937851459102,2.40302895465195,2.45054721249594,2.46575677447597,-0.0260501692683722
13.3,"male",2.36653304617685,0.0500743119057829,0.00480785768823541,1.03533727271897,2.27085976767705,2.28595879101296,2.3331916708136,2.36677379720761,2.40044834576802,2.4480006475619,2.46322110627067,-0.0260441738955229
13.4,"male",2.36392875748556,0.0501099400365084,0.00480785768823541,1.03533727271897,2.26818740695554,2.2832971733243,2.33056365956209,2.36416967981192,2.397868187987,2.44545432348843,2.46068561163193,-0.0260381695137114
13.5,"male",2.36132507074706,0.0501453468333356,0.00480785768823541,1.03533727271897,2.2655160710731,2.28063651373537,2.32793639763585,2.36156616330486,2.39528848224946,2.44290824127209,2.45815029157424,-0.0260321561227218
13.6,"male",2.35872198686195,0.0501805323597496,0.00480785768823541,1.03533727271897,2.26284576080905,2.27797681304466,2.32530988589326,2.35896324858737,2.39270922949901,2.4403624019168,2.45561514712081,-0.0260261337223256
13.7,"male",2.35611950673088,0.0502154966837392,0.00480785768823541,1.03533727271897,2.26017647693411,2.27531807204338,2.32268412518965,2.3563609365604,2.39013043068233,2.43781680643378,2.45308017930355,-0.0260201023123095
13.8,"male",2.35351763125446,0.0502502398777832,0.00480785768823541,1.03533727271897,2.25750822021044,2.27266029151553,2.32005911637739,2.35375922812491,2.38755208674913,2.43527145584159,2.45054538916302,-0.0260140618924652
13.9,"male",2.35091636133332,0.0502847620188377,0.00480785768823541,1.03533727271897,2.25484099139161,2.27000347223792,2.31743486030588,2.3511581241819,2.38497419865215,2.43272635116604,2.44801077774844,-0.0260080124625751
14,"male",2.34831569786807,0.0503190631883223,0.00480785768823541,1.03533727271897,2.2521747912227,2.26734761498014,2.31481135782151,2.3485576256324,2.38239676734717,2.43018149344023,2.44547634611764,-0.0260019540224189
14.1,"male",2.34571564175936,0.0503531434721067,0.00480785768823541,1.03533727271897,2.24950962044025,2.26469272050466,2.31218860976775,2.34595773337742,2.37981979379298,2.42763688370449,2.44294209533707,-0.0259958865717881
14.2,"male",2.34311619390779,0.0503870029604971,0.00480785768823541,1.03533727271897,2.24684547977236,2.26203878956679,2.30956661698507,2.34335844831804,2.37724327895135,2.42509252300636,2.44040802648171,-0.0259898101104715
14.3,"male",2.34051735521399,0.0504206417482222,0.00480785768823541,1.03533727271897,2.24418236993865,2.25938582291471,2.30694538031104,2.34075977135533,2.37466722378707,2.42254841240058,2.4378741406351,-0.025983724638252
14.4,"male",2.33791912657859,0.0504540599344196,0.00480785768823541,1.03533727271897,2.24152029165034,2.25673382128954,2.30432490058027,2.33816170339039,2.37209162926792,2.42000455294907,2.43534043888928,-0.0259776301549209
14.5,"male",2.33532150890221,0.0504872576226215,0.00480785768823541,1.03533727271897,2.23885924561023,2.25408278542531,2.30170517862444,2.33556424532434,2.36951649636464,2.41746094572089,2.43280692234479,-0.0259715266602646
14.6,"male",2.33272450308548,0.0505202349207413,0.00480785768823541,1.03533727271897,2.23619923251278,2.251432716049,2.29908621527233,2.33296739805833,2.36694182605094,2.41491759179224,2.43027359211063,-0.0259654141540767
14.7,"male",2.33012811002901,0.0505529919410584,0.00480785768823541,1.03533727271897,2.23354025304407,2.24878361388055,2.2964680113498,2.33037116249353,2.36436761930349,2.4123744922464,2.42774044930421,-0.0259592926361461
14.8,"male",2.32753233063344,0.050585528800205,0.00480785768823541,1.03533727271897,2.2308823078819,2.24613547963293,2.29385056767982,2.32777553953111,2.36179387710191,2.40983164817376,2.42520749505136,-0.0259531621062602
14.9,"male",2.32493716579938,0.0506178456191509,0.00480785768823541,1.03533727271897,2.22822539769575,2.24348831401211,2.29123388508246,2.32518053007227,2.35922060042877,2.40728906067175,2.42267473048629,-0.0259470225642168
15,"male",2.32234261642747,0.0506499425231895,0.00480785768823541,1.03533727271897,2.22556952314687,2.24084211771711,2.28861796437493,2.32258613501826,2.35664779026953,2.40474673084483,2.42014215675156,-0.0259408740098045
15.1,"male",2.31974868341832,0.0506818196419229,0.00480785768823541,1.03533727271897,2.22291468488826,2.23819689143999,2.28600280637156,2.31999235527031,2.35407544761262,2.40220465980449,2.41760977499802,-0.0259347164428171
15.2,"male",2.31715536767256,0.0507134771092475,0.00480785768823541,1.03533727271897,2.22026088356471,2.23555263586595,2.2833884118838,2.3173991917297,2.35150357344933,2.3996628486692,2.41507758638485,-0.0259285498630545
15.3,"male",2.31456267009081,0.0507449150633391,0.00480785768823541,1.03533727271897,2.21760811981285,2.23290935167325,2.2807747817203,2.3148066452977,2.34893216877389,2.39712129856437,2.41254559207946,-0.0259223742702995
15.4,"male",2.3119705915737,0.0507761336466381,0.00480785768823541,1.03533727271897,2.21495639426115,2.23026703953333,2.27816191668682,2.31221471687564,2.34636123458338,2.39458001062237,2.41001379325753,-0.0259161896643524
15.5,"male",2.30937913302185,0.0508071330058345,0.00480785768823541,1.03533727271897,2.21230570752996,2.22762570011078,2.27554981758632,2.30962340736483,2.34379077187779,2.39203898598248,2.40748219110292,-0.025909996045015
15.6,"male",2.30678829533589,0.0508379132918527,0.00480785768823541,1.03533727271897,2.20965606023156,2.22498533406336,2.27293848521893,2.30703271766664,2.34122078165996,2.38949822579087,2.40495078680767,-0.025903793412081
15.7,"male",2.30419807941643,0.0508684746598366,0.00480785768823541,1.03533727271897,2.20700745297013,2.22234594204206,2.27032792038198,2.30444264868242,2.3386512649356,2.38695773120058,2.40241958157198,-0.0258975817653416
15.8,"male",2.30160848616411,0.0508988172691344,0.00480785768823541,1.03533727271897,2.20435988634186,2.2197075246911,2.26771812386999,2.30185320131357,2.33608222271325,2.38441750337147,2.39988857660414,-0.0258913611045995
15.9,"male",2.29901951647955,0.0509289412832829,0.00480785768823541,1.03533727271897,2.2017133609349,2.21707008264795,2.2651090964747,2.2992643764615,2.3335136560043,2.38187754347023,2.39735777312055,-0.0258851314296572
16,"male",2.29643117126337,0.0509588468699926,0.00480785768823541,1.03533727271897,2.19906787732945,2.21443361654338,2.26250083898506,2.29667617502764,2.33094556582296,2.37933785267034,2.39482717234568,-0.0258788927403118
16.1,"male",2.29384345141619,0.0509885342011316,0.00480785768823541,1.03533727271897,2.19642343609775,2.21179812700146,2.25989335218726,2.29408859791343,2.32837795318627,2.37679843215205,2.392296775512,-0.0258726450363645
16.2,"male",2.29125635783864,0.0510180034527108,0.00480785768823541,1.03533727271897,2.19378003780415,2.20916361463959,2.25728663686472,2.29150164602036,2.32581081911407,2.37425928310233,2.38976658385999,-0.0258663883176125
16.3,"male",2.28866989143135,0.0510472548048674,0.00480785768823541,1.03533727271897,2.19113768300509,2.20653008006854,2.25468069379814,2.28891532024991,2.32324416462898,2.37172040671489,2.38723659863811,-0.0258601225838585
16.4,"male",2.28608405309493,0.0510762884418497,0.00480785768823541,1.03533727271897,2.18849637224916,2.20389752389247,2.25207552376545,2.28632962150359,2.32067799075641,2.36918180419009,2.38470682110274,-0.0258538478349114
16.5,"male",2.28349884373001,0.0511051045520011,0.00480785768823541,1.03533727271897,2.18585610607713,2.20126594670893,2.24947112754187,2.28374455068293,2.31811229852457,2.366643476735,2.38217725251817,-0.0258475640705687
16.6,"male",2.28091426423722,0.0511337033277442,0.00480785768823541,1.03533727271897,2.18321688502198,2.19863534910892,2.24686750589991,2.28116010868948,2.31554708896439,2.36410542556329,2.37964789415658,-0.0258412712906343
16.7,"male",2.27833031551718,0.0511620849655645,0.00480785768823541,1.03533727271897,2.18057870960893,2.1960057316769,2.24426465960936,2.2785762964248,2.31298236310959,2.36156765189526,2.37711874729799,-0.0258349694949201
16.8,"male",2.27574699847051,0.0511902496659951,0.00480785768823541,1.03533727271897,2.17794158035545,2.19337709499083,2.24166258943732,2.27599311479049,2.3104181219966,2.35903015695779,2.37458981323022,-0.0258286586832291
16.9,"male",2.27316431399784,0.0512181976335995,0.00480785768823541,1.03533727271897,2.17530549777133,2.19074943962216,2.23906129614821,2.27341056468816,2.3078543666646,2.3564929419843,2.37206109324889,-0.0258223388553636
17,"male",2.27058226299979,0.0512459290769563,0.00480785768823541,1.03533727271897,2.17267046235867,2.18812276613589,2.23646078050378,2.27082864701942,2.3052910981555,2.35395600821477,2.36953258865737,-0.0258160100111278
17.1,"male",2.26800084637699,0.0512734442086423,0.00480785768823541,1.03533727271897,2.17003647461194,2.1854970750906,2.2338610432631,2.26824736268593,2.30272831751388,2.35141935689567,2.36700430076674,-0.0258096721503388
17.2,"male",2.26542006503006,0.0513007432452163,0.00480785768823541,1.03533727271897,2.167403535018,2.18287236703843,2.23126208518261,2.26566671258935,2.30016602578704,2.34888298927996,2.36447623089578,-0.0258033252728064
17.3,"male",2.26283991985962,0.0513278264072027,0.00480785768823541,1.03533727271897,2.16477164405614,2.18024864252518,2.2286639070161,2.26308669763137,2.29760422402498,2.34634690662702,2.36194838037092,-0.0257969693783334
17.4,"male",2.2602604117663,0.0513546939190748,0.00480785768823541,1.03533727271897,2.1621408021981,2.17762590209027,2.22606650951473,2.26050731871369,2.29504291328036,2.3438111102027,2.35942075052621,-0.0257906044667356
17.5,"male",2.25768154165072,0.0513813460092384,0.00480785768823541,1.03533727271897,2.1595110099081,2.1750041462668,2.22346989342705,2.25792857673802,2.29248209460849,2.34127560127922,2.35689334270332,-0.0257842305378172
17.6,"male",2.2551033104135,0.051407782910015,0.00480785768823541,1.03533727271897,2.15688226764289,2.17238337558155,2.22087405949898,2.25535047260612,2.28992176906735,2.33874038113516,2.35436615825145,-0.0257778475913951
17.7,"male",2.25252571895528,0.051434004857625,0.00480785768823541,1.03533727271897,2.15425457585176,2.16976359055507,2.21827900847387,2.25277300721974,2.28736193771755,2.33620545105548,2.35183919852734,-0.0257714556272882
17.8,"male",2.24994876817667,0.051460012092171,0.00480785768823541,1.03533727271897,2.15162793497659,2.16714479170161,2.21568474109247,2.25019618148067,2.28480260162235,2.33367081233142,2.34931246489522,-0.0257650546453015
17.9,"male",2.2473724589783,0.0514858048576207,0.00480785768823541,1.03533727271897,2.14900234545187,2.16452697952924,2.21309125809296,2.24761999629068,2.28224376184761,2.33113646626054,2.3467859587268,-0.025758644645253
18,"male",2.24479679226078,0.0515113834017905,0.00480785768823541,1.03533727271897,2.14637780770475,2.16191015453983,2.21049856021097,2.24504445255161,2.27968541946179,2.32860241414662,2.34425968140121,-0.0257522256269534
18.1,"male",2.24222176892476,0.0515367479763276,0.00480785768823541,1.03533727271897,2.14375432215504,2.15929431722908,2.20790664817956,2.24246955116529,2.27712757553596,2.32606865729972,2.34173363430497,-0.0257457975902221
18.2,"male",2.23964738987085,0.0515618988366937,0.00480785768823541,1.03533727271897,2.14113188921527,2.15667946808653,2.20531552272925,2.23989529303357,2.27457023114376,2.32353519703608,2.33920781883198,-0.0257393605348844
18.3,"male",2.23707365599966,0.0515868362421475,0.00480785768823541,1.03533727271897,2.13851050929073,2.15406560759566,2.20272518458805,2.23732167905832,2.27201338736143,2.32100203467811,2.33668223638346,-0.0257329144607455
18.4,"male",2.23450056821184,0.0516115604557275,0.00480785768823541,1.03533727271897,2.13589018277947,2.15145273623383,2.20013563448144,2.23474871014142,2.26945704526773,2.31846917155439,2.33415688836794,-0.0257264593676255
18.5,"male",2.231928127408,0.0516360717442348,0.00480785768823541,1.03533727271897,2.13327091007235,2.14884085447235,2.1975468731324,2.23217638718479,2.266901205944,2.3159366089996,2.3316317762012,-0.0257199952553574
18.6,"male",2.22935633448877,0.0516603703782158,0.00480785768823541,1.03533727271897,2.13065269155309,2.14622996277652,2.19495890126142,2.22960471109035,2.2643458704741,2.31340434835454,2.32910690130626,-0.0257135221237471
18.7,"male",2.22678519035476,0.0516844566319446,0.00480785768823541,1.03533727271897,2.12803552759828,2.14362006160562,2.19237171958648,2.22703368276004,2.26179103994442,2.31087239096606,2.32658226511334,-0.0257070399726201
18.8,"male",2.22421469590661,0.0517083307834059,0.00480785768823541,1.03533727271897,2.12541941857741,2.14101115141298,2.18978532882313,2.22446330309583,2.25923671544386,2.30834073818703,2.32405786905982,-0.0257005488018015
18.9,"male",2.22164485204494,0.0517319931142772,0.00480785768823541,1.03533727271897,2.12280436485293,2.13840323264597,2.18719972968444,2.22189357299968,2.25668289806383,2.30580939137636,2.32153371459022,-0.0256940486111069
19,"male",2.21907565967037,0.0517554439099113,0.00480785768823541,1.03533727271897,2.12019036678026,2.13579630574607,2.18461492288104,2.2193244933736,2.25412958889822,2.30327835189892,2.31900980315614,-0.0256875394003649
19.1,"male",2.21650711968352,0.0517786834593187,0.00480785768823541,1.03533727271897,2.11757742470784,2.13319037114884,2.1820309091211,2.21675606511961,2.2515767890434,2.30074762112553,2.31648613621625,-0.0256810211694037
19.2,"male",2.21393923298503,0.05180171205515,0.00480785768823541,1.03533727271897,2.11496553897713,2.13058542928402,2.17944768911041,2.21418828913972,2.24902449959821,2.29821720043294,2.31396271523626,-0.0256744939180465
19.3,"male",2.21137200047551,0.0518245299936781,0.00480785768823541,1.03533727271897,2.11235470992271,2.12798148057549,2.17686526355231,2.211621166336,2.24647272166394,2.29568709120379,2.31143954168887,-0.0256679576461095
19.4,"male",2.20880542305559,0.0518471375747805,0.00480785768823541,1.03533727271897,2.10974493787223,2.12537852544135,2.17428363314775,2.2090546976105,2.24392145634431,2.2931572948266,2.30891661705372,-0.025661412353435
19.5,"male",2.20623950162589,0.0518695351019214,0.00480785768823541,1.03533727271897,2.10713622314652,2.12277656429391,2.17170279859531,2.20648888386531,2.24137070474549,2.29062781269568,2.3063939428174,-0.0256548580398449
19.6,"male",2.20367423708704,0.0518917228821337,0.00480785768823541,1.03533727271897,2.10452856605958,2.12017559753976,2.16912276059118,2.20392372600253,2.23882046797606,2.28809864621121,2.30387152047337,-0.0256482947051629
19.7,"male",2.20110963033965,0.0519137012260013,0.00480785768823541,1.03533727271897,2.10192196691862,2.11757562557977,2.16654351982917,2.20135922492428,2.23627074714699,2.28556979677909,2.30134935152197,-0.0256417223492257
19.8,"male",2.19854568228437,0.0519354704476411,0.00480785768823541,1.03533727271897,2.0993164260241,2.11497664880911,2.16396507700077,2.19879538153269,2.23372154337167,2.28304126581099,2.29882743747035,-0.0256351409718581
19.9,"male",2.1959823938218,0.0519570308646849,0.00480785768823541,1.03533727271897,2.09671194366978,2.11237866761731,2.1613874327951,2.19623219672991,2.23117285776585,2.28051305472432,2.29630577983243,-0.0256285505728982
20,"male",2.19341976585257,0.0519783827982612,0.00480785768823541,1.03533727271897,2.09410852014271,2.10978168238827,2.15881058789897,2.19366967141811,2.22862469144764,2.27798516494214,2.29378438012892,-0.025621951152179
20.1,"male",2.19085779927731,0.0519995265729773,0.00480785768823541,1.03533727271897,2.09150615572333,2.10718569350029,2.15623454299686,2.19110780649947,2.22607704553755,2.2754575978932,2.29126323988722,-0.0256153427095263
20.2,"male",2.18829649499664,0.0520204625169012,0.00480785768823541,1.03533727271897,2.08890485068543,2.10459070132609,2.15365929877097,2.1885466028762,2.22352992115837,2.27293035501187,2.2887423606414,-0.0256087252447724
20.3,"male",2.18573585391118,0.0520411909615432,0.00480785768823541,1.03533727271897,2.08630460529626,2.10199670623288,2.15108485590118,2.18598606145052,2.22098331943528,2.27040343773811,2.28622174393222,-0.0256020987577577
20.4,"male",2.18317587692157,0.0520617122418377,0.00480785768823541,1.03533727271897,2.0837054198165,2.09940370858233,2.14851121506511,2.18342618312465,2.21843724149575,2.26787684751746,2.28370139130701,-0.0255954632483247
20.5,"male",2.18061656492841,0.0520820266961251,0.00480785768823541,1.03533727271897,2.08110729450034,2.09681170873065,2.1459383769381,2.18086696880085,2.21589168846956,2.26535058580101,2.28118130431969,-0.0255888187162997
20.6,"male",2.17805791883234,0.052102134666133,0.00480785768823541,1.03533727271897,2.07851022959547,2.0942207070286,2.14336634219324,2.17830841938139,2.21334666148879,2.26282465404535,2.27866148453074,-0.0255821651615219
20.7,"male",2.17549993953399,0.0521220364969586,0.00480785768823541,1.03533727271897,2.07591422534319,2.09163070382149,2.14079511150137,2.17575053576855,2.21080216168778,2.26029905371255,2.27614193350711,-0.0255755025838323
20.8,"male",2.17294262793397,0.0521417325370497,0.00480785768823541,1.03533727271897,2.07331928197835,2.08904169944927,2.1382246855311,2.17319331886462,2.20825819020318,2.25777378627014,2.27362265282225,-0.0255688309830694
20.9,"male",2.1703859849329,0.0521612231381864,0.00480785768823541,1.03533727271897,2.07072539972946,2.08645369424652,2.13565506494884,2.17063676957193,2.20571474817387,2.25524885319106,2.27110364405603,-0.0255621503590754
21,"male",2.16783001143142,0.0521805086554628,0.00480785768823541,1.03533727271897,2.0681325788187,2.08386668854249,2.13308625041878,2.16808088879281,2.20317183674097,2.25272425595366,2.26858490879473,-0.0255554607116878
21.1,"male",2.16527470833015,0.0521995894472683,0.00480785768823541,1.03533727271897,2.06554081946193,2.0812806826611,2.1305182426029,2.1655256774296,2.20062945704784,2.25019999604163,2.26606644863097,-0.0255487620407481
21.2,"male",2.16272007652971,0.0522184658752691,0.00480785768823541,1.03533727271897,2.06295012186878,2.07869567692104,2.12795104216102,2.16297113638466,2.19808761024007,2.24767607494401,2.26354826516372,-0.0255420543461039
21.3,"male",2.16016611693072,0.0522371383043899,0.00480785768823541,1.03533727271897,2.06036048624263,2.07611167163572,2.12538464975079,2.16041726656038,2.19554629746545,2.24515249415513,2.26103035999824,-0.0255353376275958
21.4,"male",2.15761283043381,0.0522556071027948,0.00480785768823541,1.03533727271897,2.05777191278069,2.07352866711337,2.12281906602768,2.15786406885914,2.19300551987394,2.24262925517459,2.25851273474603,-0.0255286118850685
21.5,"male",2.1550602179396,0.0522738726418692,0.00480785768823541,1.03533727271897,2.055184401674,2.07094666365701,2.12025429164505,2.15531154418336,2.19046527861773,2.24010635950723,2.25599539102482,-0.0255218771183726
21.6,"male",2.15250828034872,0.0522919352962007,0.00480785768823541,1.03533727271897,2.05259795310748,2.06836566156452,2.11769032725409,2.15275969343547,2.18792557485114,2.23758380866311,2.25347833045853,-0.0255151333273452
21.7,"male",2.14995701856179,0.0523097954435607,0.00480785768823541,1.03533727271897,2.05001256725998,2.06578566112866,2.11512717350391,2.15020851751789,2.18538640973065,2.23506160415745,2.25096155467721,-0.0255083805118362
21.8,"male",2.14740643347944,0.0523274534648854,0.00480785768823541,1.03533727271897,2.0474282443043,2.06320666263708,2.11256483104148,2.1476580173331,2.1828477844149,2.23253974751066,2.24844506531703,-0.0255016186717017
21.9,"male",2.14485652600229,0.0523449097442576,0.00480785768823541,1.03533727271897,2.04484498440722,2.06062866637238,2.11000330051169,2.14510819378355,2.18030970006466,2.23001824024821,2.24592886402025,-0.0254948478067841
22,"male",2.14230729703096,0.0523621646688872,0.00480785768823541,1.03533727271897,2.04226278772956,2.05805167261214,2.10744258255734,2.14255904777174,2.1777721578428,2.22749708390071,2.24341295243514,-0.0254880679169319
22.1,"male",2.13975874746607,0.052379218629093,0.00480785768823541,1.03533727271897,2.03968165442619,2.05547568162891,2.10488267781918,2.14001058020017,2.17523515891431,2.2249762800038,2.24089733221599,-0.0254812790020043
22.2,"male",2.13721087820826,0.0523960720182836,0.00480785768823541,1.03533727271897,2.03710158464606,2.0529006936903,2.10232358693587,2.13746279197134,2.17269870444628,2.22245583009815,2.23838200502306,-0.0254744810618469
22.3,"male",2.13466369015814,0.0524127252329385,0.00480785768823541,1.03533727271897,2.03452257853229,2.05032670905894,2.09976531054405,2.1349156839878,2.17016279560785,2.21993573572944,2.23586697252252,-0.0254676740963112
22.4,"male",2.13211718421634,0.0524291786725895,0.00480785768823541,1.03533727271897,2.03194463622214,2.04775372799259,2.09720784927832,2.13236925715208,2.16762743357025,2.21741599844829,2.23335223638646,-0.025460858105253
22.5,"male",2.12957136128349,0.0524454327398017,0.00480785768823541,1.03533727271897,2.02936775784709,2.04518175074409,2.09465120377127,2.12982351236675,2.16509261950678,2.21489661981029,2.23083779829281,-0.0254540330885274
22.6,"male",2.1270262222602,0.0524614878401545,0.00480785768823541,1.03533727271897,2.02679194353284,2.04261077756147,2.09209537465346,2.12727845053437,2.16255835459274,2.2123776013759,2.22832365992532,-0.0254471990459916
22.7,"male",2.1244817680471,0.0524773443822227,0.00480785768823541,1.03533727271897,2.02421719339939,2.0400408086879,2.08954036255348,2.12473407255755,2.1600246400055,2.20985894471047,2.22580982297353,-0.0254403559774997
22.8,"male",2.12193799954482,0.0524930027775577,0.00480785768823541,1.03533727271897,2.02164350756103,2.03747184436179,2.08698616809791,2.12219037933887,2.15749147692442,2.20734065138421,2.22329628913272,-0.025433503882908
22.9,"male",2.11939491765398,0.0525084634406685,0.00480785768823541,1.03533727271897,2.01907088612644,2.03490388481677,2.0844327919114,2.11964737178097,2.15495886653086,2.20482272297209,2.2207830601039,-0.0254266427620787
23,"male",2.1168525232752,0.0525237267890024,0.00480785768823541,1.03533727271897,2.01649932919863,2.03233693028177,2.08188023461662,2.11710505078646,2.1524268100082,2.20230516105392,2.21827013759372,-0.0254197726148694
23.1,"male",2.11431081730911,0.0525387932429267,0.00480785768823541,1.03533727271897,2.01392883687507,2.02977098098098,2.07932849683428,2.11456341725799,2.14989530854176,2.19978796721423,2.21575752331451,-0.0254128934411347
23.2,"male",2.11176980065633,0.0525536632257091,0.00480785768823541,1.03533727271897,2.01135940924769,2.02720603713397,2.07677757918319,2.11202247209823,2.14736436331886,2.19727114304226,2.21324521898416,-0.0254060052407424
23.3,"male",2.10922947421748,0.0525683371634987,0.00480785768823541,1.03533727271897,2.00879104640288,2.02464209895564,2.07422748228022,2.10948221620984,2.14483397552874,2.19475469013196,2.21073322632614,-0.025399108013553
23.4,"male",2.1066898388932,0.0525828154853074,0.00480785768823541,1.03533727271897,2.0062237484216,2.02207916665629,2.07167820674035,2.10694265049552,2.1423041463626,2.19223861008192,2.20822154706947,-0.0253922017594289
23.5,"male",2.10415089558409,0.0525970986229906,0.00480785768823541,1.03533727271897,2.00365751537935,2.01951724044166,2.06912975317665,2.10440377585796,2.13977487701357,2.18972290449538,2.20571018294862,-0.0253852864782341
23.6,"male",2.1016126451908,0.0526111870112281,0.00480785768823541,1.03533727271897,2.00109234734625,2.01695632051292,2.06658212220033,2.10186559319987,2.13724616867666,2.18720757498014,2.20319913570354,-0.0253783621698301
23.7,"male",2.09907508861394,0.052625081087505,0.00480785768823541,1.03533727271897,1.99852824438705,2.01439640706674,2.06403531442071,2.09932810342399,2.13471802254882,2.1846926231486,2.20068840707959,-0.0253714288340846
23.8,"male",2.09653822675413,0.052638781292093,0.00480785768823541,1.03533727271897,1.99596520656118,2.01183750029532,2.06148933044526,2.09679130743306,2.13219043982886,2.18217805061767,2.19817799882751,-0.0253644864708692
23.9,"male",2.094002060512,0.0526522880680307,0.00480785768823541,1.03533727271897,1.99340323392278,2.00927960038638,2.05894417087963,2.09425520612982,2.12966342171748,2.17966385900877,2.19566791270339,-0.025357535080044
24,"male",2.09146659078818,0.0526656018611052,0.00480785768823541,1.03533727271897,1.99084232652075,2.00672270752323,2.0563998363276,2.09171980041705,2.12713696941724,2.17715004994778,2.19315815046861,-0.0253505746614776
24.1,"male",2.08893181848328,0.0526787231198325,0.00480785768823541,1.03533727271897,1.98828248439876,2.0041668218848,2.05385632739117,2.08918509119752,2.12461108413253,2.17463662506505,2.19064871388984,-0.0253436052150447
24.2,"male",2.08639774449794,0.0526916522954388,0.00480785768823541,1.03533727271897,1.98572370759532,2.00161194364565,2.05131364467052,2.08665107937404,2.1220857670696,2.1721235859953,2.18813960473897,-0.0253366267406131
24.3,"male",2.08386436973277,0.0527043898418409,0.00480785768823541,1.03533727271897,1.98316599614377,1.99905807297599,2.04877178876403,2.0841177658494,2.1195610194365,2.16961093437766,2.18563082479308,-0.0253296392380521
24.4,"male",2.0813316950884,0.0527169362156276,0.00480785768823541,1.03533727271897,1.98060935007238,1.99650521004177,2.04623076026831,2.08158515152643,2.11703684244311,2.16709867185558,2.18312237583443,-0.0253226427072329
24.5,"male",2.07879972146546,0.0527292918760404,0.00480785768823541,1.03533727271897,1.97805376940434,1.99395335500465,2.04369055977822,2.07905323730795,2.1145132373011,2.16458680007686,2.18061425965038,-0.0253156371480331
24.6,"male",2.07626844976456,0.0527414572849543,0.00480785768823541,1.03533727271897,1.97549925415778,1.99140250802204,2.04115118788683,2.07652202409682,2.11199020522392,2.16207532069355,2.17810647803339,-0.0253086225603228
24.7,"male",2.07373788088633,0.0527534329068588,0.00480785768823541,1.03533727271897,1.97294580434588,1.98885266924717,2.0386126451855,2.07399151279589,2.10946774742679,2.15956423536197,2.17559903278095,-0.0253015989439787
24.8,"male",2.07120801573141,0.0527652192088388,0.00480785768823541,1.03533727271897,1.97039341997683,1.98630383882907,2.03607493226385,2.07146170430803,2.1069458651267,2.15705354574265,2.1730919256956,-0.0252945662988747
24.9,"male",2.0686788552004,0.0527768166605556,0.00480785768823541,1.03533727271897,1.9678421010539,1.98375601691265,2.03353804970979,2.06893259953611,2.10442455954235,2.15454325350035,2.1705851585848,-0.0252875246248863
25,"male",2.06615040019393,0.0527882257342273,0.00480785768823541,1.03533727271897,1.9652918475755,1.98120920363867,2.03100199810952,2.06640419938305,2.10190383189423,2.15203336030393,2.168078733261,-0.0252804739218933
25.1,"male",2.06362265161263,0.0527994469046106,0.00480785768823541,1.03533727271897,1.96274265953516,1.97866339914385,2.02846677804754,2.06387650475174,2.09938368340449,2.14952386782643,2.16557265154151,-0.0252734141897771
25.2,"male",2.06109561035713,0.0528104806489806,0.00480785768823541,1.03533727271897,1.96019453692161,1.97611860356082,2.02593239010671,2.06134951654509,2.09686411529703,2.14701477774497,2.16306691524853,-0.0252663454284142
25.3,"male",2.05856927732804,0.0528213274471127,0.00480785768823541,1.03533727271897,1.95764747971881,1.97357481701819,2.02339883486818,2.05882323566605,2.09434512879741,2.14450609174073,2.16056152620908,-0.0252592676376785
25.4,"male",2.05604365342599,0.0528319877812629,0.00480785768823541,1.03533727271897,1.95510148790597,1.97103203964062,2.02086611291148,2.05629766301756,2.0918267251329,2.14199781149894,2.15805648625496,-0.0252521808174589
25.5,"male",2.0535187395516,0.0528424621361491,0.00480785768823541,1.03533727271897,1.95255656145759,1.96849027154875,2.01833422481449,2.05377279950256,2.08930890553241,2.13948993870882,2.15555179722274,-0.0252450849676374
25.6,"male",2.05099453660551,0.0528527509989315,0.00480785768823541,1.03533727271897,1.95001270034352,1.96594951285932,2.01580317115347,2.05124864602403,2.08679167122653,2.13698247506357,2.15304746095369,-0.0252379800880976
25.7,"male",2.04847104548832,0.0528628548591943,0.00480785768823541,1.03533727271897,1.94746990452898,1.96340976368518,2.01327295250305,2.04872520348494,2.08427502344747,2.13447542226034,2.15054347929377,-0.0252308661787183
25.8,"male",2.04594826710067,0.0528727742089258,0.00480785768823541,1.03533727271897,1.94492817397457,1.96087102413529,2.01074356943627,2.04620247278829,2.08175896342908,2.13196878200019,2.14803985409358,-0.0252237432393843
25.9,"male",2.04342620234319,0.0528825095425,0.00480785768823541,1.03533727271897,1.94238750863637,1.95833329431479,2.00821502252459,2.04368045483706,2.07924349240683,2.12946255598806,2.14553658720834,-0.0252166112699893
26,"male",2.04090485211648,0.0528920613566573,0.00480785768823541,1.03533727271897,1.93984790846591,1.95579657432499,2.00568731233787,2.04115915053429,2.07672861161778,2.12695674593272,2.1430336804978,-0.025209470270415
26.1,"male",2.03838421732118,0.0529014301504856,0.00480785768823541,1.03533727271897,1.93730937341024,1.95326086426344,2.00316043944444,2.03863856078298,2.07421432230058,2.1244513535468,2.14053113582629,-0.0252023202405472
26.2,"male",2.03586429885792,0.0529106164254009,0.00480785768823541,1.03533727271897,1.93477190341197,1.95072616422394,2.00063440441105,2.03611868648618,2.07170062569547,2.12194638054668,2.1380289550626,-0.0251951611802737
26.3,"male",2.03334509762731,0.0529196206851288,0.00480785768823541,1.03533727271897,1.93223549840929,1.94819247429656,1.99810920780294,2.03359952854693,2.06918752304425,2.11944182865251,2.13552714008,-0.0251879930894884
26.4,"male",2.03082661452999,0.0529284434356853,0.00480785768823541,1.03533727271897,1.92970015833602,1.94565979456772,1.99558485018379,2.03108108786828,2.06667501559026,2.11693769958818,2.13302569275618,-0.0251808159680778
26.5,"male",2.02830885046656,0.0529370851853577,0.00480785768823541,1.03533727271897,1.92716588312164,1.94312812512015,1.99306133211579,2.02856336535331,2.06416310457839,2.11443399508126,2.1305246149732,-0.0251736298159396
26.6,"male",2.02579180633767,0.0529455464446859,0.00480785768823541,1.03533727271897,1.92463267269131,1.94059746603296,1.99053865415964,2.02604636190509,2.06165179125506,2.11193071686299,2.12802390861749,-0.0251664346329595
26.7,"male",2.02327548304393,0.0529538277264432,0.00480785768823541,1.03533727271897,1.92210052696595,1.93806781738169,1.98801681687453,2.02353007842672,2.05914107686818,2.10942786666824,2.12552357557979,-0.0251592304190274
26.8,"male",2.02075988148596,0.0529619295456175,0.00480785768823541,1.03533727271897,1.91956944586223,1.93553917923828,1.98549582081819,2.02101451582129,2.05663096266719,2.10692544623549,2.12302361775509,-0.0251520171740483
26.9,"male",2.0182450025644,0.0529698524193925,0.00480785768823541,1.03533727271897,1.91703942929263,1.93301155167118,1.98297566654688,2.01849967499191,2.05412144990299,2.10442345730677,2.12052403704266,-0.025144794897909
27,"male",2.01573084717986,0.0529775968671284,0.00480785768823541,1.03533727271897,1.91451047716548,1.93048493474529,1.98045635461542,2.01598555684171,2.05161253982797,2.10192190162769,2.11802483534594,-0.0251375635905068
27.1,"male",2.01321741623297,0.0529851634103438,0.00480785768823541,1.03533727271897,1.91198258938496,1.92795932852209,1.97793788557718,2.01347216227381,2.04910423369599,2.09942078094734,2.11552601457256,-0.0251303232517387
27.2,"male",2.01070471062435,0.0529925525726958,0.00480785768823541,1.03533727271897,1.90945576585118,1.92543473305957,1.97542025998412,2.01095949219136,2.04659653276233,2.09692009701831,2.11302757663425,-0.0251230738815035
27.3,"male",2.00819273125463,0.052999764879962,0.00480785768823541,1.03533727271897,1.90693000646022,1.92291114841233,1.97290347838678,2.00844754749751,2.04408943828372,2.09441985159661,2.11052952344687,-0.0251158154796994
27.4,"male",2.00568147902442,0.0530068008600215,0.00480785768823541,1.03533727271897,1.90440531110411,1.9203885746316,1.97038754133429,2.00593632909542,2.04158295151834,2.09192004644171,2.10803185693032,-0.0251085480462222
27.5,"male",2.00317095483437,0.0530136610428358,0.00480785768823541,1.03533727271897,1.90188167967092,1.91786701176523,1.96787244937442,2.00342583788826,2.03907707372574,2.08942068331643,2.10553457900852,-0.0251012715809803
27.6,"male",2.00066115958508,0.0530203459604305,0.00480785768823541,1.03533727271897,1.89935911204477,1.91534645985778,1.96535820305355,2.00091607477922,2.03657180616688,2.08692176398697,2.10303769160938,-0.0250939860838685
27.7,"male",1.99815209417718,0.0530268561468759,0.00480785768823541,1.03533727271897,1.89683760810587,1.91282691895049,1.9628448029167,1.99840704067149,2.03406715010413,2.08442329022286,2.10054119666475,-0.0250866915547855
27.8,"male",1.99564375951131,0.0530331921382692,0.00480785768823541,1.03533727271897,1.89431716773058,1.91030838908137,1.96033224950753,1.99589873646827,2.03156310680119,2.08192526379691,2.0980450961104,-0.0250793879936418
27.9,"male",1.99313615648807,0.0530393544727149,0.00480785768823541,1.03533727271897,1.89179779079139,1.90779087028517,1.95782054336838,1.99339116307276,2.02905967752315,2.0794276864852,2.09554939188597,-0.0250720754003387
28,"male",1.99062928600809,0.0530453436903067,0.00480785768823541,1.03533727271897,1.88927947715702,1.90527436259346,1.95530968504026,1.9908843213882,2.02655686353644,2.07693056006706,2.09305408593497,-0.0250647537747813
28.1,"male",1.98812314897201,0.0530511603331086,0.00480785768823541,1.03533727271897,1.8867622266924,1.90275886603463,1.95279967506287,1.9883782123178,2.02405466610882,2.07443388632501,2.09055918020466,-0.0250574231168766
28.2,"male",1.98561774628044,0.0530568049451364,0.00480785768823541,1.03533727271897,1.88424603925875,1.90024438063393,1.9502905139746,1.98587283676482,2.02155308650939,2.07193766704475,2.08806467664612,-0.0250500834265267
28.3,"male",1.98311307883401,0.053062278072339,0.00480785768823541,1.03533727271897,1.88173091471359,1.8977309064135,1.94778220231257,1.9833681956325,2.01905212600852,2.06944190401514,2.08557057721414,-0.0250427347036398
28.4,"male",1.98060914753333,0.0530675802625799,0.00480785768823541,1.03533727271897,1.87921685291079,1.89521844339241,1.94527474061261,1.98086428982409,2.01655178587793,2.06694659902813,2.0830768838672,-0.0250353769481316
28.5,"male",1.97810595327904,0.0530727120656188,0.00480785768823541,1.03533727271897,1.87670385370057,1.89270699158666,1.94276812940929,1.97836112024287,2.01405206739057,2.06445175387877,2.08058359856746,-0.0250280101599062
28.6,"male",1.97560349697176,0.0530776740330928,0.00480785768823541,1.03533727271897,1.8741919169296,1.89019655100924,1.94026236923594,1.97585868779211,2.0115529718207,2.06195737036517,2.07809072328069,-0.0250206343388705
28.7,"male",1.97310177951212,0.0530824667184983,0.00480785768823541,1.03533727271897,1.87168104244097,1.88768712167014,1.93775746062465,1.9733569933751,2.00905450044383,2.05946345028844,2.07559825997626,-0.025013249484941
28.8,"male",1.97060080180073,0.0530870906771721,0.00480785768823541,1.03533727271897,1.86917123007426,1.88517870357641,1.93525340410626,1.97085603789512,2.00655665453671,2.0569699954527,2.07310621062708,-0.0250058555980249
28.9,"male",1.96810056473822,0.0530915464662734,0.00480785768823541,1.03533727271897,1.86666247966558,1.88267129673215,1.93275020021044,1.96835582225549,2.00405943537733,2.05447700766505,2.07061457720959,-0.0249984526780379
29,"male",1.96560106922522,0.0530958346447652,0.00480785768823541,1.03533727271897,1.86415479104758,1.88016490113855,1.93024784946561,1.96585634735952,2.00156284424489,2.05198448873551,2.06812336170372,-0.0249910407248973
29.1,"male",1.96310231616234,0.0530999557733961,0.00480785768823541,1.03533727271897,1.8616481640495,1.87765951679394,1.92774635239905,1.96335761411051,1.99906688241981,2.04949244047699,2.06563256609283,-0.0249836197385112
29.2,"male",1.96060430645022,0.0531039104146818,0.00480785768823541,1.03533727271897,1.85914259849722,1.87515514369381,1.92524570953683,1.96085962341182,1.99657155118372,2.0470008647053,2.06314219236371,-0.0249761897187962
29.3,"male",1.95810704098948,0.0531076991328869,0.00480785768823541,1.03533727271897,1.85663809421325,1.87265178183082,1.92274592140386,1.95836237616676,1.99407685181941,2.04450976323908,2.06065224250651,-0.0249687506656716
29.4,"male",1.95561052068074,0.0531113224940069,0.00480785768823541,1.03533727271897,1.85413465101682,1.87014943119487,1.92024698852391,1.95586587327868,1.99158278561085,2.0420191378998,2.05816271851473,-0.0249613025790552
29.5,"male",1.95311474642462,0.0531147810657496,0.00480785768823541,1.03533727271897,1.85163226872386,1.86764809177307,1.9177489114196,1.95337011565094,1.98908935384317,2.0395289905117,2.05567362238517,-0.0249538454588612
29.6,"male",1.95061971912176,0.0531180754175172,0.00480785768823541,1.03533727271897,1.8491309471471,1.86514776354984,1.91525169061242,1.95087510418691,1.98659655780266,2.03703932290178,2.05318495611793,-0.0249463793050087
29.7,"male",1.94812543967276,0.0531212061203878,0.00480785768823541,1.03533727271897,1.84663068609604,1.86264844650687,1.91275532662276,1.94838083978994,1.98410439877673,2.03455013689979,2.0506967217163,-0.0249389041174231
29.8,"male",1.94563190897826,0.0531241737470981,0.00480785768823541,1.03533727271897,1.84413148537702,1.8601501406232,1.91025981996989,1.94588732336342,1.98161287805391,2.03206143433813,2.04820892118681,-0.0249314198960194
29.9,"male",1.94313912793889,0.0531269788720243,0.00480785768823541,1.03533727271897,1.84163334479324,1.85765284587524,1.90776517117199,1.94339455581074,1.97912199692386,2.02957321705192,2.04572155653913,-0.0249239266407187
30,"male",1.94064709745526,0.053129622071165,0.00480785768823541,1.03533727271897,1.8391362641448,1.85515656223677,1.90527138074616,1.94090253803528,1.97663175667733,2.02708548687888,2.04323462978609,-0.0249164243514507
30.1,"male",1.938155818428,0.0531321039221225,0.00480785768823541,1.03533727271897,1.83664024322876,1.852661289679,1.90277844920843,1.93841127094045,1.97414215860615,2.02459824565937,2.04074814294359,-0.0249089130281322
30.2,"male",1.93566529175773,0.0531344250040855,0.00480785768823541,1.03533727271897,1.83414528183912,1.85016702817059,1.90028637707379,1.93592075542965,1.97165320400322,2.0221114952363,2.03826209803061,-0.0249013926706866
30.3,"male",1.93317551834508,0.0531365858978106,0.00480785768823541,1.03533727271897,1.8316513797669,1.84767377767766,1.89779516485617,1.93343099240631,1.96916489416251,2.01962523745516,2.03577649706915,-0.0248938632790419
30.4,"male",1.93068649909068,0.0531385871856048,0.00480785768823541,1.03533727271897,1.82915853680015,1.84518153816386,1.89530481306848,1.93094198277385,1.96667723037905,2.01713947416394,2.03329134208421,-0.0248863248531251
30.5,"male",1.92819823489513,0.0531404294513079,0.00480785768823541,1.03533727271897,1.826666752724,1.84269030959035,1.89281532222258,1.92845372743569,1.9641902139489,2.01465420721314,2.03080663510374,-0.0248787773928624
30.6,"male",1.92571072665908,0.0531421132802739,0.00480785768823541,1.03533727271897,1.82417602732067,1.84020009191587,1.89032669282937,1.92596622729527,1.96170384616913,2.01216943845571,2.02832237815862,-0.0248712208981784
30.7,"male",1.92322397528314,0.0531436392593543,0.00480785768823541,1.03533727271897,1.82168636036954,1.83771088509675,1.8878389253987,1.92347948325605,1.95921812833786,2.00968516974704,2.02583857328262,-0.0248636553690041
30.8,"male",1.92073798166794,0.0531450079768796,0.00480785768823541,1.03533727271897,1.81919775164715,1.83522268908693,1.88535202043948,1.92099349622147,1.95673306175416,2.00720140294494,2.02335522251237,-0.0248560808052668
30.9,"male",1.9182527467141,0.0531462200226421,0.00480785768823541,1.03533727271897,1.81671020092725,1.832735503838,1.88286597845962,1.918508267095,1.95424864771815,2.00471813990958,2.02087232788732,-0.0248484972068986
31,"male",1.91576827132225,0.0531472759878783,0.00480785768823541,1.03533727271897,1.81422370798084,1.83024932929924,1.88038079996607,1.91602379678009,1.95176488753088,2.00223538250349,2.0183898914497,-0.0248409045738326
31.1,"male",1.913284556393,0.0531481764652508,0.00480785768823541,1.03533727271897,1.81173827257619,1.82776416541761,1.87789648546485,1.91354008618023,1.94928178249438,1.99975313259152,2.0159079152445,-0.0248333029059945
31.2,"male",1.91080160282699,0.0531489220488318,0.00480785768823541,1.03533727271897,1.80925389447886,1.82528001213783,1.87541303546103,1.91105713619889,1.94679933391166,1.9972713920408,2.01342640131944,-0.0248256922033208
31.3,"male",1.90831941152484,0.0531495133340845,0.00480785768823541,1.03533727271897,1.80677057345177,1.82279686940235,1.87293045045874,1.90857494773957,1.94431754308663,1.99479016272074,2.01094535172492,-0.0248180724657477
31.4,"male",1.90583798338717,0.0531499509178465,0.00480785768823541,1.03533727271897,1.80428830925522,1.82031473715145,1.87044873096121,1.90609352170574,1.94183641132416,1.99230944650297,2.00846476851399,-0.0248104436932029
31.5,"male",1.90335731931461,0.0531502353983123,0.00480785768823541,1.03533727271897,1.8018071016469,1.81783361532319,1.86796787747076,1.90361285900093,1.93935593993004,1.98982924526136,2.00598465374232,-0.0248028058856261
31.6,"male",1.90087742020777,0.0531503673750155,0.00480785768823541,1.03533727271897,1.79932695038196,1.81535350385348,1.86548789048883,1.90113296052862,1.93687613021094,1.98734956087191,2.00350500946817,-0.0247951590429541
31.7,"male",1.89839828696729,0.0531503474488121,0.00480785768823541,1.03533727271897,1.796847855213,1.81287440267613,1.86300877051598,1.89865382719234,1.93439698347445,1.98487039521281,2.00102583775236,-0.0247875031651202
31.8,"male",1.89591992049379,0.0531501762218631,0.00480785768823541,1.03533727271897,1.79436981589014,1.81039631172281,1.86053051805187,1.89617545989559,1.93191850102905,1.98239175016436,1.9985471406582,-0.0247798382520637
31.9,"male",1.89344232168789,0.0531498542976171,0.00480785768823541,1.03533727271897,1.79189283216105,1.80791923092316,1.85805313359533,1.89369785954192,1.92944068418406,1.97991362760895,1.99606892025153,-0.0247721643037236
32,"male",1.89096549145021,0.0531493822807935,0.00480785768823541,1.03533727271897,1.78941690377096,1.80544316020474,1.85557661764436,1.89122102703485,1.92696353424969,1.97743602943105,1.99359117860062,-0.0247644813200417
32.1,"male",1.88848943068139,0.0531487607773652,0.00480785768823541,1.03533727271897,1.7869420304627,1.80296809949311,1.85310097069608,1.88874496327791,1.92448705253699,1.97495895751716,1.99111391777614,-0.0247567893009534
32.2,"male",1.88601414028204,0.0531479903945417,0.00480785768823541,1.03533727271897,1.78446821197674,1.80049404871183,1.85062619324682,1.88626966917466,1.92201124035784,1.97248241375579,1.98863713985119,-0.0247490882463991
32.3,"male",1.88353962115278,0.053147071740752,0.00480785768823541,1.03533727271897,1.78199544805123,1.79802100778252,1.84815228579209,1.88379514562863,1.91953609902496,1.97000640003743,1.98616084690121,-0.0247413781563249
32.4,"male",1.88106587419425,0.053146005425628,0.00480785768823541,1.03533727271897,1.77952373842202,1.79554897662484,1.8456792488266,1.88132139354339,1.91706162985188,1.96753091825456,1.98368504100393,-0.024733659030672
32.5,"male",1.87859290030707,0.0531447920599871,0.00480785768823541,1.03533727271897,1.77705308282269,1.79307795515655,1.84320708284426,1.8788484138225,1.91458783415292,1.96505597030154,1.98120972423942,-0.0247259308693844
32.6,"male",1.87612070039186,0.053143432255816,0.00480785768823541,1.03533727271897,1.77458348098458,1.79060794329354,1.84073578833822,1.87637620736952,1.9121147132432,1.96258155807466,1.97873489868998,-0.0247181936724047
32.7,"male",1.87364927534924,0.0531419266262534,0.00480785768823541,1.03533727271897,1.77211493263683,1.78813894094982,1.83826536580084,1.87390477508802,1.90964226843864,1.96010768347209,1.97626056644013,-0.024710447439677
32.8,"male",1.87117862607983,0.0531402757855737,0.00480785768823541,1.03533727271897,1.76964743750643,1.7856709480376,1.83579581572376,1.87143411788158,1.9071705010559,1.95763434839383,1.97378672957659,-0.0247026921711485
32.9,"male",1.86870875348428,0.05313848034917,0.00480785768823541,1.03533727271897,1.76718099531821,1.78320396446728,1.83332713859783,1.86896423665379,1.9046994124124,1.95516155474171,1.97131339018826,-0.0246949278667682
33,"male",1.86623965846318,0.0531365409335378,0.00480785768823541,1.03533727271897,1.76471560579491,1.78073799014748,1.83085933491319,1.86649513230823,1.90222900382634,1.95268930441935,1.96884055036613,-0.0246871545264801
33.1,"male",1.86377134191718,0.0531344581562584,0.00480785768823541,1.03533727271897,1.76225126865717,1.77827302498509,1.82839240515927,1.86402680574849,1.89975927661661,1.95021759933215,1.96636821220331,-0.0246793721502322
33.2,"male",1.86130380474689,0.0531322326359823,0.00480785768823541,1.03533727271897,1.75978798362362,1.77580906888525,1.82592634982476,1.86155925787818,1.89729023210285,1.94774644138722,1.96389637779497,-0.0246715807379766
33.3,"male",1.85883704785294,0.0531298649924127,0.00480785768823541,1.03533727271897,1.75732575041085,1.77334612175143,1.82346116939766,1.8590924896009,1.89482187160542,1.94527583249341,1.96142504923833,-0.0246637802896593
33.4,"male",1.85637107213596,0.0531273558462894,0.00480785768823541,1.03533727271897,1.7548645687335,1.77088418348543,1.82099686436529,1.85662650182025,1.89235419644536,1.94280577456124,1.95895422863258,-0.0246559708052326
33.5,"male",1.85390587849655,0.0531247058193723,0.00480785768823541,1.03533727271897,1.75240443830423,1.7684232539874,1.81853343521429,1.85416129543985,1.88988720794442,1.9403362695029,1.95648391807889,-0.0246481522846517
33.6,"male",1.85144146783536,0.0531219155344253,0.00480785768823541,1.03533727271897,1.74994535883379,1.76596333315588,1.8160708824306,1.85169687136332,1.88742090742501,1.93786731923222,1.95401411968039,-0.0246403247278622
33.7,"male",1.84897784105301,0.0531189856151996,0.00480785768823541,1.03533727271897,1.74748733003107,1.76350442088782,1.81360920649955,1.84923323049428,1.88495529621022,1.93539892566461,1.95154483554209,-0.0246324881348175
33.8,"male",1.84651499905011,0.0531159166864186,0.00480785768823541,1.03533727271897,1.74503035160306,1.7610465170786,1.81114840790579,1.84677037373636,1.88249037562382,1.93293109071708,1.94907606777089,-0.024624642505478
33.9,"male",1.8440529427273,0.0531127093737604,0.00480785768823541,1.03533727271897,1.74257442325496,1.75858962162208,1.80868848713335,1.84430830199318,1.88002614699018,1.93046381630821,1.94660781847553,-0.0246167878397937
34,"male",1.84159167298519,0.0531093643038431,0.00480785768823541,1.03533727271897,1.74011954469016,1.75613373441059,1.80622944466561,1.8418470161684,1.87756261163434,1.92799710435806,1.94414008976656,-0.0246089241377186
34.1,"male",1.83913119072441,0.0531058821042081,0.00480785768823541,1.03533727271897,1.73766571561028,1.75367885533499,1.80377128098537,1.83938651716564,1.87509977088197,1.92553095678825,1.94167288375632,-0.0246010513992086
34.2,"male",1.83667149684559,0.0531022634033043,0.00480785768823541,1.03533727271897,1.73521293571522,1.75122498428465,1.80131399657481,1.83692680588856,1.87263762605933,1.92306537552183,1.93920620255891,-0.0245931696242213
34.3,"male",1.83421259224935,0.0530985088304723,0.00480785768823541,1.03533727271897,1.73276120470317,1.74877212114755,1.79885759191551,1.8344678832408,1.87017617849329,1.92060036248333,1.93674004829013,-0.0245852788127171
34.4,"male",1.8317544778363,0.0530946190159287,0.00480785768823541,1.03533727271897,1.73031052227063,1.74632026581023,1.79640206748847,1.83200975012601,1.86771542951134,1.91813591959869,1.9342744230675,-0.0245773789646538
34.5,"male",1.82929715450709,0.0530905945907505,0.00480785768823541,1.03533727271897,1.7278608881125,1.74386941815784,1.79394742377412,1.82955240744786,1.86525538044151,1.91567204879525,1.93180932901016,-0.0245694700799855
34.6,"male",1.82684062316233,0.0530864361868589,0.00480785768823541,1.03533727271897,1.72541230192202,1.74141957807419,1.79149366125232,1.82709585611002,1.86279603261244,1.91320875200175,1.92934476823893,-0.0245615521586736
34.7,"male",1.82438488470264,0.0530821444370044,0.00480785768823541,1.03533727271897,1.72296476339086,1.73897074544176,1.7890407804024,1.82464009701613,1.8603373873533,1.91074603114823,1.9268807428762,-0.0245536252006822
34.8,"male",1.82192994002865,0.0530777199747508,0.00480785768823541,1.03533727271897,1.72051827220916,1.73652292014169,1.78658878170313,1.82218513106988,1.85787944599384,1.9082838881661,1.92441725504593,-0.0245456892059697
34.9,"male",1.81947579004098,0.0530731634344596,0.00480785768823541,1.03533727271897,1.7180728280655,1.73407610205388,1.78413766563274,1.81973095917494,1.85542220986434,1.90582232498803,1.92195430687363,-0.0245377441744995
35,"male",1.81702243564026,0.0530684754512754,0.00480785768823541,1.03533727271897,1.71562843064699,1.73163029105693,1.78168743266897,1.81727758223498,1.85296568029559,1.903361343548,1.91949190048632,-0.0245297901062332
35.1,"male",1.81456987772711,0.0530636566611094,0.00480785768823541,1.03533727271897,1.71318507963926,1.72918548702823,1.77923808328901,1.81482500115369,1.85050985861893,1.90090094578121,1.9170300380125,-0.0245218270011357
35.2,"male",1.81211811720216,0.0530587077006251,0.00480785768823541,1.03533727271897,1.7107427747265,1.72674168984395,1.77678961796958,1.81237321683475,1.84805474616619,1.8984411336241,1.91456872158212,-0.0245138548591689
35.3,"male",1.80966715496602,0.0530536292072227,0.00480785768823541,1.03533727271897,1.70830151559152,1.72429889937909,1.77434203718689,1.80992223018186,1.8456003442697,1.8959819090143,1.91210795332656,-0.0245058736802989
35.4,"male",1.80721699191933,0.0530484218190237,0.00480785768823541,1.03533727271897,1.70586130191573,1.72185711550745,1.77189534141669,1.80747204209869,1.8431466542623,1.89352327389061,1.90964773537859,-0.0244978834644912
35.5,"male",1.80476762896271,0.0530430861748562,0.00480785768823541,1.03533727271897,1.70342213337917,1.71941633810175,1.76944953113425,1.80502265348896,1.84069367747727,1.89106523019299,1.90718806987232,-0.0244898842117122
35.6,"male",1.80231906699677,0.0530376229142397,0.00480785768823541,1.03533727271897,1.70098400966061,1.71697656703355,1.76700460681437,1.80257406525635,1.8382414152484,1.88860777986252,1.90472895894325,-0.0244818759219331
35.7,"male",1.79987130692215,0.0530320326773703,0.00480785768823541,1.03533727271897,1.69854693043748,1.71453780217334,1.7645605689314,1.80012627830457,1.83578986890991,1.88615092484138,1.90227040472812,-0.0244738585951159
35.8,"male",1.79742434963947,0.0530263161051056,0.00480785768823541,1.03533727271897,1.69611089538597,1.71210004339054,1.76211741795927,1.79767929353733,1.83333903979647,1.88369466707282,1.89981240936501,-0.0244658322312291
35.9,"male",1.79497819604936,0.0530204738389497,0.00480785768823541,1.03533727271897,1.69367590418103,1.70966329055355,1.75967515437146,1.79523311185832,1.8308889292432,1.88123900850117,1.89735497499319,-0.0244577968302458
36,"male",1.79253284705243,0.0530145065210391,0.00480785768823541,1.03533727271897,1.6912419564964,1.70722754352972,1.75723377864104,1.79278773417128,1.82843953858565,1.87878395107174,1.89489810375321,-0.0244497523921324
36.1,"male",1.79008830354931,0.0530084147941274,0.00480785768823541,1.03533727271897,1.68880905200465,1.70479280218543,1.75479329124066,1.7903431613799,1.82599086915977,1.87632949673089,1.89244179778676,-0.0244416989168635
36.2,"male",1.78764456644063,0.0530021993015709,0.00480785768823541,1.03533727271897,1.68637719037718,1.70235906638609,1.75235369264257,1.7878993943879,1.82354292230193,1.87387564742594,1.88998605923672,-0.024433636404409
36.3,"male",1.78520163662701,0.0529958606873139,0.00480785768823541,1.03533727271897,1.68394637128429,1.69992633599614,1.74991498331864,1.78545643409902,1.82109569934891,1.87142240510517,1.8875308902471,-0.0244255648547403
36.4,"male",1.78275951500906,0.0529893995958746,0.00480785768823541,1.03533727271897,1.68151659439516,1.69749461087913,1.74747716374034,1.78301428141696,1.81864920163785,1.86896977171778,1.88507629296302,-0.0244174842678287
36.5,"male",1.78031820248743,0.05298281667233,0.00480785768823541,1.03533727271897,1.67908785937791,1.69506389089769,1.74504023437879,1.78057293724545,1.81620343050629,1.86651774921391,1.88262226953068,-0.0244093946436493
36.6,"male",1.77787769996273,0.0529761125623024,0.00480785768823541,1.03533727271897,1.67666016589963,1.69263417591357,1.74260419570472,1.77813240248823,1.81375838729213,1.86406633954455,1.88016882209734,-0.0244012959821779
36.7,"male",1.77543800833559,0.0529692879119443,0.00480785768823541,1.03533727271897,1.67423351362639,1.69020546578769,1.74016904818853,1.77569267804902,1.81131407333364,1.86161554466159,1.87771595281125,-0.0243931882833853
36.8,"male",1.77299912850662,0.0529623433679248,0.00480785768823541,1.03533727271897,1.67180790222326,1.68777776038011,1.73773479230027,1.77325376483155,1.80887048996943,1.85916536651773,1.8752636638217,-0.024385071547251
36.9,"male",1.77056106137646,0.0529552795774149,0.00480785768823541,1.03533727271897,1.66938333135437,1.6853510595501,1.73530142850964,1.77081566373957,1.80642763853845,1.8567158070665,1.87281195727893,-0.0243769457737483
37,"male",1.76812380784572,0.052948097188074,0.00480785768823541,1.03533727271897,1.66695980068292,1.68292536315613,1.73286895728604,1.7683783756768,1.80398552037998,1.85426686826223,1.87036083533411,-0.0243688109628556
37.1,"male",1.76568736881504,0.0529407968480355,0.00480785768823541,1.03533727271897,1.66453730987117,1.68050067105593,1.73043737909853,1.76594190154699,1.80154413683363,1.85181855206001,1.86791030013936,-0.024360667114551
37.2,"male",1.76325174518503,0.052933379205893,0.00480785768823541,1.03533727271897,1.66211585858054,1.67807698310648,1.72800669441589,1.76350624225389,1.79910348923932,1.84937086041567,1.86546035384765,-0.0243525142288109
37.3,"male",1.76081693785632,0.0529258449106862,0.00480785768823541,1.03533727271897,1.65969544647158,1.67565429916402,1.72557690370658,1.76107139870123,1.79666357893726,1.8469237952858,1.86301099861284,-0.0243443523056136
37.4,"male",1.75838294772954,0.0529181946118875,0.00480785768823541,1.03533727271897,1.65727607320402,1.67323261908412,1.72314800743879,1.75863737179277,1.79422440726797,1.84447735862767,1.86056223658961,-0.0243361813449424
37.5,"male",1.7559497757053,0.0529104289593881,0.00480785768823541,1.03533727271897,1.65485773843677,1.67081194272168,1.72072000608041,1.75620416243224,1.79178597557224,1.84203155239922,1.85811406993346,-0.0243280013467769
37.6,"male",1.75351742268423,0.0529025486034842,0.00480785768823541,1.03533727271897,1.65244044182799,1.66839226993092,1.71829290009908,1.75377177152341,1.78934828519113,1.83958637855907,1.85566650080065,-0.0243198123110929
37.7,"male",1.75108588956696,0.0528945541948635,0.00480785768823541,1.03533727271897,1.65002418303508,1.66597360056545,1.71586668996216,1.75134019997002,1.78691133746599,1.83714183906648,1.85321953134823,-0.0243116142378757
37.8,"male",1.74865517725411,0.0528864463845919,0.00480785768823541,1.03533727271897,1.64760896171473,1.66355593447827,1.71344137613679,1.74890944867584,1.7844751337384,1.8346979358813,1.85077316373395,-0.0243034071271081
37.9,"male",1.74622528664631,0.0528782258240996,0.00480785768823541,1.03533727271897,1.64519477752292,1.6611392715218,1.71101695908983,1.7464795185446,1.78203967535021,1.832254670964,1.84832740011628,-0.0242951909787711
38,"male",1.74379621864417,0.0528698931651681,0.00480785768823541,1.03533727271897,1.64278163011496,1.65872361154788,1.70859343928793,1.74405041048008,1.77960496364347,1.82981204627559,1.84588224265436,-0.0242869657928487
38.1,"male",1.74136797414832,0.0528614490599171,0.00480785768823541,1.03533727271897,1.64036951914552,1.65630895440781,1.7061708171975,1.74162212538603,1.77717099996051,1.82737006377768,1.84343769350798,-0.0242787315693257
38.2,"male",1.73894055405939,0.0528528941607904,0.00480785768823541,1.03533727271897,1.63795844426864,1.65389529995237,1.70374909328476,1.73919466416622,1.77473778564385,1.82492872543235,1.84099375483758,-0.0242704883081862
38.3,"male",1.736513959278,0.0528442291205438,0.00480785768823541,1.03533727271897,1.63554840513779,1.65148264803185,1.70132826801569,1.7367680277244,1.77230532203621,1.82248803320223,1.83855042880417,-0.0242622360094163
38.4,"male",1.73408819070477,0.0528354545922313,0.00480785768823541,1.03533727271897,1.63313940140584,1.64907099849603,1.69890834185608,1.73434221696433,1.76987361048054,1.82004798905041,1.83610771756936,-0.0242539746729994
38.5,"male",1.73166324924033,0.0528265712291924,0.00480785768823541,1.03533727271897,1.63073143272512,1.64666035119427,1.69648931527156,1.7319172327898,1.76744265231997,1.81760859494047,1.83366562329529,-0.0242457042989227
38.6,"male",1.72923913578531,0.0528175796850391,0.00480785768823541,1.03533727271897,1.62832449874746,1.64425070597546,1.69407118872753,1.72949307610455,1.76501244889781,1.8151698528364,1.83122414814465,-0.0242374248871787
38.7,"male",1.72681585124031,0.0528084806136429,0.00480785768823541,1.03533727271897,1.62591859912417,1.64184206268808,1.69165396268925,1.72706974781236,1.76258300155755,1.81273176470263,1.82878329428061,-0.0242291364377494
38.8,"male",1.72439339650598,0.0527992746691224,0.00480785768823541,1.03533727271897,1.6235137335061,1.63943442118022,1.68923763762181,1.724647248817,1.76015431164285,1.81029433250401,1.82634306386683,-0.0242208389506254
38.9,"male",1.72197177248294,0.05278996250583,0.00480785768823541,1.03533727271897,1.62110990154366,1.6370277812996,1.68682221399014,1.72222558002224,1.75772638049753,1.80785755820574,1.82390345906742,-0.0242125324257955
39,"male",1.7195509800718,0.0527805447783399,0.00480785768823541,1.03533727271897,1.61870710288681,1.63462214289355,1.68440769225903,1.71980474233184,1.75529920946556,1.80542144377339,1.82146448204691,-0.0242042168632447
39.1,"male",1.71713102017319,0.0527710221414349,0.00480785768823541,1.03533727271897,1.61630533718515,1.63221750580911,1.68199407289311,1.71738473664959,1.75287279989104,1.80298599117287,1.81902613497024,-0.0241958922629722
39.2,"male",1.71471189368774,0.0527613952500946,0.00480785768823541,1.03533727271897,1.61390460408787,1.62981386989297,1.6795813563569,1.71496556387925,1.75044715311821,1.80055120237043,1.81658842000274,-0.0241875586249668
39.3,"male",1.71229360151607,0.0527516647594822,0.00480785768823541,1.03533727271897,1.61150490324383,1.62741123499154,1.6771695431148,1.71254722492459,1.74802227049144,1.79811707933259,1.81415133931006,-0.0241792159492132
39.4,"male",1.7098761445588,0.0527418313249329,0.00480785768823541,1.03533727271897,1.60910623430154,1.62500960095094,1.67475863363108,1.7101297206894,1.74559815335521,1.79568362402616,1.81171489505822,-0.0241708642357071
39.5,"male",1.70745952371657,0.0527318956019411,0.00480785768823541,1.03533727271897,1.60670859690924,1.62260896761705,1.67234862836991,1.70771305207745,1.74317480305411,1.79325083841821,1.80927908941354,-0.0241625034844436
39.6,"male",1.70504373988998,0.0527218582461484,0.00480785768823541,1.03533727271897,1.60431199071485,1.62020933483551,1.66993952779536,1.70529721999251,1.74075222093283,1.79081872447605,1.8068439245426,-0.024154133695414
39.7,"male",1.70262879397967,0.0527117199133316,0.00480785768823541,1.03533727271897,1.60191641536605,1.61781070245172,1.66753133237142,1.70288222533837,1.73833040833616,1.78838728416721,1.80440940261226,-0.0241457548686124
39.8,"male",1.70021468688626,0.0527014812593904,0.00480785768823541,1.03533727271897,1.5995218705103,1.61541307031091,1.66512404256199,1.70046806901879,1.73590936660895,1.78595651945942,1.80197552578963,-0.0241373670040351
39.9,"male",1.69780141951038,0.0526911429403357,0.00480785768823541,1.03533727271897,1.59712835579482,1.61301643825812,1.66271765883089,1.69805475193756,1.73348909709615,1.78352643232059,1.799542296242,-0.0241289701016741
40,"male",1.69538899275264,0.0526807056122775,0.00480785768823541,1.03533727271897,1.59473587086666,1.61062080613824,1.66031218164189,1.69564227499846,1.73106960114276,1.7810970247188,1.79710971613689,-0.0241205641615213
40.1,"male",1.69297740751368,0.0526701699314131,0.00480785768823541,1.03533727271897,1.59234441537269,1.608226173796,1.6579076114587,1.69323063910526,1.72865088009385,1.77866829862225,1.79467778764196,-0.0241121491835791
40.2,"male",1.69056666469411,0.0526595365540155,0.00480785768823541,1.03533727271897,1.58995398895965,1.60583254107603,1.65550394874495,1.69081984516174,1.72623293529454,1.77624025599929,1.79224651292502,-0.0241037251678449
40.3,"male",1.68815676519457,0.0526488061364216,0.00480785768823541,1.03533727271897,1.58756459127415,1.60343990782283,1.65310119396427,1.68840989407169,1.72381576808998,1.77381289881835,1.78981589415402,-0.0240952921143128
40.4,"male",1.68574770991566,0.0526379793350208,0.00480785768823541,1.03533727271897,1.58517622196268,1.60104827388085,1.65069934758022,1.68600078673888,1.72139937982538,1.77138622904796,1.787385933497,-0.0240868500229804
40.5,"male",1.68333949975803,0.0526270568062431,0.00480785768823541,1.03533727271897,1.5827888806717,1.59865763909444,1.64829841005636,1.68359252406709,1.71898377184595,1.76896024865671,1.78495663312207,-0.0240783988938461
40.6,"male",1.68093213562229,0.0526160392065482,0.00480785768823541,1.03533727271897,1.58040256704756,1.59626800330793,1.64589838185621,1.68118510696011,1.71656894549695,1.76653495961325,1.78252799519742,-0.0240699387269091
40.7,"male",1.67852561840906,0.0526049271924135,0.00480785768823541,1.03533727271897,1.57801728073662,1.59387936636562,1.64349926344329,1.67877853632171,1.71415490212362,1.76411036388624,1.78010002189125,-0.0240614695221691
40.8,"male",1.67611994901898,0.0525937214203235,0.00480785768823541,1.03533727271897,1.5756330213852,1.59149172811176,1.64110105528112,1.67637281305568,1.71174164307123,1.76168646344436,1.77767271537179,-0.0240529912796277
40.9,"male",1.67371512835266,0.052582422546758,0.00480785768823541,1.03533727271897,1.57324978863964,1.58910508839067,1.6387037578332,1.67396793806579,1.70932916968504,1.75926326025629,1.77524607780725,-0.0240445039992817
41,"male",1.67131115731073,0.0525710312281815,0.00480785768823541,1.03533727271897,1.5708675821463,1.58671944704663,1.63630737156306,1.67156391225582,1.70691748331028,1.75684075629068,1.77282011136582,-0.0240360076811349
41.1,"male",1.66890803679381,0.0525595481210316,0.00480785768823541,1.03533727271897,1.5684864015516,1.58433480392402,1.63391189693425,1.66916073652956,1.7045065852922,1.75441895351613,1.77039481821563,-0.0240275023251876
41.2,"male",1.66650576770253,0.0525479738817085,0.00480785768823541,1.03533727271897,1.56610624650204,1.58195115886724,1.63151733441033,1.66675841179078,1.70209647697599,1.75199785390118,1.76797020052475,-0.0240189879314428
41.3,"male",1.66410435093751,0.0525363091665638,0.00480785768823541,1.03533727271897,1.56372711664418,1.57956851172079,1.62912368445491,1.66435693894327,1.69968715970683,1.7495774594143,1.76554626046113,-0.0240104644999023
41.4,"male",1.66170378739938,0.0525245546318897,0.00480785768823541,1.03533727271897,1.56134901162473,1.57718686232925,1.62673094753161,1.6619563188908,1.69727863482984,1.74715777202385,1.76312300019265,-0.0240019320305681
41.5,"male",1.65930407798875,0.0525127109339085,0.00480785768823541,1.03533727271897,1.55897193109051,1.57480621053733,1.62433912410414,1.65955655253716,1.6948709036901,1.7447387936981,1.760700421887,-0.0239933905234487
41.6,"male",1.65690522360626,0.0525007787287617,0.00480785768823541,1.03533727271897,1.55659587468851,1.57242655618985,1.62194821463623,1.65715764078611,1.69246396763266,1.74232052640517,1.75827852771176,-0.0239848399785422
41.7,"male",1.65450722515252,0.0524887586724994,0.00480785768823541,1.03533727271897,1.55422084206589,1.5700478991318,1.61955821959167,1.65475958454145,1.69005782800246,1.73990297211302,1.75585731983431,-0.0239762803958537
41.8,"male",1.65211008352816,0.0524766514210699,0.00480785768823541,1.03533727271897,1.55184683286999,1.56767023920832,1.61716913943435,1.65236238470694,1.68765248614442,1.73748613278947,1.75343680042184,-0.023967711775395
41.9,"male",1.64971379963381,0.0524644576303093,0.00480785768823541,1.03533727271897,1.54947384674839,1.56529357626473,1.61478097462819,1.64996604218637,1.68524794340334,1.73507001040214,1.75101697164132,-0.0239591341171671
42,"male",1.64731837437009,0.052452177955931,0.00480785768823541,1.03533727271897,1.54710188334889,1.56291791014655,1.61239372563724,1.64757055788351,1.68284420112398,1.73265460691846,1.74859783565948,-0.0239505474211717
42.1,"male",1.64492380863762,0.0524398130535155,0.00480785768823541,1.03533727271897,1.54473094231953,1.56054324069951,1.6100073929256,1.64517593270213,1.68044126065097,1.73023992430564,1.74617939464281,-0.0239419516874225
42.2,"male",1.64253010333703,0.0524273635785001,0.00480785768823541,1.03533727271897,1.54236102330866,1.55816956776957,1.60762197695748,1.64278216754602,1.67803912332887,1.72782596453066,1.74376165075752,-0.0239333469159236
42.3,"male",1.64013725936894,0.0524148301861689,0.00480785768823541,1.03533727271897,1.53999212596488,1.55579689120296,1.60523747819718,1.64038926331895,1.67563779050213,1.72541272956025,1.74134460616949,-0.0239247331066833
42.4,"male",1.63774527763397,0.0524022135316428,0.00480785768823541,1.03533727271897,1.53762424993714,1.55342521084613,1.60285389710915,1.63799722092469,1.67323726351508,1.72300022136086,1.73892826304433,-0.0239161102597115
42.5,"male",1.63535415903276,0.0523895142698695,0.00480785768823541,1.03533727271897,1.53525739487469,1.55105452654585,1.60047123415789,1.63560604126701,1.67083754371195,1.72058844189868,1.7365126235473,-0.0239074783750123
42.6,"male",1.63296390446591,0.0523767330556132,0.00480785768823541,1.03533727271897,1.53289156042716,1.54868483814915,1.59808948980808,1.63321572524968,1.66843863243682,1.7181773931396,1.73409768984328,-0.023898837452598
42.7,"male",1.63057451483407,0.0523638705434455,0.00480785768823541,1.03533727271897,1.53052674624452,1.54631614550341,1.5957086645245,1.63082627377649,1.66604053103367,1.71576707704917,1.73168346409683,-0.0238901874924762
42.8,"male",1.62818599103784,0.0523509273877352,0.00480785768823541,1.03533727271897,1.52816295197715,1.54394844845629,1.59332875877207,1.62843768775119,1.66364324084632,1.71335749559264,1.72926994847207,-0.0238815284946586
42.9,"male",1.62579833397786,0.0523379042426387,0.00480785768823541,1.03533727271897,1.52580017727581,1.54158174685583,1.59094977301585,1.62604996807756,1.66124676321845,1.7109486507349,1.72685714513274,-0.0238728604591573
43,"male",1.62341154455475,0.0523248017620904,0.00480785768823541,1.03533727271897,1.52343842179172,1.53921604055041,1.58857170772105,1.62366311565936,1.6588510994936,1.70854054444049,1.72444505624213,-0.0238641833859784
43.1,"male",1.62102562366914,0.0523116205997936,0.00480785768823541,1.03533727271897,1.52107768517651,1.53685132938877,1.58619456335304,1.62127713140036,1.65645625101515,1.70613317867356,1.7220336839631,-0.0238554972751345
43.2,"male",1.61864057222164,0.0522983614092103,0.00480785768823541,1.03533727271897,1.51871796708228,1.53448761322008,1.58381834037733,1.61889201620433,1.65406221912631,1.70372655539787,1.71962303045803,-0.0238468021266408
43.3,"male",1.61625639111288,0.0522850248435526,0.00480785768823541,1.03533727271897,1.51635926716162,1.53212489189386,1.58144303925962,1.61650777097503,1.65166900517011,1.70132067657678,1.71721309788884,-0.0238380979405078
43.4,"male",1.61387308124349,0.0522716115557731,0.00480785768823541,1.03533727271897,1.51400158506759,1.52976316526008,1.57906866046578,1.61412439661623,1.64927661048944,1.69891554417323,1.71480388841693,-0.0238293847167467
43.5,"male",1.61149064351408,0.0522581221985557,0.00480785768823541,1.03533727271897,1.5116449204538,1.52740243316914,1.57669520446184,1.61174189403168,1.64688503642698,1.69651116014971,1.71239540420318,-0.0238206624553746
43.6,"male",1.60910907882529,0.0522445574243066,0.00480785768823541,1.03533727271897,1.50928927297436,1.52504269547187,1.57432267171404,1.60936026412515,1.64449428432522,1.69410752646827,1.70998764740794,-0.0238119311563986
43.7,"male",1.60672838807774,0.052230917885145,0.00480785768823541,1.03533727271897,1.50693464228393,1.52268395201959,1.57195106268878,1.6069795078004,1.64210435552647,1.69170464509049,1.70758062019101,-0.0238031908198349
43.8,"male",1.60434857217205,0.0522172042328948,0.00480785768823541,1.03533727271897,1.50458102803776,1.52032620266406,1.56958037785269,1.60459962596119,1.63971525137284,1.68930251797746,1.70517432471161,-0.023794441445703
43.9,"male",1.60196963200885,0.0522034171190748,0.00480785768823541,1.03533727271897,1.50222842989164,1.51796944725756,1.56721061767259,1.60222061951126,1.63732697320622,1.6869011470898,1.70276876312839,-0.0237856830340141
44,"male",1.59959156848875,0.0521895571948908,0.00480785768823541,1.03533727271897,1.49987684750201,1.51561368565287,1.56484178261549,1.59984248935438,1.63493952236829,1.68450053438758,1.70036393759936,-0.023776915584783
44.1,"male",1.59721438251239,0.0521756251112261,0.00480785768823541,1.03533727271897,1.49752628052589,1.51325891770326,1.56247387314865,1.59746523639431,1.63255290020053,1.68210068183039,1.69795985028194,-0.0237681390980234
44.2,"male",1.59483807498038,0.0521616215186337,0.00480785768823541,1.03533727271897,1.49517672862093,1.51090514326257,1.56010688973952,1.59508886153478,1.63016710804417,1.67970159137725,1.69555650333291,-0.0237593535737562
44.3,"male",1.59246264679336,0.0521475470673268,0.00480785768823541,1.03533727271897,1.49282819144546,1.50855236218517,1.55774083285579,1.59271336567955,1.62778214724023,1.67730326498663,1.69315389890837,-0.0237505590119962
44.4,"male",1.59008809885194,0.0521334024071711,0.00480785768823541,1.03533727271897,1.49048066865843,1.50620057432599,1.55537570296538,1.59033874973238,1.62539801912949,1.67490570461646,1.69075203916378,-0.0237417554127602
44.5,"male",1.58771443205676,0.052119188187676,0.00480785768823541,1.03533727271897,1.48813415991951,1.50384977954052,1.55301150053644,1.587965014597,1.62301472505249,1.67250891222406,1.68835092625387,-0.0237329427760632
44.6,"male",1.58534164730842,0.0521049050579865,0.00480785768823541,1.03533727271897,1.48578866488906,1.50149997768485,1.55064822603738,1.58559216117717,1.6206322663495,1.67011288976617,1.68595056233272,-0.0237241211019231
44.7,"male",1.58296974550757,0.0520905536668745,0.00480785768823541,1.03533727271897,1.48344418322812,1.49915116861569,1.54828587993684,1.58322019037662,1.61825064436058,1.66771763919893,1.68355094955366,-0.0237152903903631
44.8,"male",1.58059872755481,0.0520761346627312,0.00480785768823541,1.03533727271897,1.48110071459849,1.49680335219032,1.54592446270372,1.58084910309909,1.6158698604255,1.66532316247786,1.68115209006927,-0.0237064506413969
44.9,"male",1.57822859435079,0.0520616486935589,0.00480785768823541,1.03533727271897,1.47875825866271,1.49445652826668,1.54356397480719,1.57847890024834,1.61348991588376,1.66292946155782,1.6787539860314,-0.0236976018550458
45,"male",1.57585934679611,0.0520470964069625,0.00480785768823541,1.03533727271897,1.47641681508407,1.49211069670333,1.54120441671665,1.57610958272809,1.61111081207463,1.66053653839306,1.67635663959114,-0.023688744031329
45.1,"male",1.5734909857914,0.0520324784501422,0.00480785768823541,1.03533727271897,1.47407638352664,1.4897658573595,1.53884578890182,1.57374115144207,1.60873255033708,1.65814439493716,1.67396005289878,-0.0236798771702603
45.2,"male",1.5711235122373,0.0520177954698852,0.00480785768823541,1.03533727271897,1.47173696365526,1.48742201009505,1.53648809183265,1.57137360729403,1.60635513200979,1.65575303314301,1.67156422810382,-0.0236710012718682
45.3,"male",1.56875692703441,0.0520030481125583,0.00480785768823541,1.03533727271897,1.46939855513561,1.48507915477056,1.5341313259794,1.5690069511877,1.60397855843117,1.65336245496284,1.66916916735494,-0.023662116336171
45.4,"male",1.56639123108338,0.0519882370240996,0.00480785768823541,1.03533727271897,1.46706115763416,1.48273729124728,1.5317754918126,1.5666411840268,1.60160283093934,1.65097266234817,1.66677487280002,-0.0236532223631855
45.5,"male",1.56402642528481,0.0519733628500118,0.00480785768823541,1.03533727271897,1.46472477081822,1.48039641938714,1.52942058980307,1.56427630671506,1.59922795087213,1.64858365724981,1.66438134658607,-0.0236443193529364
45.6,"male",1.56166251053933,0.0519584262353537,0.00480785768823541,1.03533727271897,1.46238939435594,1.47805653905283,1.52706662042194,1.56191232015621,1.59685391956705,1.64619544161786,1.66198859085925,-0.0236354073054442
45.7,"male",1.55929948774758,0.0519434278247333,0.00480785768823541,1.03533727271897,1.46005502791635,1.47571765010772,1.52471358414062,1.55954922525397,1.59448073836132,1.64380801740168,1.65959660776485,-0.0236264862207319
45.8,"male",1.55693735781016,0.0519283682623004,0.00480785768823541,1.03533727271897,1.45772167116933,1.47337975241594,1.52236148143083,1.55718702291207,1.59210840859186,1.64142138654987,1.65720539944728,-0.0236175560988199
45.9,"male",1.55457612162772,0.051913248191739,0.00480785768823541,1.03533727271897,1.45538932378569,1.47104284584237,1.52001031276462,1.55482571403421,1.58973693159524,1.6390355510103,1.65481496805005,-0.0236086169397284
46,"male",1.55221578010086,0.0518980682562604,0.00480785768823541,1.03533727271897,1.45305798543709,1.46870693025264,1.51766007861433,1.55246529952412,1.58736630870774,1.63665051273004,1.65242531571576,-0.0235996687434866
46.1,"male",1.54985633413021,0.0518828290985957,0.00480785768823541,1.03533727271897,1.45072765579616,1.46637200551318,1.51531077945263,1.55010578028551,1.58499654126531,1.63426627365541,1.65003644458607,-0.0235907115101149
46.2,"male",1.54749778461641,0.051867531360989,0.00480785768823541,1.03533727271897,1.44839833453642,1.46403807149116,1.51296241575252,1.5477471572221,1.58262763060356,1.63188283573192,1.64764835680171,-0.0235817452396341
46.3,"male",1.54514013246007,0.0518521756851905,0.00480785768823541,1.03533727271897,1.44607002133235,1.46170512805457,1.51061498798731,1.54538943123759,1.58025957805777,1.62950020090428,1.64526105450245,-0.0235727699320725
46.4,"male",1.54278337856181,0.0518367627124491,0.00480785768823541,1.03533727271897,1.44374271585939,1.45937317507222,1.50826849663066,1.54303260323568,1.57789238496288,1.62711837111638,1.6428745398271,-0.0235637855874512
46.5,"male",1.54042752382226,0.051821293083506,0.00480785768823541,1.03533727271897,1.44141641779396,1.45704221241371,1.50592294215658,1.54067667412009,1.57552605265349,1.62473734831128,1.64048881491349,-0.0235547922057985
46.6,"male",1.53807256914205,0.0518057674385878,0.00480785768823541,1.03533727271897,1.43909112681343,1.45471223994948,1.50357832503938,1.53832164479452,1.57316058246386,1.62235713443123,1.63810388189844,-0.0235457897871335
46.7,"male",1.5357185154218,0.0517901864173999,0.00480785768823541,1.03533727271897,1.43676684259619,1.45238325755081,1.50123464575377,1.53596751616267,1.57079597572787,1.61997773141759,1.63571974291779,-0.0235367783314838
46.8,"male",1.53336536356213,0.0517745506591196,0.00480785768823541,1.03533727271897,1.43444356482165,1.45005526508983,1.49889190477477,1.53361428912823,1.56843223377906,1.61759914121091,1.63333640010634,-0.0235277578388798
46.9,"male",1.53101311446366,0.05175886080239,0.00480785768823541,1.03533727271897,1.43212129317021,1.44772826243952,1.49655010257777,1.53126196459489,1.56606935795062,1.61522136575082,1.63095385559786,-0.0235187283093404
47,"male",1.52866176902703,0.0517431174853131,0.00480785768823541,1.03533727271897,1.42980002732332,1.44540224947375,1.49420923963854,1.52891054346636,1.56370734957535,1.6128444069761,1.62857211152509,-0.0235096897428974
47.1,"male",1.52631132815285,0.0517273213454438,0.00480785768823541,1.03533727271897,1.42747976696349,1.44307722606725,1.49186931643317,1.52656002664631,1.56134620998568,1.61046826682464,1.62619117001969,-0.023500642139573
47.2,"male",1.52396179274175,0.0517114730197833,0.00480785768823541,1.03533727271897,1.42516051177426,1.44075319209565,1.48953033343816,1.52421041503844,1.5589859405137,1.60809294723342,1.62381103321227,-0.0234915854993938
47.3,"male",1.52161316369435,0.0516955731447733,0.00480785768823541,1.03533727271897,1.42284226144026,1.43843014743548,1.48719229113036,1.52186170954643,1.55662654249107,1.60571845013851,1.62143170323236,-0.0234825198223903
47.4,"male",1.51926544191128,0.0516796223562892,0.00480785768823541,1.03533727271897,1.42052501564719,1.43610809196419,1.48485518998702,1.51951391107397,1.55426801724911,1.60334477747507,1.61905318220839,-0.0234734451085868
47.5,"male",1.51691862829316,0.0516636212896347,0.00480785768823541,1.03533727271897,1.41820877408185,1.43378702556013,1.48251903048573,1.51716702052472,1.55191036611872,1.60097193117731,1.61667547226767,-0.0234643613580151
47.6,"male",1.51457272374061,0.0516475705795355,0.00480785768823541,1.03533727271897,1.41589353643213,1.43146694810259,1.48018381310451,1.51482103880236,1.54955359043044,1.59859991317851,1.61429857553643,-0.0234552685706998
47.7,"male",1.51222772915426,0.0516314708601332,0.00480785768823541,1.03533727271897,1.41357930238706,1.42914785947181,1.47784953832174,1.51247596681058,1.54719769151439,1.59622872541102,1.61192249413974,-0.0234461667466673
47.8,"male",1.50988364543474,0.0516153227649798,0.00480785768823541,1.03533727271897,1.41126607163677,1.42682975954896,1.4755162066162,1.51013180545303,1.54484267070029,1.59385836980619,1.60954723020156,-0.0234370558859503
47.9,"male",1.50754047348266,0.0515991269270319,0.00480785768823541,1.03533727271897,1.40895384387255,1.42451264821618,1.47318381846707,1.50778855563339,1.54248852931747,1.59148884829443,1.60717278584466,-0.0234279359885755
48,"male",1.50519821419865,0.0515828839786448,0.00480785768823541,1.03533727271897,1.40664261878683,1.42219652535658,1.47085237435392,1.50544621825531,1.54013526869486,1.58912016280516,1.60479916319069,-0.0234188070545723
48.1,"male",1.50285686848334,0.0515665945515671,0.00480785768823541,1.03533727271897,1.40433239607319,1.41988139085424,1.46852187475675,1.50310479422247,1.53778289016095,1.58675231526683,1.60242636436012,-0.0234096690839677
48.2,"male",1.50051643723734,0.051550259276935,0.00480785768823541,1.03533727271897,1.4020231754264,1.41756724459423,1.46619232015593,1.50076428443852,1.53543139504384,1.58438530760687,1.60005439147221,-0.0234005220767946
48.3,"male",1.49817692136129,0.0515338787852671,0.00480785768823541,1.03533727271897,1.39971495654239,1.4152540864626,1.46386371103228,1.49842468980711,1.53308078467121,1.58201914175172,1.59768324664505,-0.0233913660330836
48.4,"male",1.49583832175581,0.0515174537064586,0.00480785768823541,1.03533727271897,1.3974077391183,1.41294191634642,1.461536047867,1.4960860112319,1.5307310603703,1.5796538196268,1.59531293199554,-0.0233822009528603
48.5,"male",1.49350063932151,0.0515009846697764,0.00480785768823541,1.03533727271897,1.39510152285245,1.41063073413377,1.45920933114173,1.49374824961654,1.52838222346794,1.57728934315651,1.59294344963933,-0.0233730268361584
48.6,"male",1.49116387495904,0.0514844723038538,0.00480785768823541,1.03533727271897,1.39279630744438,1.40832053971373,1.45688356133852,1.49141140586467,1.52603427529053,1.57492571426422,1.59057480169088,-0.0233638436830083
48.7,"male",1.488828029569,0.0514679172366852,0.00480785768823541,1.03533727271897,1.39049209259487,1.40601133297644,1.45455873893987,1.48907548087994,1.52368721716403,1.57256293487226,1.5882069902634,-0.0233546514934396
48.8,"male",1.48649310405202,0.0514513200956211,0.00480785768823541,1.03533727271897,1.38818887800589,1.40370311381304,1.45223486442867,1.48674047556598,1.52134105041397,1.57020100690192,1.58584001746886,-0.0233454502674851
48.9,"male",1.48415909930873,0.0514346815073631,0.00480785768823541,1.03533727271897,1.38588666338068,1.40139588211575,1.44991193828827,1.48440639082644,1.51899577636544,1.56783993227341,1.58347388541797,-0.0233362400051725
49,"male",1.48182601623975,0.051418002097959,0.00480785768823541,1.03533727271897,1.38358544842372,1.39908963777781,1.44758996100245,1.48207322756495,1.51665139634309,1.5654797129059,1.58110859622019,-0.0233270207065358
49.1,"male",1.47949385574571,0.0514012824927979,0.00480785768823541,1.03533727271897,1.38128523284075,1.39678438069355,1.44526893305542,1.47974098668514,1.51430791167111,1.56312035071748,1.57874415198371,-0.0233177923716118
49.2,"male",1.47716261872723,0.0513845233166056,0.00480785768823541,1.03533727271897,1.37898601633878,1.39448011075833,1.44294885493185,1.47740966909063,1.51196532367325,1.56076184762516,1.57638055481542,-0.0233085550004236
49.3,"male",1.47483230608492,0.0513677251934396,0.00480785768823541,1.03533727271897,1.37668779862609,1.39217682786863,1.44062972711683,1.47507927568505,1.50962363367282,1.55840420554487,1.57401780682093,-0.023299308593006
49.4,"male",1.47250291871943,0.0513508887466846,0.00480785768823541,1.03533727271897,1.37439057941225,1.38987453192197,1.43831155009591,1.47274980737203,1.50728284299265,1.55604742639143,1.57165591010456,-0.0232900531493959
49.5,"male",1.47017445753137,0.0513340145990483,0.00480785768823541,1.03533727271897,1.37209435840812,1.387573222817,1.4359943243551,1.47042126505517,1.50494295295513,1.55369151207859,1.56929486676931,-0.0232807886696215
49.6,"male",1.46784692342136,0.0513171033725563,0.00480785768823541,1.03533727271897,1.36979913532587,1.38527290045342,1.43367805038086,1.4680936496381,1.50260396488218,1.55133646451894,1.56693467891688,-0.0232715151537174
49.7,"male",1.46552031729003,0.0513001556885482,0.00480785768823541,1.03533727271897,1.36750490987898,1.38297356473209,1.43136272866009,1.46576696202443,1.50026588009526,1.548982285624,1.56457534864761,-0.0232622326017167
49.8,"male",1.46319464003801,0.0512831721676731,0.00480785768823541,1.03533727271897,1.36521168178223,1.38067521555493,1.42904835968017,1.46344120311776,1.49792869991535,1.54662897730415,1.56221687806055,-0.0232529410136511
49.9,"male",1.46086989256591,0.0512661534298853,0.00480785768823541,1.03533727271897,1.36291945075176,1.378377852825,1.42673494392894,1.4611163738217,1.49559242566298,1.54427654146863,1.55985926925339,-0.023243640389555
50,"male",1.45854607577437,0.0512491000944402,0.00480785768823541,1.03533727271897,1.36062821650502,1.3760814764465,1.42442248189468,1.45879247503985,1.49325705865819,1.54192498002555,1.55750252432245,-0.0232343307294655
50.1,"male",1.45622319056399,0.0512320127798902,0.00480785768823541,1.03533727271897,1.35833797876082,1.37378608632473,1.42211097406618,1.4564695076758,1.49092260022055,1.53957429488189,1.55514664536272,-0.0232250120334118
50.2,"male",1.45390123783542,0.0512148921040808,0.00480785768823541,1.03533727271897,1.3560487372393,1.37149168236616,1.41980042093267,1.45414747263316,1.48858905166914,1.53722448794347,1.55279163446783,-0.023215684301428
50.3,"male",1.45158021848928,0.0511977386841462,0.00480785768823541,1.03533727271897,1.35376049166198,1.36919826447836,1.41749082298386,1.45182637081552,1.48625641432259,1.53487556111493,1.55043749373001,-0.0232063475335536
50.4,"male",1.44926013342618,0.051180553136506,0.00480785768823541,1.03533727271897,1.35147324175174,1.3669058325701,1.41518218070995,1.44950620312645,1.48392468949901,1.53252751629978,1.54808422524012,-0.0231970017298174
50.5,"male",1.44694098354675,0.051163336076861,0.00480785768823541,1.03533727271897,1.34918698723282,1.36461438655128,1.41287449460159,1.44718697046956,1.48159387851604,1.53018035540036,1.54573183108765,-0.0231876468902533
50.6,"male",1.44462276975161,0.0511460881201898,0.00480785768823541,1.03533727271897,1.34690172783085,1.36232392633296,1.41056776514994,1.4448686737484,1.47926398269083,1.5278340803178,1.54338031336067,-0.0231782830149027
50.7,"male",1.4423054929414,0.0511288098807447,0.00480785768823541,1.03533727271897,1.34461746327286,1.36003445182738,1.40826199284663,1.44255131386657,1.47693500334003,1.52548869295209,1.54102967414585,-0.0231689101037973
50.8,"male",1.43998915401673,0.0511115019720484,0.00480785768823541,1.03533727271897,1.34233419328725,1.35774596294795,1.40595717818377,1.44023489172764,1.47460694177981,1.52314419520201,1.53867991552848,-0.0231595281569701
50.9,"male",1.43767375387823,0.0510941650068907,0.00480785768823541,1.03533727271897,1.34005191760384,1.35545845960924,1.40365332165398,1.43791940823518,1.47227979932584,1.52080058896516,1.53633103959241,-0.0231501371744577
51,"male",1.43535929342652,0.0510767995973246,0.00480785768823541,1.03533727271897,1.33777063595384,1.35317194172705,1.40135042375034,1.43560486429275,1.46995357729328,1.51845787613791,1.53398304842006,-0.0231407371562972
51.1,"male",1.43304577356222,0.0510594063546632,0.00480785768823541,1.03533727271897,1.3354903480699,1.35088640921833,1.39904848496645,1.43329126080392,1.4676282769968,1.51611605861548,1.53163594409244,-0.0231313281025233
51.2,"male",1.43073319518597,0.0510419858894764,0.00480785768823541,1.03533727271897,1.33321105368605,1.34860186200123,1.39674750579639,1.43097859867225,1.46530389975056,1.51377513829183,1.52928972868912,-0.0231219100131724
51.3,"male",1.42842155919838,0.0510245388115876,0.00480785768823541,1.03533727271897,1.33093275253779,1.34631829999514,1.39444748673474,1.42866687880129,1.46298044686821,1.51143511705974,1.52694440428822,-0.0231124828882772
51.4,"male",1.42611086650007,0.0510070657300708,0.00480785768823541,1.03533727271897,1.32865544436202,1.3440357231206,1.39214842827658,1.42635610209459,1.46065791966292,1.50909599681074,1.52459997296643,-0.0231030467278756
51.5,"male",1.42380111799168,0.050989567253247,0.00480785768823541,1.03533727271897,1.32637912889709,1.34175413129939,1.38985033091748,1.42404626945571,1.45833631944731,1.50675777943517,1.52225643679897,-0.0230936015320079
51.6,"male",1.42149231457382,0.0509720439886818,0.00480785768823541,1.03533727271897,1.3241038058828,1.33947352445452,1.38755319515354,1.42173738178819,1.45601564753351,1.50442046682212,1.51991379785961,-0.0230841473007056
51.7,"male",1.41918445714713,0.0509544965431822,0.00480785768823541,1.03533727271897,1.3218294750604,1.3371939025102,1.38525702148135,1.41942943999557,1.45369590523314,1.50208406085944,1.51757205822065,-0.0230746840343381
51.8,"male",1.41687754661215,0.0509369255227937,0.00480785768823541,1.03533727271897,1.3195561361725,1.3349152653918,1.38296181039793,1.41712244498132,1.45137709385724,1.49974856343369,1.51523121995286,-0.0230652123415014
51.9,"male",1.4145715837478,0.0509193315327975,0.00480785768823541,1.03533727271897,1.31728378884156,1.33263761290427,1.38066756227917,1.41481639752727,1.44905921459466,1.49741397630853,1.51289128500388,-0.0230557346987544
52,"male",1.41226656895934,0.050901715177708,0.00480785768823541,1.03533727271897,1.31501243231783,1.33036094448016,1.37837427712782,1.41251129804157,1.4467422682601,1.49508030087272,1.51055225494621,-0.0230462533319528
52.1,"male",1.4099625025805,0.05088407706127,0.00480785768823541,1.03533727271897,1.31274206578153,1.32808525948173,1.37608195487563,1.41020714686088,1.44442625559623,1.49274753844227,1.50821413127937,-0.0230367685986607
52.2,"male",1.40765938494505,0.050866417786456,0.00480785768823541,1.03533727271897,1.31047268841435,1.32581055727248,1.37379059545488,1.40790394432184,1.44211117734518,1.49041569033192,1.50587691550139,-0.0230272804989134
52.3,"male",1.40535721638672,0.050848737955464,0.00480785768823541,1.03533727271897,1.30820429939947,1.32353683721718,1.37150019879833,1.4056016907611,1.43979703424857,1.48808475785515,1.50354060910879,-0.0230177890327537
52.4,"male",1.40305599723927,0.050831038169715,0.00480785768823541,1.03533727271897,1.30593689792153,1.32126409868182,1.36921076483929,1.40330038651529,1.43748382704749,1.48575474232418,1.50120521359659,-0.0230082942002193
52.5,"male",1.40075572783644,0.0508133190298503,0.00480785768823541,1.03533727271897,1.3036704831667,1.31899234103367,1.36692229351158,1.40100003192105,1.43517155648251,1.48342564504997,1.49887073045832,-0.0229987960013419
52.6,"male",1.39845640851199,0.0507955811357299,0.00480785768823541,1.03533727271897,1.3014050543226,1.31672156364125,1.36463478474954,1.39870062731502,1.43286022329366,1.48109746734219,1.49653716118599,-0.0229892944361617
52.7,"male",1.39615803959965,0.0507778250864295,0.00480785768823541,1.03533727271897,1.29914061057839,1.31445176587433,1.36234823848803,1.39640217303382,1.43054982822043,1.47877021050925,1.4942045072701,-0.0229797895047206
52.8,"male",1.39386062143319,0.0507600514802389,0.00480785768823541,1.03533727271897,1.29687715112469,1.31218294710396,1.36006265466242,1.39410466941408,1.4282403720018,1.47644387585828,1.49187277019962,-0.0229702812070514
52.9,"male",1.39156415434633,0.0507422609146597,0.00480785768823541,1.03533727271897,1.29461467515365,1.30991510670245,1.35777803320864,1.39180811679241,1.4259318553762,1.47411846469512,1.48954195146203,-0.0229607695431918
53,"male",1.38926863867285,0.0507244539864036,0.00480785768823541,1.03533727271897,1.29235318185893,1.30764824404338,1.35549437406311,1.38951251550544,1.42362427908153,1.47179397832432,1.48721205254324,-0.0229512545131835
53.1,"male",1.38697407474647,0.0507066312913898,0.00480785768823541,1.03533727271897,1.2900926704357,1.30538235850161,1.35321167716279,1.38721786588977,1.42131764385517,1.46947041804917,1.48488307492767,-0.0229417361170644
53.2,"male",1.38468046290096,0.0506887934247441,0.00480785768823541,1.03533727271897,1.28783314008064,1.30311744945327,1.35092994244519,1.38492416828203,1.41901195043392,1.46714778517163,1.48255502009819,-0.022932214354871
53.3,"male",1.38238780347005,0.050670940980796,0.00480785768823541,1.03533727271897,1.28557458999197,1.30085351627579,1.34864916984831,1.3826314230188,1.41670719955409,1.46482608099238,1.48022788953613,-0.022922689226637
53.4,"male",1.3800960967875,0.050653074553078,0.00480785768823541,1.03533727271897,1.2833170193694,1.29859055834786,1.34636935931072,1.3803396304367,1.41440339195141,1.46250530681083,1.47790168472128,-0.0229131607324081
53.5,"male",1.37780534318705,0.0506351947343233,0.00480785768823541,1.03533727271897,1.2810604274142,1.29632857504947,1.34409051077148,1.37804879087232,1.4121005283611,1.46018546392504,1.47557640713189,-0.0229036288722225
53.6,"male",1.37551554300246,0.0506173021164645,0.00480785768823541,1.03533727271897,1.27880481332915,1.29406756576188,1.34181262417023,1.37575890466225,1.40979860951781,1.45786655363181,1.47325205824468,-0.0228940936461161
53.7,"male",1.37322669656746,0.0505993972906319,0.00480785768823541,1.03533727271897,1.27655017631857,1.29180752986767,1.33953569944711,1.37346997214309,1.40749763615568,1.45554857722661,1.4709286395348,-0.0228845550541228
53.8,"male",1.37093880421581,0.0505814808471523,0.00480785768823541,1.03533727271897,1.27429651558832,1.28954846675069,1.33725973654281,1.37118199365143,1.40519760900826,1.45323153600362,1.46860615247585,-0.0228750130962901
53.9,"male",1.36865186628126,0.0505635533755473,0.00480785768823541,1.03533727271897,1.27204383034579,1.28729037579609,1.33498473539855,1.36889496952384,1.4028985288086,1.45091543125569,1.46628459853988,-0.0228654677726566
54,"male",1.36636588309756,0.0505456154645324,0.00480785768823541,1.03533727271897,1.2697921197999,1.28503325639032,1.33271069595609,1.3666089000969,1.40060039628918,1.44860026427437,1.46396397919739,-0.0228559190832519
54.1,"male",1.36408085499845,0.0505276677020154,0.00480785768823541,1.03533727271897,1.26754138316115,1.28277710792113,1.33043761815772,1.36432378570719,1.39830321218193,1.4462860363499,1.46164429591731,-0.0228463670281217
54.2,"male",1.36179678231767,0.0505097106750953,0.00480785768823541,1.03533727271897,1.26529161964155,1.28052192977758,1.32816550194629,1.36203962669127,1.39600697721825,1.4439727487712,1.45932555016702,-0.0228368116073024
54.3,"male",1.35951366538899,0.0504917449700615,0.00480785768823541,1.03533727271897,1.26304282845466,1.27826772135001,1.32589434726516,1.35975642338573,1.39371169212898,1.44166040282587,1.45700774341232,-0.0228272528208356
54.4,"male",1.35723150454614,0.0504737711723921,0.00480785768823541,1.03533727271897,1.26079500881561,1.27601448203009,1.32362415405825,1.35747417612711,1.39141735764441,1.43934899980019,1.45469087711745,-0.0228176906687602
54.5,"male",1.35495030012288,0.0504557898667539,0.00480785768823541,1.03533727271897,1.25854815994106,1.27376221121077,1.32135492227002,1.35519288525197,1.38912397449428,1.43703854097912,1.4523749527451,-0.0228081251511122
54.6,"male",1.35267005245295,0.0504378016370006,0.00480785768823541,1.03533727271897,1.25630228104924,1.27151090828634,1.31908665184546,1.35291255109688,1.38683154340778,1.43472902764631,1.45005997175636,-0.022798556267933
54.7,"male",1.3503907618701,0.0504198070661724,0.00480785768823541,1.03533727271897,1.25405737135992,1.26926057265237,1.3168193427301,1.35063317399839,1.38454006511356,1.43242046108407,1.44774593561078,-0.0227889840192601
54.8,"male",1.34811242870808,0.0504018067364952,0.00480785768823541,1.03533727271897,1.25181343009444,1.26701120370576,1.31455299487004,1.34835475429303,1.3822495403397,1.43011284257339,1.44543284576632,-0.022779408405133
54.9,"male",1.34583505330063,0.0503838012293798,0.00480785768823541,1.03533727271897,1.24957045647568,1.2647628008447,1.31228760821188,1.34607729231736,1.37995996981375,1.42780617339394,1.44312070367936,-0.0227698294255948
55,"male",1.34355863598151,0.0503657911254215,0.00480785768823541,1.03533727271897,1.24732844972809,1.26251536346873,1.31002318270281,1.34380078840791,1.37767135426268,1.42550045482405,1.44080951080472,-0.0227602470806795
55.1,"male",1.34128317708447,0.0503477770043993,0.00480785768823541,1.03533727271897,1.24508740907769,1.26026889097865,1.30775971829052,1.34152524290122,1.37538369441292,1.42319568814074,1.43849926859564,-0.0227506613704273
55.2,"male",1.33900867694324,0.0503297594452755,0.00480785768823541,1.03533727271897,1.24284733375203,1.25802338277663,1.30549721492327,1.33925065613383,1.37309699099037,1.42089187461969,1.43618997850377,-0.0227410722948811
55.3,"male",1.33673513589158,0.050311739026195,0.00480785768823541,1.03533727271897,1.24060822298024,1.25577883826611,1.30323567254985,1.33697702844225,1.37081124472033,1.41858901553524,1.43388164197922,-0.022731479854075
55.4,"male",1.33446255426324,0.0502937163244857,0.00480785768823541,1.03533727271897,1.23837007599303,1.25353525685187,1.30097509111961,1.33470436016301,1.36852645632759,1.41628711216042,1.43157426047047,-0.0227218840480533
55.5,"male",1.33219093239197,0.0502756919166572,0.00480785768823541,1.03533727271897,1.23613289202263,1.25129263794,1.29871547058244,1.33243265163264,1.36624262653637,1.41398616576692,1.42926783542445,-0.0227122848768532
55.6,"male",1.32992027061151,0.0502576663784014,0.00480785768823541,1.03533727271897,1.23389667030287,1.24905098093791,1.29645681088876,1.33016190318764,1.36395975607031,1.41168617762511,1.42696236828652,-0.0227026823405104
55.7,"male",1.32765056925561,0.0502396402845919,0.00480785768823541,1.03533727271897,1.23166141006913,1.24681028525432,1.29419911198955,1.32789211516454,1.36167784565255,1.40938714900401,1.42465786050043,-0.0226930764390714
55.8,"male",1.32538182865801,0.050221614209284,0.00480785768823541,1.03533727271897,1.22942711055834,1.24457055029926,1.29194237383634,1.32562328789983,1.35939689600562,1.40708908117132,1.42235431350837,-0.0226834671725711
55.9,"male",1.32311404915248,0.0502035887257145,0.00480785768823541,1.03533727271897,1.22719377100903,1.24233177548411,1.28968659638117,1.32335542173002,1.35711690785153,1.4047919753934,1.42005172875096,-0.0226738545410495
56,"male",1.32084723107275,0.0501855644063022,0.00480785768823541,1.03533727271897,1.22496139066124,1.24009396022151,1.28743177957667,1.32108851699162,1.35483788191173,1.4024958329353,1.41775010766721,-0.0226642385445427
56.1,"male",1.31858137475257,0.0501675418226476,0.00480785768823541,1.03533727271897,1.22272996875663,1.23785710392548,1.28517792337599,1.31882257402111,1.35255981890712,1.40020065506071,1.41544945169458,-0.0226546191830942
56.2,"male",1.3163164805257,0.0501495215455331,0.00480785768823541,1.03533727271897,1.22049950453839,1.2356212060113,1.28292502773284,1.316557593155,1.35028271955802,1.39790644303202,1.41314976226892,-0.022644996456747
56.3,"male",1.31405254872587,0.0501315041449233,0.00480785768823541,1.03533727271897,1.21826999725127,1.23338626589561,1.28067309260144,1.31429357472976,1.34800658458422,1.39561319811025,1.41085104082453,-0.0226353703655329
56.4,"male",1.31178957968684,0.0501134901899653,0.00480785768823541,1.03533727271897,1.21604144614159,1.23115228299635,1.2784221179366,1.31203051908189,1.34573141470496,1.39332092155513,1.40855328879412,-0.022625740909494
56.5,"male",1.30952757374236,0.0500954802489892,0.00480785768823541,1.03533727271897,1.21381385045724,1.22891925673275,1.27617210369364,1.30976842654787,1.34345721063892,1.39102961462504,1.40625650760882,-0.0226161080886719
56.6,"male",1.30726653122617,0.0500774748895081,0.00480785768823541,1.03533727271897,1.21158720944767,1.22668718652539,1.27392304982844,1.30750729746416,1.34118397310421,1.38873927857704,1.40396069869818,-0.0226064719031002
56.7,"male",1.30500645247202,0.0500594746782191,0.00480785768823541,1.03533727271897,1.20936152236386,1.22445607179616,1.27167495629742,1.30524713216724,1.33891170281841,1.38644991466684,1.40166586349018,-0.0225968323528208
56.8,"male",1.30274733781366,0.0500414801810034,0.00480785768823541,1.03533727271897,1.20713678845839,1.22222591196823,1.26942782305754,1.30298793099359,1.33664040049854,1.38416152414886,1.39937200341123,-0.0225871894378787
56.9,"male",1.30048918758484,0.0500234919629273,0.00480785768823541,1.03533727271897,1.20491300698537,1.21999670646612,1.26718165006631,1.30072969427967,1.33437006686106,1.38187410827615,1.39707911988615,-0.022577543158305
57,"male",1.29823200211931,0.0500055105882427,0.00480785768823541,1.03533727271897,1.20269017720047,1.21776845471563,1.26493643728178,1.29847242236193,1.33210070262189,1.37958766830048,1.3947872143382,-0.0225678935141424
57.1,"male",1.29597578175081,0.0499875366203877,0.00480785768823541,1.03533727271897,1.20046829836092,1.2155411561439,1.26269218466253,1.29621611557684,1.3298323084964,1.37730220547227,1.39249628818907,-0.02255824050543
57.2,"male",1.29372052681309,0.0499695706219876,0.00480785768823541,1.03533727271897,1.19824736972552,1.21331481017935,1.2604488921677,1.29396077426085,1.32756488519939,1.37501772104061,1.39020634285888,-0.0225485841322053
57.3,"male",1.2914662376399,0.0499516131548557,0.00480785768823541,1.03533727271897,1.19602739055457,1.21108941625172,1.25820655975696,1.2917063987504,1.32529843344514,1.3727342162533,1.38791737976617,-0.0225389243945089
57.4,"male",1.28921291456498,0.0499336647799945,0.00480785768823541,1.03533727271897,1.19380836010998,1.20886497379205,1.25596518739052,1.28945298938195,1.32303295394735,1.37045169235679,1.38562940032792,-0.0225292612923808
57.5,"male",1.2869605579221,0.0499157260575961,0.00480785768823541,1.03533727271897,1.19159027765517,1.20664148223269,1.25372477502913,1.28720054649192,1.3207684474192,1.36817015059622,1.38334240595955,-0.0225195948258569
57.6,"male",1.28470916804498,0.0498977975470438,0.00480785768823541,1.03533727271897,1.18937314245511,1.20441894100729,1.25148532263407,1.28494907041677,1.3185049145733,1.36588959221543,1.38105639807493,-0.0225099249949753
57.7,"male",1.28245874526739,0.0498798798069129,0.00480785768823541,1.03533727271897,1.18715695377633,1.2021973495508,1.24924683016719,1.28269856149293,1.31624235612172,1.36361001845692,1.37877137808634,-0.0225002517997812
57.8,"male",1.28020928992307,0.0498619733949723,0.00480785768823541,1.03533727271897,1.18494171088689,1.19997670729946,1.24700929759083,1.28044902005682,1.31398077277598,1.3613314305619,1.37648734740453,-0.0224905752403075
57.9,"male",1.27796080234577,0.0498440788681851,0.00480785768823541,1.03533727271897,1.18272741305638,1.19775701369081,1.24477272486791,1.27820044644487,1.31172016524708,1.35905382977026,1.37420430743868,-0.0224808953165953
58,"male",1.27571328286923,0.0498261967827106,0.00480785768823541,1.03533727271897,1.18051405955594,1.19553826816369,1.24253711196186,1.2759528409935,1.30946053424542,1.35677721732058,1.37192225959641,-0.0224712120286815
58.1,"male",1.27346673182721,0.049808327693905,0.00480785768823541,1.03533727271897,1.17830164965824,1.19332047015823,1.24030245883664,1.27370620403913,1.30720188048092,1.35450159445014,1.36964120528382,-0.0224615253766044
58.2,"male",1.27122114955345,0.0497904721563235,0.00480785768823541,1.03533727271897,1.17609018263749,1.19110361911584,1.23806876545677,1.27146053591818,1.30494420466292,1.35222696239491,1.36736114590543,-0.0224518353604069
58.3,"male",1.2689765363817,0.0497726307237212,0.00480785768823541,1.03533727271897,1.1738796577694,1.18888771447923,1.23583603178728,1.26921583696705,1.30268750750022,1.34995332238956,1.36508208286424,-0.0224421419801218
58.4,"male",1.2667328926457,0.0497548039490552,0.00480785768823541,1.03533727271897,1.17167007433125,1.18667275569238,1.23360425779373,1.26697210752215,1.30043178970109,1.34768067566746,1.36280401756169,-0.0224324452357924
58.5,"male",1.26449021867922,0.0497369923844857,0.00480785768823541,1.03533727271897,1.16946143160179,1.18445874220058,1.23137344344224,1.26472934791989,1.29817705197325,1.34540902346069,1.36052695139768,-0.0224227451274558
58.6,"male",1.26224851481598,0.0497191965813781,0.00480785768823541,1.03533727271897,1.16725372886133,1.18224567345036,1.22914358869942,1.26248755849666,1.2959232950239,1.34313836700003,1.35825088577061,-0.0224130416551435
58.7,"male",1.26000778138975,0.0497014170903043,0.00480785768823541,1.03533727271897,1.16504696539168,1.18003354888955,1.22691469353243,1.26024673958886,1.29367051955968,1.34086870751498,1.3559758220773,-0.0224033348189017
58.8,"male",1.25776801873427,0.0496836544610452,0.00480785768823541,1.03533727271897,1.16284114047615,1.17782236796725,1.22468675790895,1.25800689153288,1.2914187262867,1.33860004623374,1.35370176171308,-0.0223936246187677
58.9,"male",1.25552922718329,0.0496659092425917,0.00480785768823541,1.03533727271897,1.16063625339959,1.17561213013384,1.2224597817972,1.25576801466511,1.28916791591056,1.33633238438323,1.35142870607173,-0.0223839110547738
59,"male",1.25329140707056,0.0496481819831473,0.00480785768823541,1.03533727271897,1.15843230344833,1.17340283484095,1.22023376516591,1.25353010932193,1.28691808913628,1.33406572318909,1.34915665654553,-0.0223741941269614
59.1,"male",1.25105455872982,0.0496304732301297,0.00480785768823541,1.03533727271897,1.1562292899102,1.17119448154148,1.21800870798433,1.25129317583972,1.28466924666839,1.33180006387568,1.34688561452522,-0.022364473835372
59.2,"male",1.24881868249482,0.0496127835301732,0.00480785768823541,1.03533727271897,1.15402721207455,1.16898706968959,1.21578461022224,1.24905721455485,1.28242138921087,1.32953540766608,1.34461558140004,-0.0223547501800385
59.3,"male",1.24658377869931,0.0495951134291302,0.00480785768823541,1.03533727271897,1.15182606923219,1.16678059874071,1.21356147184995,1.24682222580371,1.28017451746717,1.32727175578211,1.34234655855773,-0.0223450231609972
59.4,"male",1.24434984767704,0.0495774634720742,0.00480785768823541,1.03533727271897,1.14962586067544,1.1645750681515,1.21133929283826,1.24458820992265,1.27792863214021,1.32500910944432,1.34007854738451,-0.0223352927782902
59.5,"male",1.24211688976176,0.0495598342033012,0.00480785768823541,1.03533727271897,1.14742658569812,1.1623704773799,1.20911807315851,1.24235516724805,1.27568373393241,1.32274746987199,1.33781154926511,-0.0223255590319501
59.6,"male",1.23988490528721,0.0495422261663325,0.00480785768823541,1.03533727271897,1.14522824359549,1.16016682588507,1.20689781278256,1.24012309811626,1.27343982354563,1.32048683828314,1.33554556558275,-0.0223158219220173
59.7,"male",1.23765389458715,0.049524639903917,0.00480785768823541,1.03533727271897,1.14303083366432,1.15796411312743,1.20467851168277,1.23789200286365,1.27119690168122,1.31822721589453,1.33328059771917,-0.0223060814485292
59.8,"male",1.23542385799531,0.0495070759580334,0.00480785768823541,1.03533727271897,1.14083435520283,1.15576233856863,1.20246016983202,1.23566188182656,1.26895496904001,1.31596860392167,1.33101664705462,-0.0222963376115209
59.9,"male",1.23319479584546,0.0494895348698926,0.00480785768823541,1.03533727271897,1.13863880751073,1.15356150167156,1.2002427872037,1.23343273534134,1.26671402632232,1.31371100357884,1.32875371496787,-0.0222865904110289
60,"male",1.23096670847133,0.0494720171799408,0.00480785768823541,1.03533727271897,1.13644418988917,1.15136160190034,1.1980263637717,1.23120456374435,1.26447407422793,1.31145441607904,1.32649180283621,-0.0222768398470904
60.1,"male",1.22873959620668,0.0494545234278613,0.00480785768823541,1.03533727271897,1.13425050164076,1.14916263872032,1.19581089951043,1.22897736737192,1.26223511345613,1.30919884263405,1.32423091203546,-0.0222670859197435
60.2,"male",1.22651345938525,0.0494370541525776,0.00480785768823541,1.03533727271897,1.13205774206958,1.14696461159807,1.1935963943948,1.2267511465604,1.25999714470566,1.30694428445442,1.32197104393997,-0.0222573286290244
60.3,"male",1.22428829834079,0.0494196098922561,0.00480785768823541,1.03533727271897,1.12986591048113,1.14476752000137,1.19138284840024,1.22452590164612,1.25776016867479,1.30469074274945,1.31971219992262,-0.0222475679749683
60.4,"male",1.22206411340704,0.0494021911843088,0.00480785768823541,1.03533727271897,1.12767500618237,1.14257136339923,1.18917026150265,1.22230163296541,1.25552418606124,1.30243821872723,1.31745438135485,-0.0222378039576096
60.5,"male",1.21984090491777,0.0493847985653958,0.00480785768823541,1.03533727271897,1.12548502848169,1.14037614126186,1.18695863367847,1.2200783408546,1.25328919756224,1.30018671359462,1.31519758960664,-0.0222280365769875
60.6,"male",1.21761867320671,0.0493674325714288,0.00480785768823541,1.03533727271897,1.12329597668892,1.13818185306068,1.1847479649046,1.21785602565001,1.25105520387452,1.29793622855724,1.31294182604653,-0.022218265833139
60.7,"male",1.21539741860762,0.0493500937375735,0.00480785768823541,1.03533727271897,1.1211078501153,1.13598849826829,1.18253825515846,1.21563468768797,1.24882220569429,1.29568676481954,1.31068709204161,-0.0222084917260972
60.8,"male",1.21317714145423,0.0493327825982528,0.00480785768823541,1.03533727271897,1.11892064807349,1.13379607635852,1.18032950441797,1.21341432730479,1.24659020371725,1.29343832358474,1.30843338895754,-0.022198714255896
60.9,"male",1.21095784208031,0.0493154996871498,0.00480785768823541,1.03533727271897,1.11673436987757,1.13160458680636,1.17812171266151,1.21119494483679,1.24435919863864,1.29119090605484,1.30618071815855,-0.022188933422573
61,"male",1.20873952081959,0.049298245537211,0.00480785768823541,1.03533727271897,1.11454901484304,1.129414029088,1.17591487986799,1.20897654062028,1.24212919115314,1.28894451343066,1.30392908100746,-0.0221791492261688
61.1,"male",1.20652217800582,0.0492810206806494,0.00480785768823541,1.03533727271897,1.11236458228678,1.12722440268081,1.17370900601678,1.20675911499156,1.23990018195499,1.28669914691183,1.30167847886565,-0.0221693616667093
61.2,"male",1.20430581397277,0.0492638256489477,0.00480785768823541,1.03533727271897,1.11018107152707,1.12503570706334,1.17150409108775,1.20454266828694,1.2376721717379,1.28445480769678,1.29942891309311,-0.0221595707442351
61.3,"male",1.20209042905416,0.0492466609728615,0.00480785768823541,1.03533727271897,1.10799848188358,1.12284794171529,1.16930013506125,1.20232720084271,1.2354451611951,1.28221149698277,1.29718038504842,-0.0221497764587802
61.4,"male",1.19987602358375,0.0492295271824228,0.00480785768823541,1.03533727271897,1.10581681267738,1.12066110611754,1.16709713791812,1.20011271299518,1.23321915101933,1.27996921596587,1.29493289608876,-0.0221399788103779
61.5,"male",1.19766259789529,0.0492124248069434,0.00480785768823541,1.03533727271897,1.10363606323088,1.11847519975212,1.16489509963967,1.19789920508063,1.23099414190284,1.27772796584098,1.29268644756993,-0.0221301777990654
61.6,"male",1.19545015232252,0.0491953543750183,0.00480785768823541,1.03533727271897,1.1014562328679,1.11629022210224,1.16269402020768,1.19568667743537,1.22877013453739,1.27548774780184,1.29044104084632,-0.0221203734248728
61.7,"male",1.1932386871992,0.0491783164145289,0.00480785768823541,1.03533727271897,1.0992773209136,1.11410617265221,1.16049389960442,1.19347513039566,1.22654712961427,1.27324856304103,1.28819667727098,-0.0221105656878411
61.8,"male",1.19102820285907,0.0491613114526471,0.00480785768823541,1.03533727271897,1.09709932669449,1.11192305088754,1.15829473781263,1.1912645642978,1.22432512782428,1.27101041274996,1.28595335819556,-0.0221007545879975
61.9,"male",1.18881869963587,0.0491443400158387,0.00480785768823541,1.03533727271897,1.09492224953845,1.10974085629481,1.15609653481551,1.18905497947806,1.22210412985774,1.26877329811892,1.28371108497035,-0.0220909401253785
62,"male",1.18661017786337,0.0491274026298669,0.00480785768823541,1.03533727271897,1.09274608877468,1.1075595883618,1.15389929059675,1.18684637627272,1.21988413640449,1.26653722033703,1.2814698589443,-0.0220811223000169
62.1,"male",1.1844026378753,0.0491104998197961,0.00480785768823541,1.03533727271897,1.09057084373374,1.10537924657735,1.15170300514047,1.18463875501806,1.21766514815392,1.26430218059229,1.279229681465,-0.0220713011119486
62.2,"male",1.18219608000542,0.0490936321099961,0.00480785768823541,1.03533727271897,1.08839651374749,1.10319983043147,1.14950767843128,1.18243211605033,1.21544716579492,1.26206818007155,1.27699055387869,-0.0220614765612064
62.3,"male",1.17999050458747,0.0490768000241452,0.00480785768823541,1.03533727271897,1.08622309814914,1.10102133941526,1.14731331045426,1.18022645970582,1.21323019001593,1.25983521996056,1.2747524775303,-0.0220516486478211
62.4,"male",1.17778591195519,0.0490600040852348,0.00480785768823541,1.03533727271897,1.08405059627318,1.09884377302091,1.1451199011949,1.17802178632077,1.21101422150492,1.25760330144394,1.2725154537634,-0.0220418173718281
62.5,"male",1.17558230244235,0.049043244815573,0.00480785768823541,1.03533727271897,1.08187900745544,1.09666713074174,1.1429274506392,1.17581809623145,1.2087992609494,1.25537242570519,1.27027948392027,-0.0220319827332568
62.6,"male",1.17337967638268,0.0490265227367886,0.00480785768823541,1.03533727271897,1.07970833103301,1.09449141207213,1.14073595877358,1.17361538977412,1.20658530903641,1.25314259392672,1.26804456934186,-0.0220221447321442
62.7,"male",1.17117803410993,0.0490098383698354,0.00480785768823541,1.03533727271897,1.07753856634431,1.09231661650759,1.13854542558492,1.17141366728502,1.20437236645254,1.25091380728984,1.26581071136782,-0.0220123033685198
62.8,"male",1.16897737595786,0.0489931922349959,0.00480785768823541,1.03533727271897,1.07536971272901,1.09014274354467,1.13635585106054,1.16921292910041,1.20216043388393,1.24868606697476,1.26357791133652,-0.0220024586424166
62.9,"male",1.16677770226021,0.0489765848518861,0.00480785768823541,1.03533727271897,1.07320176952807,1.08796979268101,1.1341672351882,1.16701317555654,1.19994951201627,1.2464593741606,1.26134617058502,-0.0219926105538678
63,"male",1.16457901335072,0.0489600167394591,0.00480785768823541,1.03533727271897,1.07103473608371,1.08579776341531,1.13197957795613,1.16481440698964,1.19773960153478,1.24423373002542,1.25911549044912,-0.0219827591029006
63.1,"male",1.16238130956315,0.0489434884160099,0.00480785768823541,1.03533727271897,1.06886861173942,1.08362665524734,1.12979287935296,1.16261662373596,1.19553070312425,1.2420091357462,1.25688587226333,-0.0219729042895508
63.2,"male",1.16018459123125,0.0489270003991794,0.00480785768823541,1.03533727271897,1.06670339583992,1.08145646767791,1.12760713936778,1.16041982613173,1.19332281746904,1.23978559249885,1.2546573173609,-0.0219630461138514
63.3,"male",1.15798885868875,0.0489105532059588,0.00480785768823541,1.03533727271897,1.06453908773119,1.07928720020888,1.1254223579901,1.15822401451319,1.19111594525304,1.23756310145823,1.25242982707385,-0.0219531845758319
63.4,"male",1.15579411226942,0.0488941473526944,0.00480785768823541,1.03533727271897,1.06237568676042,1.07711885234315,1.12323853520988,1.15602918921656,1.18891008715973,1.23534166379816,1.25020340273293,-0.0219433196755156
63.5,"male",1.153600352307,0.0488777833550918,0.00480785768823541,1.03533727271897,1.06021319227605,1.07495142358465,1.12105567101748,1.15383535057808,1.18670524387214,1.23312128069139,1.24797804566765,-0.0219334514129407
63.6,"male",1.15140757913523,0.0488614617282205,0.00480785768823541,1.03533727271897,1.05805160362772,1.07278491343834,1.11887376540369,1.15164249893398,1.18450141607288,1.23090195330966,1.24575375720631,-0.021923579788142
63.7,"male",1.14921579308786,0.0488451829865186,0.00480785768823541,1.03533727271897,1.05589092016628,1.07061932141018,1.11669281835974,1.14945063462046,1.18229860444412,1.22868368282368,1.24353053867598,-0.0219137048011424
63.8,"male",1.14702499449865,0.0488289476437975,0.00480785768823541,1.03533727271897,1.05373114124377,1.06845464700715,1.11451282987725,1.14725975797375,1.18009680966761,1.22646647040313,1.24130839140253,-0.0219038264519738
63.9,"male",1.14483518370134,0.0488127562132465,0.00480785768823541,1.03533727271897,1.05157226621343,1.06629088973722,1.11233379994827,1.14506986933006,1.17789603242469,1.22425031721668,1.2390873167106,-0.0218939447406649
64,"male",1.14264636102968,0.0487966092074376,0.00480785768823541,1.03533727271897,1.04941429442968,1.06412804910938,1.11015572856527,1.14288096902561,1.17569627339627,1.222035224432,1.23686731592368,-0.0218840596672458
64.1,"male",1.14045852681741,0.0487805071383304,0.00480785768823541,1.03533727271897,1.04725722524809,1.06196612463358,1.1079786157211,1.14069305739661,1.17349753326284,1.21982119321577,1.23464839036405,-0.021874171231748
64.2,"male",1.13827168139829,0.0487644505172771,0.00480785768823541,1.03533727271897,1.04510105802542,1.05980511582074,1.10580246140904,1.13850613477926,1.1712998127045,1.21760822473367,1.23243054135283,-0.0218642794341991
64.3,"male",1.13608582510606,0.0487484398550271,0.00480785768823541,1.03533727271897,1.04294579211956,1.05764502218278,1.10362726562276,1.13632020150977,1.16910311240092,1.2153963201504,1.23021377020995,-0.0218543842746274
64.4,"male",1.13390095827447,0.0487324756617324,0.00480785768823541,1.03533727271897,1.04079142688955,1.05548584323256,1.10145302835632,1.13413525792434,1.16690743303137,1.2131854806297,1.22799807825422,-0.0218444857530628
64.5,"male",1.13171708123727,0.0487165584469524,0.00480785768823541,1.03533727271897,1.03863796169556,1.05332757848391,1.0992797496042,1.13195130435916,1.16471277527473,1.21097570733433,1.2257834668033,-0.0218345838695334
64.6,"male",1.12953419432821,0.0487006887196589,0.00480785768823541,1.03533727271897,1.03648539589889,1.05117022745158,1.09710742936125,1.12976834115043,1.16251913980946,1.2087670014261,1.22356993717369,-0.0218246786240658
64.7,"male",1.12735229788103,0.0486848669882416,0.00480785768823541,1.03533727271897,1.03433372886193,1.04901378965128,1.09493606762271,1.12758636863435,1.16032652731366,1.20655936406588,1.22135749068079,-0.0218147700166868
64.8,"male",1.12517139222948,0.0486690937605132,0.00480785768823541,1.03533727271897,1.03218295994821,1.04685826459963,1.0927656643842,1.12540538714709,1.15813493846501,1.2043527964136,1.21914612863888,-0.0218048580474303
64.9,"male",1.12299147770732,0.0486533695437143,0.00480785768823541,1.03533727271897,1.03003308852231,1.04470365181419,1.09059621964174,1.12322539702486,1.15594437394082,1.20214729962824,1.21693585236114,-0.0217949427163186
65,"male",1.12081255464828,0.0486376948445193,0.00480785768823541,1.03533727271897,1.02788411394992,1.04254995081342,1.08842773339172,1.12104639860383,1.15375483441799,1.19994287486789,1.21472666315965,-0.0217850240233776
65.1,"male",1.11863462338612,0.0486220701690413,0.00480785768823541,1.03533727271897,1.02573603559779,1.04039716111669,1.08626020563088,1.11886839222019,1.15156632057307,1.1977395232897,1.21251856234539,-0.0217751019686393
65.2,"male",1.11645768425459,0.0486064960228379,0.00480785768823541,1.03533727271897,1.02358885283375,1.03824528224424,1.08409363635636,1.1166913782101,1.14937883308222,1.19553724604993,1.21031155122831,-0.0217651765521251
65.3,"male",1.11428173758743,0.0485909729109162,0.00480785768823541,1.03533727271897,1.02144256502667,1.03609431371724,1.08192802556565,1.11451535690976,1.14719237262123,1.19333604430394,1.20810563111726,-0.0217552477738611
65.4,"male",1.11210678371839,0.0485755013377388,0.00480785768823541,1.03533727271897,1.01929717154644,1.03394425505769,1.07976337325661,1.11234032865533,1.14500693986553,1.19113591920621,1.20590080332004,-0.0217453156338795
65.5,"male",1.10993282298121,0.0485600818072292,0.00480785768823541,1.03533727271897,1.01715267176401,1.03179510578848,1.07759967942746,1.11016629378298,1.14282253549015,1.18893687191034,1.20369706914344,-0.021735380132203
65.6,"male",1.10775985570966,0.0485447148227774,0.00480785768823541,1.03533727271897,1.01500906505133,1.02964686543337,1.07543694407678,1.10799325262889,1.14063916016981,1.18673890356905,1.20149442989319,-0.0217254412688536
65.7,"male",1.10558788223747,0.0485294008872455,0.00480785768823541,1.03533727271897,1.01286635078139,1.02749953351694,1.07327516720347,1.10582120552921,1.13845681457883,1.18454201533422,1.19929288687401,-0.0217154990438614
65.8,"male",1.10341690289839,0.0485141405029737,0.00480785768823541,1.03533727271897,1.01072452832812,1.02535310956464,1.07111434880682,1.10365015282012,1.13627549939119,1.18234620835687,1.19709244138961,-0.0217055534572494
65.9,"male",1.10124691802618,0.0484989341717858,0.00480785768823541,1.03533727271897,1.0085835970665,1.02320759310272,1.06895448888643,1.10148009483776,1.13409521528054,1.18015148378718,1.19489309474271,-0.0216956045090385
66,"male",1.09907792795457,0.0484837823949954,0.00480785768823541,1.03533727271897,1.00644355637244,1.02106298365829,1.06679558744227,1.09931103191831,1.13191596292015,1.17795784277451,1.19269484823504,-0.0216856521992593
66.1,"male",1.09690993301733,0.0484686856734114,0.00480785768823541,1.03533727271897,1.00430440562283,1.01891928075923,1.06463764447463,1.09714296439791,1.12973774298298,1.17576528646738,1.19049770316735,-0.021675696527936
66.2,"male",1.09474293354818,0.0484536445073442,0.00480785768823541,1.03533727271897,1.00216614419551,1.01677648393424,1.06248065998412,1.09497589261272,1.12756055614163,1.17357381601352,1.18830166083944,-0.0216657374950854
66.3,"male",1.09257692988089,0.0484386593966117,0.00480785768823541,1.03533727271897,1.00002877146928,1.01463459271283,1.06032463397169,1.09280981689889,1.12538440306838,1.17138343255984,1.18610672255015,-0.021655775100737
66.4,"male",1.09041192234921,0.0484237308405451,0.00480785768823541,1.03533727271897,0.997892286823833,1.01249360662527,1.05816956643863,1.09064473759258,1.12320928443517,1.16919413725247,1.18391288959738,-0.0216458093449142
66.5,"male",1.08824791128687,0.0484088593379955,0.00480785768823541,1.03533727271897,0.995756689639808,1.01035352520262,1.05601545738652,1.08848065502991,1.12103520091362,1.16700593123676,1.18172016327811,-0.0216358402276374
66.6,"male",1.08608489702763,0.0483940453873396,0.00480785768823541,1.03533727271897,0.993621979298741,1.00821434797667,1.05386230681727,1.08631756954705,1.11886215317502,1.16481881565728,1.17952854488839,-0.0216258677489309
66.7,"male",1.08392287990523,0.0483792894864858,0.00480785768823541,1.03533727271897,0.991488155183061,1.00607607448,1.05171011473311,1.08415548148013,1.11669014189037,1.16263279165784,1.17733803572338,-0.0216158919088135
66.8,"male",1.08176186025343,0.0483645921328813,0.00480785768823541,1.03533727271897,0.989355216676084,1.00393870424593,1.04955888113657,1.08199439116529,1.11451916773032,1.16044786038151,1.17514863707735,-0.0216059127073095
66.9,"male",1.07960183840597,0.0483499538235174,0.00480785768823541,1.03533727271897,0.987223163161991,1.00180223680848,1.04740860603048,1.07983429893866,1.11234923136524,1.1582640229706,1.17296035024368,-0.0215959301444465
67,"male",1.0774428146966,0.0483353750549364,0.00480785768823541,1.03533727271897,0.985091994025824,0.999666671702432,1.04525928941796,1.0776752051364,1.11018033346519,1.15608128056671,1.17077317651489,-0.0215859442202372
67.1,"male",1.07528478945906,0.048320856323238,0.00480785768823541,1.03533727271897,0.982961708653471,0.997532008463257,1.04311093130245,1.07551711009462,1.10801247469991,1.1538996343107,1.16858711718264,-0.0215759549347036
67.2,"male",1.07312776302712,0.0483063981240857,0.00480785768823541,1.03533727271897,0.980832306431652,0.995398246627135,1.04096353168766,1.07336001414946,1.10584565573888,1.15171908534274,1.16640217353775,-0.0215659622878747
67.3,"male",1.0709717357345,0.0482920009527133,0.00480785768823541,1.03533727271897,0.978703786747908,0.993265385730936,1.03881709057759,1.07120391763704,1.10367987725126,1.14953963480228,1.16421834687021,-0.0215559662797634
67.4,"male",1.06881670791497,0.0482776653039314,0.00480785768823541,1.03533727271897,0.976576148990589,0.991133425312211,1.03667160797654,1.0690488208935,1.10151513990593,1.1473612838281,1.16203563846919,-0.0215459669103898
67.5,"male",1.06666267990227,0.0482633916721342,0.00480785768823541,1.03533727271897,0.974449392548841,0.989002364909183,1.03452708388905,1.06689472425496,1.09935144437149,1.14518403355829,1.15985404962307,-0.0215359641797753
67.6,"male",1.06450965203014,0.0482491805513061,0.00480785768823541,1.03533727271897,0.972323516812594,0.986872204060732,1.03238351831997,1.06474162805755,1.09718879131627,1.14300788513028,1.15767358161943,-0.021525958087942
67.7,"male",1.06235762463235,0.0482350324350285,0.00480785768823541,1.03533727271897,0.970198521172544,0.984742942306388,1.03024091127439,1.06258953263738,1.09502718140832,1.14083283968084,1.15549423574505,-0.0215159486349078
67.8,"male",1.06020659804262,0.0482209478164862,0.00480785768823541,1.03533727271897,0.96807440502015,0.982614579186317,1.02809926275769,1.06043843833057,1.09286661531542,1.13865889834611,1.15331601328598,-0.0215059358206867
67.9,"male",1.05805657259472,0.0482069271884748,0.00480785768823541,1.03533727271897,0.96595116774761,0.980487114241315,1.02595857277549,1.05828834547324,1.09070709370509,1.13648606226156,1.15113891552751,-0.0214959196453065
68,"male",1.05590754862239,0.0481929710434073,0.00480785768823541,1.03533727271897,0.963828808747855,0.97836054701279,1.02381884133367,1.0561392544015,1.08854861724458,1.13431433256208,1.14896294375417,-0.0214859001087776
68.1,"male",1.05375952645937,0.0481790798733209,0.00480785768823541,1.03533727271897,0.961707327414537,0.976234877042756,1.02168006843837,1.05399116545148,1.08639118660091,1.13214371038193,1.14678809924978,-0.0214758772111209
68.2,"male",1.05161250643942,0.0481652541698842,0.00480785768823541,1.03533727271897,0.959586723142005,0.97411010387382,1.01954225409595,1.05184407895928,1.08423480244082,1.12997419685476,1.14461438329745,-0.0214658509523566
68.3,"male",1.04946648889629,0.0481514944244042,0.00480785768823541,1.03533727271897,0.957466995325305,0.971986227049173,1.01740539831304,1.04969799526101,1.08207946543083,1.12780579311365,1.14244179717958,-0.0214558213324942
68.4,"male",1.04732147416372,0.0481378011278333,0.00480785768823541,1.03533727271897,0.95534814336016,0.969863246112573,1.01526950109648,1.04755291469278,1.0799251762372,1.12563850029109,1.14027034217791,-0.0214457883515592
68.5,"male",1.04517746257546,0.0481241747707765,0.00480785768823541,1.03533727271897,0.953230166642953,0.967741160608339,1.01313456245337,1.0454088375907,1.07777193552598,1.12347231951901,1.13810001957349,-0.021435752009561
68.6,"male",1.04303445446526,0.0481106158434985,0.00480785768823541,1.03533727271897,0.951113064570722,0.965619970081337,1.01100058239102,1.04326576429087,1.07561974396296,1.12130725192879,1.1359308306467,-0.0214257123065184
68.7,"male",1.04089245016686,0.0480971248359313,0.00480785768823541,1.03533727271897,0.948996836541137,0.963499674076969,1.00886756091695,1.0411236951294,1.07346860221372,1.11914329865127,1.13376277667731,-0.0214156692424524
68.8,"male",1.03875145001402,0.0480837022376808,0.00480785768823541,1.03533727271897,0.946881481952492,0.961380272141162,1.00673549803893,1.03898263044238,1.07131851094362,1.11698046081675,1.13159585894444,-0.0214056228173739
68.9,"male",1.03661145434048,0.0480703485380349,0.00480785768823541,1.03533727271897,0.944767000203689,0.959261763820352,1.0046043937649,1.03684257056592,1.06916947081781,1.11481873955501,1.1294300787266,-0.0213955730312939
69,"male",1.03447246347999,0.0480570642259704,0.00480785768823541,1.03533727271897,0.942653390694225,0.95714414866148,1.00247424810304,1.03470351583612,1.06702148250121,1.11265813599534,1.12726543730169,-0.021385519884234
69.1,"male",1.0323344777663,0.0480438497901606,0.00480785768823541,1.03533727271897,0.940540652824176,0.955027426211971,1.00034506106171,1.03256546658907,1.06487454665855,1.11049865126652,1.12510193594704,-0.021375463376205
69.2,"male",1.03019749753315,0.0480307057189828,0.00480785768823541,1.03533727271897,0.938428785994183,0.952911596019729,0.998216832649499,1.03042842316088,1.06272866395437,1.10834028649687,1.12293957593941,-0.0213654035072216
69.3,"male",1.0280615231143,0.0480176325005258,0.00480785768823541,1.03533727271897,0.936317789605439,0.950796657633122,0.99608956287515,1.02829238588763,1.06058383505297,1.10618304281421,1.12077835855498,-0.0213553402772978
69.4,"male",1.0259265548435,0.0480046306225978,0.00480785768823541,1.03533727271897,0.934207663059674,0.948682610600968,0.993963251747616,1.02615735510542,1.05844006061852,1.10402692134592,1.11861828506941,-0.021345273686448
69.5,"male",1.02379259305448,0.0479917005727334,0.00480785768823541,1.03533727271897,0.932098405759139,0.946569454472527,0.991837899276024,1.02402333115034,1.05629734131496,1.10187192321895,1.11645935675783,-0.021335203734686
69.6,"male",1.021659638081,0.047978842838202,0.00480785768823541,1.03533727271897,0.929990017106593,0.944457188797485,0.98971350546968,1.02189031435848,1.05415567780606,1.09971804955979,1.11430157489484,-0.0213251304220194
69.7,"male",1.01952769025681,0.0479660579060151,0.00480785768823541,1.03533727271897,0.927882496505287,0.942345813125942,0.987590070338061,1.01975830506594,1.05201507075544,1.09756530149452,1.11214494075456,-0.021315053748466
69.8,"male",1.01739674991566,0.0479533462629343,0.00480785768823541,1.03533727271897,0.925775843358949,0.940235327008402,0.985467593890812,1.01762730360879,1.04987552082651,1.09541368014884,1.10998945561062,-0.0213049737140333
69.9,"male",1.01526681739128,0.0479407083954791,0.00480785768823541,1.03533727271897,0.923670057071772,0.938125729995758,0.983346076137737,1.01549731032313,1.04773702868255,1.09326318664801,1.10783512073619,-0.0212948903187346
70,"male",1.01313789301744,0.0479281447899349,0.00480785768823541,1.03533727271897,0.921565137048392,0.936017021639278,0.981225517088798,1.01336832554504,1.04559959498667,1.09111382211694,1.10568193740398,-0.0212848035625813
70.1,"male",1.01100997712788,0.0479156559323606,0.00480785768823541,1.03533727271897,0.919461082693883,0.933909201490596,0.979105916754105,1.01124034961061,1.04346322040182,1.08896558768016,1.10352990688627,-0.0212747134455823
70.2,"male",1.00888307005634,0.0479032423085973,0.00480785768823541,1.03533727271897,0.917357893413731,0.931802269101697,0.976987275143914,1.00911338285593,1.0413279055908,1.08681848446186,1.1013790304549,-0.021264619967751
70.3,"male",1.00675717213658,0.0478909044042757,0.00480785768823541,1.03533727271897,0.915255568613826,0.929696224024904,0.974869592268624,1.00698742561706,1.0391936512163,1.08467251358586,1.09922930938133,-0.021254523129097
70.4,"male",1.00463228370234,0.0478786427048244,0.00480785768823541,1.03533727271897,0.913154107700442,0.927591065812863,0.972752868138765,1.00486247823011,1.03706045794082,1.08252767617569,1.09708074493661,-0.0212444229296279
70.5,"male",1.00250840508737,0.0478664576954783,0.00480785768823541,1.03533727271897,0.911053510080227,0.925486794018536,0.970637102764998,1.00273854103114,1.03492832642678,1.08038397335453,1.09493333839143,-0.021234319369351
70.6,"male",1.00038553662542,0.0478543498612864,0.00480785768823541,1.03533727271897,0.90895377516018,0.923383408195181,0.968522296158106,1.00061561435624,1.03279725733644,1.07824140624527,1.09278709101611,-0.0212242124482778
70.7,"male",0.998263678650242,0.0478423196871207,0.00480785768823541,1.03533727271897,0.906854902347641,0.921280907896341,0.966408448328991,0.998493698541482,1.03066725133195,1.07609997597051,1.09064200408065,-0.0212141021664183
70.8,"male",0.996142831495576,0.0478303676576837,0.00480785768823541,1.03533727271897,0.904756891050273,0.919179292675833,0.964295559288668,0.996372793922953,1.02853830907535,1.07395968365259,1.08849807885468,-0.0212039885237755
70.9,"male",0.994022995495174,0.0478184942575175,0.00480785768823541,1.03533727271897,0.902659740676045,0.917078562087732,0.962183629048259,0.994252900836727,1.02641043122857,1.07182053041357,1.08635531660756,-0.0211938715203621
71,"male",0.991904170982782,0.0478066999710117,0.00480785768823541,1.03533727271897,0.900563450633217,0.914978715686356,0.960072657618987,0.99213401961888,1.02428361845343,1.06968251737526,1.08421371860835,-0.0211837511561842
71.1,"male",0.98978635829215,0.0477949852824122,0.00480785768823541,1.03533727271897,0.898468020330326,0.912879753026258,0.95796264501217,0.99001615060549,1.02215787141166,1.06754564565926,1.08207328612581,-0.0211736274312432
71.2,"male",0.987669557757025,0.0477833506758296,0.00480785768823541,1.03533727271897,0.896373449176164,0.910781673662205,0.955853591239218,0.987899294132631,1.0200331907649,1.06540991638692,1.07993402042845,-0.021163500345551
71.3,"male",0.985553769711156,0.0477717966352478,0.00480785768823541,1.03533727271897,0.894279736579768,0.908684477149172,0.953745496311623,0.98578345053638,1.0179095771747,1.0632753306794,1.07779592278456,-0.0211533698991142
71.4,"male",0.98343899448829,0.0477603236445326,0.00480785768823541,1.03533727271897,0.892186881950398,0.906588163042319,0.951638360240957,0.983668620152809,1.01578703130252,1.06114188965767,1.07565899446216,-0.0211432360919342
71.5,"male",0.981325232422175,0.0477489321874403,0.00480785768823541,1.03533727271897,0.890094884697527,0.904492730896986,0.949532183038866,0.981554803317993,1.01366555380977,1.05900959444251,1.07352323672908,-0.0211330989240161
71.6,"male",0.979212483846561,0.0477376227476266,0.00480785768823541,1.03533727271897,0.888003744230817,0.902398180268675,0.94742696471706,0.979442000368006,1.01154514535776,1.05687844615456,1.07138865085297,-0.0211229583953684
71.7,"male",0.977100749095193,0.0477263958086554,0.00480785768823541,1.03533727271897,0.885913459960105,0.900304510713032,0.945322705287313,0.977330211638919,1.00942580660778,1.05474844591428,1.06925523810127,-0.0211128145059933
71.8,"male",0.974990028501821,0.0477152518540075,0.00480785768823541,1.03533727271897,0.88382403129539,0.898211721785842,0.943219404761453,0.975219437466807,1.00730753822101,1.05261959484202,1.06712299974129,-0.0211026672558931
71.9,"male",0.972880322400193,0.0477041913670893,0.00480785768823541,1.03533727271897,0.88173545764681,0.896119813043004,0.941117063151358,0.97310967818774,1.00519034085863,1.05049189405798,1.06499193704018,-0.0210925166450751
72,"male",0.970771631124056,0.0476932148312423,0.00480785768823541,1.03533727271897,0.879647738424628,0.894028784040526,0.939015680468948,0.971000934137792,1.00307421518175,1.0483653446823,1.06286205126497,-0.0210823626735369
72.1,"male",0.96866395500716,0.0476823227297516,0.00480785768823541,1.03533727271897,0.877560873039217,0.891938634334505,0.936915256726182,0.968893205653033,1.00095916185145,1.04623994783497,1.06073334368257,-0.0210722053412829
72.2,"male",0.966557294383251,0.0476715155458551,0.00480785768823541,1.03533727271897,0.875474860901036,0.889849363481114,0.93481579193505,0.966786493069535,0.998845181528759,1.04411570463596,1.05860581555981,-0.0210620446483187
72.3,"male",0.964451649586078,0.0476607937627526,0.00480785768823541,1.03533727271897,0.87338970142062,0.887760971036587,0.932717286107568,0.964680796723369,0.996732274874713,1.04199261620514,1.05647946816345,-0.0210518805946405
72.4,"male",0.962347020949389,0.047650157863615,0.00480785768823541,1.03533727271897,0.871305394008558,0.885673456557205,0.93061973925577,0.962576116950607,0.994620442550306,1.03987068366235,1.05435430276018,-0.0210417131802534
72.5,"male",0.960243408806931,0.0476396083315933,0.00480785768823541,1.03533727271897,0.869221938075477,0.883586819599281,0.928523151391703,0.960472454087319,0.992509685216523,1.03774990812739,1.05223032061668,-0.0210315424051589
72.6,"male",0.958140813492454,0.0476291456498283,0.00480785768823541,1.03533727271897,0.867139333032024,0.881501059719144,0.926427522527422,0.958369808469575,0.990400003534343,1.03563029072005,1.05010752299957,-0.0210213682693541
72.7,"male",0.956039235339704,0.0476187703014592,0.00480785768823541,1.03533727271897,0.865057578288848,0.879416176473126,0.924332852674983,0.956268180433448,0.988291398164745,1.03351183256011,1.04798591117549,-0.0210111907728386
72.8,"male",0.95393867468243,0.0476084827696337,0.00480785768823541,1.03533727271897,0.862976673256584,0.877332169417545,0.922239141846436,0.954167570315008,0.986183869768712,1.03139453476736,1.0458654864111,-0.0210010099156141
72.9,"male",0.95183913185438,0.0475982835375169,0.00480785768823541,1.03533727271897,0.86089661734583,0.87524903810869,0.920146390053819,0.952067978450325,0.98407741900724,1.02927839846164,1.04374624997309,-0.0209908256976762
73,"male",0.949740607189304,0.0475881730883011,0.00480785768823541,1.03533727271897,0.858817409967138,0.873166782102811,0.918054597309154,0.949969405175472,0.981972046541342,1.02716342476281,1.0416282031282,-0.020980638119027
73.1,"male",0.947643101020946,0.0475781519052148,0.00480785768823541,1.03533727271897,0.856739050530984,0.871085400956093,0.915963763624434,0.94787185082652,0.979867753032057,1.02504961479081,1.03951134714322,-0.0209704471796665
73.2,"male",0.945546613683057,0.0475682204715331,0.00480785768823541,1.03533727271897,0.854661538447758,0.869004894224649,0.913873889011626,0.945775315739539,0.977764539140454,1.02293696966563,1.03739568328508,-0.0209602528795846
73.3,"male",0.943451145509384,0.0475583792705864,0.00480785768823541,1.03533727271897,0.852584873127747,0.866925261464505,0.911784973482659,0.943679800250603,0.975662405527643,1.02082549050738,1.03528121282076,-0.0209500552187855
73.4,"male",0.941356696833675,0.0475486287857708,0.00480785768823541,1.03533727271897,0.850509053981107,0.864846502231579,0.909697017049416,0.941585304695782,0.973561352854772,1.01871517843625,1.03316793701741,-0.0209398541972624
73.5,"male",0.939263267989679,0.0475389695005575,0.00480785768823541,1.03533727271897,0.848434080417856,0.862768616081668,0.907610019723733,0.93949182941115,0.971461381783048,1.01660603457256,1.03105585714231,-0.0209296498150114
73.6,"male",0.937170859311143,0.0475294018985026,0.00480785768823541,1.03533727271897,0.846359951847845,0.860691602570433,0.905523981517387,0.93739937473278,0.969362492973728,1.01449806003679,1.02894497446289,-0.0209194420720301
73.7,"male",0.935079471131816,0.0475199264632569,0.00480785768823541,1.03533727271897,0.844286667680748,0.858615461253383,0.903438902442094,0.935307940996744,0.967264687088138,1.01239125594954,1.02683529024678,-0.020909230968312
73.8,"male",0.932989103785444,0.047510543678576,0.00480785768823541,1.03533727271897,0.842214227326036,0.856540191685858,0.901354782509498,0.933217528539117,0.965167964787672,1.0102856234316,1.02472680576181,-0.0208990165038517
73.9,"male",0.930899757605778,0.0475012540283301,0.00480785768823541,1.03533727271897,0.840142630192962,0.854465793423013,0.899271621731169,0.931128137695974,0.963072326733805,1.00818116360395,1.02261952227602,-0.0208887986786457
74,"male",0.928811432926563,0.0474920579965137,0.00480785768823541,1.03533727271897,0.838071875690543,0.852392266019804,0.897189420118592,0.929039768803388,0.960977773588093,1.00607787758776,1.02051344105772,-0.0208785774926863
74.1,"male",0.92672413008155,0.0474829560672564,0.00480785768823541,1.03533727271897,0.836001963227535,0.85031960903097,0.895108177683165,0.926952422197437,0.958884306012185,1.00397576650442,1.01840856337543,-0.0208683529459655
74.2,"male",0.924637849404484,0.0474739487248322,0.00480785768823541,1.03533727271897,0.83393289221242,0.848247822011016,0.893027894436186,0.924866098214195,0.956791924667827,1.00187483147557,1.01630489049801,-0.0208581250384773
74.3,"male",0.922552591229116,0.0474650364536702,0.00480785768823541,1.03533727271897,0.831864662053383,0.846176904514198,0.890948570388853,0.922780797189741,0.954700630216871,0.999775073623086,1.01420242369457,-0.020847893770213
74.4,"male",0.920468355889192,0.0474562197383646,0.00480785768823541,1.03533727271897,0.829797272158295,0.844106856094508,0.888870205552253,0.920696519460152,0.952610423321281,0.997676494069119,1.01210116423455,-0.0208376591411677
74.5,"male",0.91838514371846,0.047447499063685,0.00480785768823541,1.03533727271897,0.827730721934689,0.842037676305652,0.886792799937356,0.918613265361508,0.950521304643138,0.995579093936106,1.01000111338775,-0.0208274211513288
74.6,"male",0.91630295505067,0.0474388749145867,0.00480785768823541,1.03533727271897,0.825665010789747,0.839969364701042,0.884716353555007,0.916531035229887,0.948433274844651,0.993482874346785,1.00790227242431,-0.0208171798006881
74.7,"male",0.914221790219568,0.047430347776221,0.00480785768823541,1.03533727271897,0.823600138130272,0.837901920833771,0.882640866415924,0.91444982940137,0.94634633458816,0.991387836424214,1.00580464261476,-0.0208069350892378
74.8,"male",0.912141649558904,0.047421918133946,0.00480785768823541,1.03533727271897,0.821536103362675,0.8358353442566,0.880566338530684,0.912369648212039,0.944260484536147,0.989293981291787,1.00370822523,-0.0207966870169671
74.9,"male",0.910062533402423,0.0474135864733366,0.00480785768823541,1.03533727271897,0.819472905892953,0.833769634521943,0.87849276990972,0.910290491997977,0.942175725351237,0.987201310073248,1.00161302154139,-0.0207864355838641
75,"male",0.907984442083877,0.0474053532801953,0.00480785768823541,1.03533727271897,0.817410545126667,0.831704791181845,0.876420160563317,0.908212361095266,0.940092057696215,0.985109823892717,0.999519032820705,-0.0207761807899193
75.1,"male",0.90590737593701,0.0473972190405629,0.00480785768823541,1.03533727271897,0.815349020468922,0.829640813787969,0.874348510501596,0.906135255839993,0.938009482234021,0.983019523874695,0.997426260340183,-0.0207659226351178
75.2,"male",0.903831335295573,0.0473891842407289,0.00480785768823541,1.03533727271897,0.813288331324349,0.827577701891579,0.872277819734516,0.904059176568243,0.935927999627769,0.980930411144093,0.995334705372544,-0.020755661119449
75.3,"male",0.901756320493313,0.0473812493672423,0.00480785768823541,1.03533727271897,0.811228477097084,0.825515455043518,0.870208088271863,0.901984123616103,0.933847610540745,0.978842486826242,0.993244369191012,-0.0207453962429024
75.4,"male",0.899682331863978,0.0473734149069225,0.00480785768823541,1.03533727271897,0.809169457190743,0.823454072794198,0.868139316123241,0.899910097319662,0.931768315636421,0.976755752046913,0.991155253069329,-0.0207351280054621
75.5,"male",0.897609369741316,0.0473656813468699,0.00480785768823541,1.03533727271897,0.80711127100841,0.821393554693576,0.866071503298069,0.897837098015011,0.929690115578456,0.974670207932334,0.98906735828178,-0.0207248564071156
75.6,"male",0.895537434459075,0.0473580491744772,0.00480785768823541,1.03533727271897,0.805053917952606,0.819333900291141,0.86400464980557,0.895765126038239,0.92761301103071,0.972585855609209,0.986980686103218,-0.020714581447849
75.7,"male",0.893466526351003,0.0473505188774397,0.00480785768823541,1.03533727271897,0.802997397425276,0.817275109135891,0.861938755654767,0.893694181725441,0.925537002657246,0.970502696204734,0.984895237809075,-0.0207043031276463
75.8,"male",0.891396645750849,0.0473430909437668,0.00480785768823541,1.03533727271897,0.800941708827766,0.815217180776323,0.859873820854471,0.89162426541271,0.923462091122342,0.968420730846616,0.982811014675394,-0.0206940214464915
75.9,"male",0.88932779299236,0.0473357658617928,0.00480785768823541,1.03533727271897,0.798886851560798,0.813160114760409,0.85780984541328,0.889555377436142,0.921388277090492,0.96633996066309,0.980728017978842,-0.0206837364043707
76,"male",0.887259968409284,0.0473285441201881,0.00480785768823541,1.03533727271897,0.796832825024455,0.811103910635581,0.855746829339567,0.887487518131836,0.919315561226423,0.96426038678294,0.978646248996739,-0.020673448001265
76.1,"male",0.885193172335369,0.0473214262079705,0.00480785768823541,1.03533727271897,0.794779628618155,0.809048567948711,0.853684772641472,0.88542068783589,0.917243944195093,0.962182010335514,0.976565709007071,-0.0206631562371592
76.2,"male",0.883127405104364,0.047314412614516,0.00480785768823541,1.03533727271897,0.792727261740631,0.806994086246096,0.8516236753269,0.883354886884404,0.915173426661704,0.960104832450741,0.974486399288519,-0.0206528611120374
76.3,"male",0.881062667050017,0.0473075038295707,0.00480785768823541,1.03533727271897,0.79067572378991,0.804940465073436,0.849563537403505,0.881290115613482,0.913104009291709,0.958028854259154,0.972408321120477,-0.0206425626258785
76.4,"male",0.878998958506074,0.0473007003432613,0.00480785768823541,1.03533727271897,0.78862501416329,0.802887703975819,0.847504358878692,0.879226374359228,0.911035692750818,0.955954076891905,0.970331475783076,-0.0206322607786666
76.5,"male",0.876936279806285,0.0472940026461075,0.00480785768823541,1.03533727271897,0.78657513225732,0.800835802497703,0.845446139759602,0.877163663457749,0.908968477705009,0.953880501480785,0.968255864557202,-0.0206219555703774
76.6,"male",0.874874631284398,0.0472874112290326,0.00480785768823541,1.03533727271897,0.784526077467779,0.798784760182892,0.843388880053108,0.875101983245153,0.906902364820531,0.951808129158243,0.966181488724525,-0.0206116470009956
76.7,"male",0.872814013274161,0.0472809265833755,0.00480785768823541,1.03533727271897,0.782477849189647,0.796734576574525,0.841332579765805,0.873041334057549,0.904837354763916,0.949736961057402,0.964108349567513,-0.0206013350705039
76.8,"male",0.870754426109321,0.0472745492009019,0.00480785768823541,1.03533727271897,0.780430446817095,0.794685251215053,0.839277238904005,0.870981716231052,0.902773448201985,0.94766699831208,0.962036448369462,-0.0205910197788753
76.9,"male",0.868695870123626,0.0472682795738165,0.00480785768823541,1.03533727271897,0.778383869743449,0.79263678364622,0.837222857473728,0.868923130101774,0.900710645801855,0.945598242056811,0.959965786414512,-0.0205807011260903
77,"male",0.866638345650826,0.0472621181947739,0.00480785768823541,1.03533727271897,0.776338117361181,0.790589173409048,0.835169435480694,0.866865576005834,0.898648948230949,0.943530693426858,0.957896364987675,-0.0205703791121276
77.1,"male",0.864581853024667,0.0472560655568912,0.00480785768823541,1.03533727271897,0.774293189061875,0.788542420043812,0.833116972930315,0.864809054279349,0.896588356157004,0.94146435355824,0.955828185374855,-0.0205600537369663
77.2,"male",0.862526392578898,0.047250122153759,0.00480785768823541,1.03533727271897,0.772249084236212,0.786496523090026,0.831065469827687,0.86275356525844,0.894528870248075,0.939399223587742,0.953761248862869,-0.0205497250005801
77.3,"male",0.860471964647267,0.0472442884794539,0.00480785768823541,1.03533727271897,0.770205802273946,0.784451482086425,0.829014926177584,0.860699109279233,0.892470491172549,0.937335304652943,0.951695556739474,-0.0205393929029476
77.4,"male",0.858418569563521,0.0472385650285501,0.00480785768823541,1.03533727271897,0.768163342563877,0.782407296570939,0.826965341984446,0.858645686677851,0.890413219599148,0.935272597892231,0.949631110293385,-0.0205290574440445
77.5,"male",0.85636620766141,0.0472329522961314,0.00480785768823541,1.03533727271897,0.766121704493835,0.780363966080681,0.824916717252378,0.856593297790424,0.888357056196941,0.933211104444824,0.947567910814306,-0.0205187186238415
77.6,"male",0.854314879274681,0.0472274507778035,0.00480785768823541,1.03533727271897,0.76408088745065,0.778321490151922,0.822869051985134,0.854541942953083,0.88630200163535,0.931150825450785,0.945505959592945,-0.0205083764423217
77.7,"male",0.852264584737081,0.0472220609697055,0.00480785768823541,1.03533727271897,0.762040890820132,0.776279868320076,0.820822346186113,0.85249162250196,0.884248056584155,0.929091762051049,0.94344525792104,-0.0204980308994554
77.8,"male",0.85021532438236,0.047216783368523,0.00480785768823541,1.03533727271897,0.760001713987052,0.774239100119678,0.818776599858352,0.850442336773192,0.882195221713511,0.927033915387439,0.941385807091385,-0.0204876819952129
77.9,"male",0.848167098544264,0.0472116184714994,0.00480785768823541,1.03533727271897,0.757963356335109,0.772199185084364,0.816731813004514,0.848394086102917,0.880143497693947,0.924977286602685,0.939327608397851,-0.0204773297295704
78,"male",0.846119907556543,0.0472065667764489,0.00480785768823541,1.03533727271897,0.755925817246916,0.770160122746853,0.814687985626885,0.846346870827278,0.878092885196383,0.922921876840446,0.937270663135412,-0.0204669741024983
78.1,"male",0.844073751752944,0.0472016287817682,0.00480785768823541,1.03533727271897,0.753889096103971,0.768121912638926,0.812645117727362,0.844300691282418,0.876043384892129,0.920867687245329,0.935214972600166,-0.0204566151139671
78.2,"male",0.842028631467215,0.0471968049864498,0.00480785768823541,1.03533727271897,0.751853192286634,0.766084554291406,0.810603209307443,0.842255547804484,0.8739949974529,0.918814718962908,0.933160538089361,-0.0204462527639523
78.3,"male",0.839984547033105,0.0471920958900933,0.00480785768823541,1.03533727271897,0.749818105174105,0.764048047234138,0.808562260368226,0.840211440729627,0.871947723550824,0.916762973139749,0.931107360901418,-0.0204358870524238
78.4,"male",0.83794149878436,0.0471875019929192,0.00480785768823541,1.03533727271897,0.747783834144398,0.762012390995967,0.806522270910391,0.838168370393999,0.869901563858446,0.914712450923424,0.929055442335956,-0.0204255179793475
78.5,"male",0.83589948705473,0.0471830237957805,0.00480785768823541,1.03533727271897,0.745750378574318,0.759977585104724,0.8044832409342,0.836126337133758,0.867856519048744,0.912663153462537,0.927004783693815,-0.0204151455446977
78.6,"male",0.833858512177962,0.0471786618001758,0.00480785768823541,1.03533727271897,0.743717737839437,0.757943629087198,0.802445170439485,0.83408534128506,0.865812589795129,0.910615081906741,0.924955386277084,-0.0204047697484369
78.7,"male",0.831818574487805,0.0471744165082621,0.00480785768823541,1.03533727271897,0.741685911314069,0.755910522469119,0.800408059425638,0.83204538318407,0.863769776771459,0.90856823740676,0.922907251389122,-0.0203943905905349
78.8,"male",0.829779674318007,0.0471702884228674,0.00480785768823541,1.03533727271897,0.739654898371246,0.753878264775138,0.798371907891606,0.830006463166953,0.86172808065205,0.90652262111441,0.920860380334581,-0.0203840080709652
78.9,"male",0.827741812002314,0.0471662780475037,0.00480785768823541,1.03533727271897,0.737624698382692,0.751846855528805,0.796336715835878,0.827968581569877,0.859687502111675,0.90447823418262,0.918814774419438,-0.020373622189688
79,"male",0.825704987874476,0.0471623858863799,0.00480785768823541,1.03533727271897,0.735595310718801,0.749816294252549,0.794302483256482,0.825931738729015,0.857648041825585,0.902435077765453,0.916770434951013,-0.0203632329466719
79.1,"male",0.823669202268241,0.0471586124444145,0.00480785768823541,1.03533727271897,0.733566734748611,0.747786580467657,0.792269210150972,0.823895934980543,0.855609700469507,0.900393153018126,0.914727363237997,-0.0203528403418809
79.2,"male",0.821634455517356,0.0471549582272491,0.00480785768823541,1.03533727271897,0.731538969839778,0.745757713694252,0.790236896516421,0.821861170660639,0.853572478719662,0.898352461097031,0.912685560590478,-0.02034244437528
79.3,"male",0.819600747955571,0.0471514237412612,0.00480785768823541,1.03533727271897,0.729512015358552,0.743729693451273,0.788205542349411,0.819827446105487,0.851536377252766,0.896313003159762,0.910645028319963,-0.0203320450468417
79.4,"male",0.817568079916631,0.0471480094935777,0.00480785768823541,1.03533727271897,0.72748587066975,0.741702519256454,0.786175147646025,0.817794761651271,0.849501396746042,0.894274780365125,0.908605767739405,-0.0203216423565186
79.5,"male",0.815536451734286,0.0471447159920877,0.00480785768823541,1.03533727271897,0.725460535136736,0.739676190626302,0.784145712401841,0.815763117634183,0.847467537877234,0.892237793873174,0.906567780163235,-0.0203112363042718
79.6,"male",0.813505863742285,0.0471415437454561,0.00480785768823541,1.03533727271897,0.72343600812139,0.737650707076075,0.782117236611918,0.813732514390416,0.845434801324608,0.890202044845219,0.904531066907375,-0.0203008268900787
79.7,"male",0.811476316274373,0.0471384932631371,0.00480785768823541,1.03533727271897,0.72141228898408,0.735626068119761,0.780089720270789,0.811702952256167,0.843403187766963,0.888167534443857,0.902495629289273,-0.0202904141138901
79.8,"male",0.809447809664301,0.0471355650553872,0.00480785768823541,1.03533727271897,0.719389377083649,0.73360227327006,0.778063163372456,0.809674431567638,0.841372697883645,0.886134263832989,0.90046146862793,-0.0202799979756626
79.9,"male",0.807420344245816,0.0471327596332791,0.00480785768823541,1.03533727271897,0.717367271777374,0.731579322038354,0.776037565910374,0.807646952661035,0.839343332354551,0.884102234177846,0.898428586243918,-0.0202695784753684
80,"male",0.805393920352666,0.0471300775087154,0.00480785768823541,1.03533727271897,0.715345972420949,0.729557213934692,0.774012927877447,0.805620515872565,0.83731509186014,0.882071446645007,0.896396983459414,-0.0202591556129617
80.1,"male",0.803368538318599,0.0471275191944417,0.00480785768823541,1.03533727271897,0.713325478368457,0.727535948467768,0.771989249266018,0.803595121538442,0.835287977081444,0.880041902402424,0.894366661598221,-0.0202487293884004
80.2,"male",0.801344198477362,0.0471250852040609,0.00480785768823541,1.03533727271897,0.711305788972343,0.725515525144892,0.769966530067859,0.801570769994885,0.833261988700071,0.878013602619441,0.8923376219858,-0.0202382998016473
80.3,"male",0.799320901162705,0.0471227760520465,0.00480785768823541,1.03533727271897,0.709286903583389,0.723495943471979,0.767944770274161,0.799547461578113,0.831237127398224,0.875986548466823,0.89030986594929,-0.0202278668526554
80.4,"male",0.797298646708374,0.0471205922537568,0.00480785768823541,1.03533727271897,0.707268821550686,0.721477202953516,0.765923969875527,0.797525196624353,0.829213393858701,0.87396074111677,0.888283394817541,-0.0202174305413835
80.5,"male",0.795277435448119,0.0471185343254487,0.00480785768823541,1.03533727271897,0.705251542221607,0.719459303092545,0.763904128861963,0.795503975469836,0.827190788764912,0.871936181742947,0.886258209921137,-0.0202069908677871
80.6,"male",0.793257267715688,0.0471166027842918,0.00480785768823541,1.03533727271897,0.703235064941785,0.71744224339064,0.761885247222865,0.793483798450796,0.825169312800884,0.869912871520503,0.884234312592424,-0.0201965478318231
80.7,"male",0.791238143844827,0.0471147981483822,0.00480785768823541,1.03533727271897,0.701219389055078,0.715426023347885,0.759867324947013,0.791464665903472,0.82314896665127,0.867890811626094,0.882211704165538,-0.0201861014334489
80.8,"male",0.789220064169285,0.047113120936757,0.00480785768823541,1.03533727271897,0.69920451390355,0.713410642462847,0.757850362022561,0.789446578164106,0.821129751001362,0.865870003237907,0.88019038597643,-0.0201756516726156
80.9,"male",0.787203029022811,0.047111571669408,0.00480785768823541,1.03533727271897,0.697190438827437,0.71139610023256,0.755834358437026,0.787429535568948,0.819111666537098,0.863850447535682,0.878170359362898,-0.0201651985492782
81,"male",0.785187038739152,0.0471101508672965,0.00480785768823541,1.03533727271897,0.695177163165127,0.709382396152495,0.75381931417728,0.785413538454251,0.817094713945073,0.861832145700738,0.876151625664608,-0.0201547420633886
81.1,"male",0.783172093652057,0.0471088590523676,0.00480785768823541,1.03533727271897,0.693164686253125,0.707369529716544,0.751805229229542,0.783398587156271,0.815078893912549,0.859815098915992,0.874134186223127,-0.020144282214902
81.2,"male",0.781158194095273,0.0471076967475641,0.00480785768823541,1.03533727271897,0.691153007426031,0.705357500416988,0.749792103579363,0.78138468201127,0.81306420712746,0.857799308365985,0.87211804238195,-0.0201338190037667
81.3,"male",0.779145340402549,0.0471066644768416,0.00480785768823541,1.03533727271897,0.68914212601651,0.703346307744484,0.747779937211623,0.779371823355517,0.811050654278433,0.855784775236908,0.870103195486527,-0.0201233524299346
81.4,"male",0.777133532907631,0.0471057627651827,0.00480785768823541,1.03533727271897,0.687132041355265,0.701335951188032,0.745768730110515,0.777360011525283,0.809038236054783,0.85377150071662,0.868089646884288,-0.0201128824933586
81.5,"male",0.77512277194427,0.0471049921386118,0.00480785768823541,1.03533727271897,0.685122752771009,0.69932643023496,0.743758482259542,0.775349246856846,0.807026953146535,0.851759485994677,0.86607739792468,-0.020102409193985
81.6,"male",0.773113057846212,0.0471043531242097,0.00480785768823541,1.03533727271897,0.683114259590434,0.697317744370891,0.7417491936415,0.773339529686486,0.805016806244429,0.849748732262351,0.864066449959185,-0.0200919325317658
81.7,"male",0.771104390947205,0.0471038462501287,0.00480785768823541,1.03533727271897,0.681106561138187,0.695309893079728,0.739740864238474,0.771330860350492,0.80300779603993,0.84773924071266,0.862056804341355,-0.0200814525066431
81.8,"male",0.769096771580999,0.0471034720456068,0.00480785768823541,1.03533727271897,0.679099656736842,0.693302875843625,0.737733494031826,0.769323239185158,0.800999923225239,0.845731012540388,0.860048462426842,-0.0200709691185694
81.9,"male",0.76709020008134,0.0471032310409834,0.00480785768823541,1.03533727271897,0.677093545706864,0.691296692142965,0.735727083002183,0.767316666526779,0.798993188493302,0.843724048942109,0.858041425573419,-0.0200604823674952
82,"male",0.765084676781977,0.0471031237677139,0.00480785768823541,1.03533727271897,0.67508822736659,0.689291341456334,0.733721631129429,0.765311142711659,0.796987592537822,0.841718351116214,0.856035695141018,-0.0200499922533576
82.1,"male",0.763080202016657,0.0471031507583847,0.00480785768823541,1.03533727271897,0.673083701032196,0.687286823260499,0.731717138392698,0.763306668076107,0.794983136053267,0.839713920262936,0.854031272491754,-0.0200394987761046
82.2,"male",0.76107677611913,0.0471033125467287,0.00480785768823541,1.03533727271897,0.671079966017664,0.685283137030381,0.729713604770357,0.761303242956438,0.792979819734881,0.837710757584368,0.852028158989954,-0.0200290019356844
82.3,"male",0.759074399423142,0.0471036096676403,0.00480785768823541,1.03533727271897,0.66907702163476,0.683280282239034,0.727711030240002,0.75930086768897,0.790977644278698,0.835708864284499,0.850026356002191,-0.0200185017320406
82.4,"male",0.757073072262442,0.0471040426571906,0.00480785768823541,1.03533727271897,0.667074867192999,0.681278258357616,0.725709414778442,0.75729954261003,0.788976610381545,0.833708241569227,0.848025864897305,-0.0200079981651099
82.5,"male",0.755072794970778,0.0471046120526433,0.00480785768823541,1.03533727271897,0.665073501999622,0.67927706485537,0.723708758361699,0.755299268055948,0.786976718741059,0.831708890646394,0.846026687046446,-0.0199974912348405
82.6,"male",0.753073567881898,0.0471053183924695,0.00480785768823541,1.03533727271897,0.663072925359558,0.677276701199591,0.721709060964982,0.753300044363062,0.784977970055694,0.829710812725804,0.844028823823088,-0.0199869809411743
82.7,"male",0.75107539132955,0.0471061622163639,0.00480785768823541,1.03533727271897,0.661073136575402,0.675277166855609,0.719710322562693,0.751301871867713,0.782980365024732,0.827714009019254,0.842032276603073,-0.0199764672840449
82.8,"male",0.749078265647483,0.0471071440652599,0.00480785768823541,1.03533727271897,0.659074134947379,0.67327846128676,0.717712543128405,0.749304750906253,0.780983904348297,0.825718480740554,0.840037046764631,-0.0199659502634006
82.9,"male",0.747082191169443,0.0471082644813457,0.00480785768823541,1.03533727271897,0.657075919773319,0.671280583954359,0.715715722634856,0.747308681815033,0.778988588727359,0.823724229105556,0.838043135688418,-0.0199554298791785
83,"male",0.745087168229179,0.0471095240080798,0.00480785768823541,1.03533727271897,0.655078490348624,0.66928353431768,0.71371986105394,0.745313664930417,0.776994418863752,0.821731255332181,0.83605054475754,-0.0199449061313167
83.1,"male",0.74309319716044,0.047110923190207,0.00480785768823541,1.03533727271897,0.653081845966239,0.667287311833925,0.711724958356692,0.74331970058877,0.775001395460177,0.81973956064044,0.83405927535759,-0.0199343790197529
83.2,"male",0.741100278296972,0.0471124625737746,0.00480785768823541,1.03533727271897,0.651085985916619,0.6652919159582,0.709731014513282,0.741326789126466,0.77300951922022,0.817749146252462,0.832069328876672,-0.0199238485444195
83.3,"male",0.739108411972526,0.0471141427061478,0.00480785768823541,1.03533727271897,0.649090909487703,0.663297346143493,0.707738029493002,0.739334930879886,0.771018790848361,0.815760013392526,0.830080706705439,-0.0199133147052585
83.4,"male",0.737117598520847,0.0471159641360265,0.00480785768823541,1.03533727271897,0.647096615964877,0.66130360184064,0.705746003264253,0.737344126185414,0.76902921104998,0.813772163287075,0.828093410237116,-0.0199027775022079
83.5,"male",0.735127838275685,0.047117927413461,0.00480785768823541,1.03533727271897,0.645103104630951,0.659310682498309,0.70375493579454,0.735354375379444,0.767040780531374,0.811785597164754,0.826107440867542,-0.0198922369351945
83.6,"male",0.733139131570787,0.0471200330898686,0.00480785768823541,1.03533727271897,0.643110374766119,0.657318587562966,0.701764827050456,0.733365678798376,0.765053499999768,0.809800316256432,0.824122799995189,-0.0198816930041554
83.7,"male",0.731151478739901,0.04712228171805,0.00480785768823541,1.03533727271897,0.641118425647935,0.655327316478849,0.699775676997674,0.731378036778613,0.763067370163319,0.807816321795225,0.822139489021205,-0.0198711457090264
83.8,"male",0.729164880116776,0.0471246738522051,0.00480785768823541,1.03533727271897,0.639127256551277,0.653336868687948,0.697787485600934,0.72939144965657,0.761082391731135,0.805833615016528,0.820157509349438,-0.019860595049738
83.9,"male",0.72717933603516,0.0471272100479506,0.00480785768823541,1.03533727271897,0.637136866748318,0.651347243629971,0.695800252824034,0.727405917768666,0.759098565413283,0.803852197158042,0.818176862386469,-0.019850041026219
84,"male",0.7251948468288,0.0471298908623357,0.00480785768823541,1.03533727271897,0.635147255508495,0.649358440742323,0.693813978629817,0.725421441451327,0.757115891920801,0.801872069459797,0.816197549541652,-0.019839483638402
84.1,"male",0.723211412831445,0.0471327168538593,0.00480785768823541,1.03533727271897,0.633158422098471,0.647370459460074,0.691828662980163,0.723438021040986,0.755134371965706,0.799893233164182,0.814219572227132,-0.0198289228862222
84.2,"male",0.721229034376842,0.0471356885824865,0.00480785768823541,1.03533727271897,0.631170365782111,0.645383299215935,0.689844305835971,0.721455656874082,0.753154006261011,0.79791568951597,0.812242931857889,-0.0198183587696019
84.3,"male",0.71924771179874,0.0471388066096657,0.00480785768823541,1.03533727271897,0.629183085820446,0.643396959440232,0.687860907157157,0.719474349287065,0.751174795520734,0.79593943976235,0.810267629851769,-0.0198077912884678
84.4,"male",0.717267445430887,0.0471420714983456,0.00480785768823541,1.03533727271897,0.627196581471639,0.641411439560877,0.685878466902637,0.717494098616388,0.749196740459906,0.793964485152949,0.808293667629512,-0.0197972204427546
84.5,"male",0.715288235607031,0.047145483812992,0.00480785768823541,1.03533727271897,0.625210851990955,0.639426739003337,0.683896985030316,0.715514905198514,0.747219841794589,0.791990826939866,0.806321046614788,-0.0197866462323865
84.6,"male",0.713310082660919,0.0471490441196051,0.00480785768823541,1.03533727271897,0.623225896630728,0.637442857190616,0.681916461497078,0.713536769369911,0.74524410024188,0.790018466377691,0.80434976823423,-0.0197760686572854
84.7,"male",0.7113329869263,0.0471527529857367,0.00480785768823541,1.03533727271897,0.621241714640326,0.635459793543215,0.679936896258772,0.711559691467057,0.743269516519932,0.788047404723544,0.802379833917467,-0.0197654877173783
84.8,"male",0.709356948736922,0.0471566109805077,0.00480785768823541,1.03533727271897,0.61925830526612,0.633477547479115,0.677958289270205,0.709583671826436,0.741296091347958,0.786077643237094,0.800411245097158,-0.0197549034125918
84.9,"male",0.707381968426533,0.0471606186746251,0.00480785768823541,1.03533727271897,0.617275667751451,0.631496118413743,0.675980640485126,0.707608710784539,0.739323825446244,0.784109183180592,0.798444003209024,-0.019744315742847
85,"male",0.705408046328881,0.0471647766403999,0.00480785768823541,1.03533727271897,0.615293801336595,0.629515505759944,0.674003949856218,0.705634808677866,0.737352719536166,0.782142025818897,0.796478109691884,-0.0197337247080681
85.1,"male",0.703435182777713,0.0471690854517645,0.00480785768823541,1.03533727271897,0.613312705258729,0.627535708927956,0.672028217335082,0.703661965842925,0.735382774340194,0.780176172419509,0.794513565987686,-0.0197231303081738
85.2,"male",0.701463378106779,0.0471735456842905,0.00480785768823541,1.03533727271897,0.611332378751899,0.625556727325378,0.670053442872228,0.701690182616231,0.733413990581912,0.778211624252593,0.792550373541545,-0.019712532543085
85.3,"male",0.699492632649827,0.0471781579152063,0.00480785768823541,1.03533727271897,0.609352821046987,0.623578560357145,0.668079626417066,0.699719459334308,0.731446368986023,0.776248382591008,0.790588533801775,-0.0197019314127253
85.4,"male",0.697522946740603,0.0471829227234152,0.00480785768823541,1.03533727271897,0.607374031371672,0.621601207425493,0.666106767917885,0.697749796333686,0.729479910278367,0.77428644871034,0.788628048219923,-0.0196913269170121
85.5,"male",0.695554320712856,0.047187840689513,0.00480785768823541,1.03533727271897,0.605396008950401,0.619624667929939,0.664134867321853,0.695781193950906,0.727514615185929,0.772325823888929,0.786668918250804,-0.0196807190558623
85.6,"male",0.693586754900335,0.0471929123958066,0.00480785768823541,1.03533727271897,0.603418753004351,0.617648941267244,0.662163924574995,0.693813652522514,0.725550484436854,0.770366509407898,0.784711145352538,-0.0196701078291936
85.7,"male",0.691620249636786,0.0471981384263318,0.00480785768823541,1.03533727271897,0.601442262751397,0.615674026831387,0.660193939622185,0.691847172385067,0.723587518760454,0.768408506551182,0.782754730986582,-0.019659493236924
85.8,"male",0.689654805255959,0.0472035193668715,0.00480785768823541,1.03533727271897,0.599466537406074,0.613699924013538,0.658224912407136,0.689881753875129,0.721625718887231,0.766451816605559,0.780799676617769,-0.0196488752789656
85.9,"male",0.687690422091601,0.0472090558049743,0.00480785768823541,1.03533727271897,0.597491576179546,0.611726632202024,0.656256842872383,0.687917397329274,0.719665085548878,0.76449644086068,0.778845983714338,-0.0196382539552356
86,"male",0.685727100477461,0.0472147483299726,0.00480785768823541,1.03533727271897,0.595517378279565,0.609754150782301,0.654289730959275,0.685954103084082,0.717705619478297,0.762542380609098,0.776893653747974,-0.0196276292656489
86.1,"male",0.683764840747286,0.0472205975330017,0.00480785768823541,1.03533727271897,0.593543942910443,0.607782479136926,0.65232357660796,0.683991871476144,0.715747321409612,0.7605896371463,0.774942688193844,-0.0196170012101179
86.2,"male",0.681803643234825,0.0472266040070178,0.00480785768823541,1.03533727271897,0.591571269273009,0.605811616645524,0.650358379757371,0.682030702842058,0.713790192078179,0.758638211770734,0.772993088530629,-0.0196063697885543
86.3,"male",0.679843508273825,0.0472327683468172,0.00480785768823541,1.03533727271897,0.589599356564578,0.603841562684761,0.64839414034522,0.680070597518433,0.711834232220602,0.756688105783841,0.771044856240565,-0.0195957350008633
86.4,"male",0.677884436198034,0.0472390911490549,0.00480785768823541,1.03533727271897,0.587628203978914,0.601872316628311,0.64643085830798,0.678111555841886,0.709879442574745,0.75473932049009,0.769097992809476,-0.0195850968469632
86.5,"male",0.675926427341201,0.0472455730122637,0.00480785768823541,1.03533727271897,0.585657810706193,0.599903877846828,0.644468533580872,0.676153578149041,0.707925823879739,0.752791857197001,0.767152499726811,-0.0195744553267635
86.6,"male",0.673969482037074,0.0472522145368732,0.00480785768823541,1.03533727271897,0.583688175932966,0.59793624570791,0.642507166097856,0.674196664776533,0.705973376876003,0.750845717215182,0.765208378485684,-0.0195638104401649
86.7,"male",0.6720136006194,0.0472590163252289,0.00480785768823541,1.03533727271897,0.581719298842124,0.595969419576077,0.640546755791615,0.672240816061007,0.704022102305255,0.748900901858356,0.763265630582906,-0.0195531621870812
86.8,"male",0.670058783421928,0.0472659789816115,0.00480785768823541,1.03533727271897,0.579751178612861,0.594003398812732,0.638587302593544,0.670286032339117,0.70207200091052,0.746957412443397,0.761324257519024,-0.019542510567416
86.9,"male",0.668105030778406,0.047273103112256,0.00480785768823541,1.03533727271897,0.577783814420637,0.592038182776134,0.636628806433738,0.668332313947524,0.700123073436151,0.745015250290357,0.759384260798363,-0.0195318555810756
87,"male",0.666152343022582,0.0472803893253718,0.00480785768823541,1.03533727271897,0.575817205437139,0.590073770821366,0.634671267240975,0.666379661222902,0.698175320627834,0.743074416722502,0.757445641929055,-0.019521197227968
87.1,"male",0.664200720488204,0.0472878382311616,0.00480785768823541,1.03533727271897,0.573851350830246,0.588110162300302,0.632714684942706,0.664428074501931,0.696228743232607,0.741134913066337,0.755508402423085,-0.0195105355079936
87.2,"male",0.662250163509019,0.0472954504418413,0.00480785768823541,1.03533727271897,0.571886249763991,0.586147356561576,0.630759059465045,0.662477554121303,0.694283341998871,0.739196740651647,0.753572543796321,-0.0194998704210533
87.3,"male",0.660300672418776,0.0473032265716599,0.00480785768823541,1.03533727271897,0.569921901398521,0.584185352950555,0.628804390732748,0.66052810041772,0.692339117676407,0.737259900811521,0.751638067568561,-0.0194892019670509
87.4,"male",0.658352247551223,0.0473111672369194,0.00480785768823541,1.03533727271897,0.567958304890062,0.582224150809298,0.626850678669206,0.658579713727893,0.690396071016381,0.735324394882391,0.749704975263565,-0.0194785301458875
87.5,"male",0.656404889240108,0.0473192730559943,0.00480785768823541,1.03533727271897,0.56599545939088,0.58026374947653,0.62489792319643,0.656632394388543,0.688454202771368,0.73339022420406,0.747773268409095,-0.0194678549574634
87.6,"male",0.654458597819179,0.0473275446493525,0.00480785768823541,1.03533727271897,0.56403336404924,0.578304148287608,0.622946124235038,0.6546861427364,0.686513513695357,0.731457390119735,0.745842948536956,-0.0194571764016779
87.7,"male",0.652513373622184,0.0473359826395749,0.00480785768823541,1.03533727271897,0.562072018009372,0.57634534657449,0.620995281704238,0.652740959108207,0.68457400454377,0.729525893976062,0.74391401718303,-0.0194464944784237
87.8,"male",0.650569216982871,0.0473445876513758,0.00480785768823541,1.03533727271897,0.560111420411429,0.5743873436657,0.619045395521822,0.650796843840715,0.682635676073476,0.72759573712316,0.741986475887323,-0.0194358091876043
87.9,"male",0.648626128234988,0.0473533603116236,0.00480785768823541,1.03533727271897,0.558151570391445,0.572430138886296,0.617096465604143,0.648853797270686,0.680698529042796,0.725666920914648,0.740060326193996,-0.019425120529116
88,"male",0.646684107712284,0.0473623012493613,0.00480785768823541,1.03533727271897,0.556192467081306,0.570473731557837,0.61514849186611,0.646911819734892,0.678762564211532,0.723739446707687,0.738135569651411,-0.0194144285028469
88.1,"male",0.644743155748506,0.0473714110958268,0.00480785768823541,1.03533727271897,0.554234109608699,0.56851812099835,0.613201474221168,0.644970911570117,0.676827782340969,0.721813315863007,0.73621220781217,-0.019403733108693
88.2,"male",0.642803272677402,0.047380690484474,0.00480785768823541,1.03533727271897,0.552276497097079,0.566563306522297,0.611255412581288,0.643031073113154,0.674894184193891,0.719888529744945,0.734290242233149,-0.0193930343465551
88.3,"male",0.64086445883272,0.0473901400509937,0.00480785768823541,1.03533727271897,0.550319628665625,0.564609287440539,0.60931030685695,0.641092304700806,0.6729617705346,0.717965089721473,0.732369674475548,-0.0193823322163181
88.4,"male",0.638926714548208,0.0473997604333345,0.00480785768823541,1.03533727271897,0.548363503429205,0.562656063060306,0.607366156957133,0.63915460666989,0.671030542128926,0.716042997164242,0.730450506104923,-0.0193716267178692
88.5,"male",0.636990040157616,0.0474095522717238,0.00480785768823541,1.03533727271897,0.546408120498333,0.56070363268516,0.605422962789297,0.637217979357232,0.669100499744244,0.714122253448608,0.728532738691233,-0.0193609178511084
88.6,"male",0.635054435994689,0.0474195162086894,0.00480785768823541,1.03533727271897,0.544453478979126,0.558751995614961,0.603480724259371,0.635282423099668,0.667171644149484,0.712202859953667,0.726616373808876,-0.0193502056159209
88.7,"male",0.633119902393177,0.0474296528890803,0.00480785768823541,1.03533727271897,0.542499577973266,0.556801151145835,0.601539441271736,0.633347938234048,0.66524397611515,0.710284818062296,0.724701413036734,-0.0193394900121877
88.8,"male",0.631186439686827,0.0474399629600888,0.00480785768823541,1.03533727271897,0.54054641657796,0.554851098570138,0.599599113729218,0.631414525097231,0.663317496413335,0.708368129161181,0.722787857958215,-0.0193287710398013
88.9,"male",0.629254048209388,0.0474504470712716,0.00480785768823541,1.03533727271897,0.538593993885895,0.552901837176419,0.597659741533063,0.629482184026087,0.661392205817729,0.706452794640857,0.720875710161287,-0.0193180486986508
89,"male",0.627322728294608,0.0474611058745718,0.00480785768823541,1.03533727271897,0.536642308985201,0.55095336624939,0.595721324582932,0.627550915357501,0.659468105103641,0.704538815895739,0.718964971238532,-0.0193073229886165
89.1,"male",0.625392480276234,0.0474719400243407,0.00480785768823541,1.03533727271897,0.534691360959404,0.549005685069885,0.59378386277688,0.625620719428364,0.657545195048012,0.702626194324162,0.717055642787179,-0.0192965939095843
89.2,"male",0.623463304488014,0.0474829501773594,0.00480785768823541,1.03533727271897,0.53274114888739,0.547058792914831,0.591847356011347,0.623691596575584,0.655623476429426,0.700714931328414,0.715147726409148,-0.0192858614614319
89.3,"male",0.621535201263698,0.0474941369928615,0.00480785768823541,1.03533727271897,0.530791671843358,0.545112689057207,0.589911804181137,0.621763547136078,0.653702950028132,0.698805028314773,0.713241223711097,-0.0192751256440446
89.4,"male",0.619608170937032,0.0475055011325549,0.00480785768823541,1.03533727271897,0.528842928896779,0.543167372766011,0.587977207179408,0.619836571446775,0.651783616626049,0.696896486693541,0.711336136304459,-0.0192643864573081
89.5,"male",0.617682213841765,0.0475170432606441,0.00480785768823541,1.03533727271897,0.526894919112356,0.541222843306224,0.586043564897656,0.617910669844616,0.649865477006792,0.694989307879083,0.709432465805489,-0.0192536439010937
89.6,"male",0.615757330311645,0.047528764043853,0.00480785768823541,1.03533727271897,0.524947641549977,0.539279099938773,0.584110877225698,0.615985842666556,0.647948531955681,0.693083493289864,0.707530213835306,-0.0192428979752776
89.7,"male",0.61383352068042,0.047540664151447,0.00480785768823541,1.03533727271897,0.523001095264673,0.537336141920496,0.582179144051661,0.614062090249561,0.646032782259758,0.691179044348482,0.705629382019939,-0.0192321486797456
89.8,"male",0.611910785281838,0.0475527442552561,0.00480785768823541,1.03533727271897,0.521055279306577,0.535393968504102,0.580248365261963,0.612139412930607,0.644118228707799,0.689275962481708,0.703729971990365,-0.0192213960143736
89.9,"male",0.609989124449646,0.0475650050296976,0.00480785768823541,1.03533727271897,0.519110192720878,0.533452578938139,0.578318540741298,0.610217811046686,0.642204872090334,0.687374249120522,0.701831985382559,-0.0192106399790301
90,"male",0.608068538517594,0.0475774471517993,0.00480785768823541,1.03533727271897,0.517165834547777,0.531511972466956,0.576389670372625,0.608297284934801,0.640292713199665,0.685473905700152,0.699935423837536,-0.019199880573591
90.1,"male",0.606149027819429,0.0475900713012219,0.00480785768823541,1.03533727271897,0.515222203822445,0.52957214833066,0.574461754037148,0.606377834931968,0.638381752829871,0.68357493366011,0.698040289001395,-0.0191891177979328
90.2,"male",0.604230592688898,0.0476028781602832,0.00480785768823541,1.03533727271897,0.513279299574976,0.527633105765088,0.5725347916143,0.604459461375214,0.636471991776833,0.681677334444229,0.696146582525367,-0.0191783516519259
90.3,"male",0.602313233459751,0.0476158684139807,0.00480785768823541,1.03533727271897,0.511337120830342,0.525694844001762,0.570608782981734,0.602542164601583,0.63456343083825,0.679781109500704,0.694254306065854,-0.0191675821354373
90.4,"male",0.600396950465734,0.0476290427500157,0.00480785768823541,1.03533727271897,0.509395666608354,0.523757362267856,0.5686837280153,0.600625944948127,0.632656070813647,0.677886260282126,0.692363461284481,-0.0191568092483377
90.5,"male",0.598481744040598,0.0476424018588163,0.00480785768823541,1.03533727271897,0.507454935923609,0.521820659786152,0.566759626589032,0.598710802751915,0.6307499125044,0.675992788245525,0.69047404984814,-0.0191460329904996
90.6,"male",0.596567614518088,0.0476559464335618,0.00480785768823541,1.03533727271897,0.505514927785448,0.519884735775009,0.564836478575133,0.596796738350027,0.628844956713747,0.674100694852406,0.688586073429029,-0.0191352533617864
90.7,"male",0.594654562231954,0.0476696771702062,0.00480785768823541,1.03533727271897,0.503575641197913,0.517949589448321,0.56291428384396,0.594883752079558,0.626941204246805,0.672209981568787,0.686699533704711,-0.0191244703620622
90.8,"male",0.592742587515943,0.0476835947675023,0.00480785768823541,1.03533727271897,0.501637075159696,0.516015220015476,0.560993042264003,0.592971844277615,0.625038655910587,0.670320649865244,0.684814432358149,-0.019113683991199
90.9,"male",0.590831690703803,0.0476976999270261,0.00480785768823541,1.03533727271897,0.499699228664094,0.51408162668132,0.559072753701875,0.591061015281318,0.623137312514017,0.668432701216939,0.682930771077757,-0.0191028942490559
91,"male",0.588921872129282,0.0477119933532009,0.00480785768823541,1.03533727271897,0.497762100698968,0.512148808646119,0.557153418022293,0.589151265427803,0.62123717486795,0.666546137103673,0.681048551557449,-0.0190921011354922
91.1,"male",0.58701313212613,0.0477264757533221,0.00480785768823541,1.03533727271897,0.495825690246689,0.510216765105517,0.55523503508806,0.58724259505422,0.619338243785184,0.664660959009915,0.679167775496683,-0.0190813046503721
91.2,"male",0.585105471028092,0.0477411478375812,0.00480785768823541,1.03533727271897,0.493889996284094,0.508285495250496,0.553317604760051,0.585335004497729,0.617440520080479,0.66277716842485,0.677288444600511,-0.0190705047935572
91.3,"male",0.583198889168919,0.0477560103190913,0.00480785768823541,1.03533727271897,0.491955017782438,0.50635499826734,0.551401126897198,0.583428494095508,0.615544004570575,0.660894766842413,0.675410560579624,-0.0190597015649105
91.4,"male",0.581293386882356,0.0477710639139114,0.00480785768823541,1.03533727271897,0.490020753707348,0.504425273337589,0.549485601356468,0.581523064184747,0.613648698074205,0.659013755761331,0.673534125150402,-0.01904889496428
91.5,"male",0.579388964502153,0.0477863093410719,0.00480785768823541,1.03533727271897,0.488087203018777,0.502496319638007,0.547571027992854,0.579618715102652,0.611754601412118,0.65713413668517,0.671659140034964,-0.0190380849915245
91.6,"male",0.577485622362058,0.0478017473225994,0.00480785768823541,1.03533727271897,0.486154364670947,0.500568136340531,0.545657406659349,0.577715447186442,0.609861715407089,0.655255911122366,0.669785606961211,-0.0190272716465076
91.7,"male",0.575583360795819,0.0478173785835424,0.00480785768823541,1.03533727271897,0.48422223761231,0.498640722612238,0.543744737206936,0.57581326077335,0.607970040883939,0.653379080586273,0.667913527662882,-0.0190164549290753
91.8,"male",0.573682180137183,0.0478332038519966,0.00480785768823541,1.03533727271897,0.482290820785497,0.496714077615303,0.541833019484571,0.573912156200627,0.606079578669558,0.651503646595203,0.6660429038796,-0.0190056348390819
91.9,"male",0.571782080719899,0.0478492238591304,0.00480785768823541,1.03533727271897,0.480360113127266,0.494788200506955,0.539922253339162,0.572012133805534,0.604190329592912,0.649629610672467,0.664173737356918,-0.0189948113763802
92,"male",0.569883062877715,0.0478654393392111,0.00480785768823541,1.03533727271897,0.478430113568455,0.492863090439438,0.538012438615553,0.570113193925351,0.602302294485068,0.647756974346418,0.662306029846376,-0.0189839845408207
92.1,"male",0.567985126944379,0.0478818510296306,0.00480785768823541,1.03533727271897,0.476500821033931,0.490938746559968,0.53610357515651,0.56821533689737,0.60041547417921,0.645885739150491,0.660439783105544,-0.0189731543322538
92.2,"male",0.566088273253638,0.0478984596709313,0.00480785768823541,1.03533727271897,0.474572234442543,0.489015168010688,0.534195662802698,0.5663185630589,0.598529869510654,0.644015906623248,0.658574998898078,-0.0189623207505221
92.3,"male",0.564192502139242,0.0479152660068329,0.00480785768823541,1.03533727271897,0.472644352707071,0.487092353928635,0.53228870139267,0.564422872747266,0.59664548131687,0.64214747830842,0.656711678993769,-0.0189514837954766
92.4,"male",0.562297813934937,0.0479322707842583,0.00480785768823541,1.03533727271897,0.470717174734169,0.485170303445687,0.530382690762843,0.562528266299805,0.594762310437496,0.640280455754949,0.65484982516859,-0.0189406434669656
92.5,"male",0.560404208974472,0.0479494747533605,0.00480785768823541,1.03533727271897,0.468790699424327,0.483249015688524,0.528477630747487,0.560634744053872,0.592880357714357,0.638414840517033,0.652989439204755,-0.0189297997648274
92.6,"male",0.558511687591596,0.047966878667549,0.00480785768823541,1.03533727271897,0.466864925671807,0.48132848977859,0.526573521178699,0.558742306346839,0.590999623991486,0.636550634154168,0.651130522890762,-0.0189189526889058
92.7,"male",0.556620250120055,0.0479844832835171,0.00480785768823541,1.03533727271897,0.464939852364599,0.479408724832041,0.524670361886393,0.556850953516091,0.589120110115139,0.634687838231191,0.649273078021454,-0.0189081022390422
92.8,"male",0.554729896893599,0.0480022893612687,0.00480785768823541,1.03533727271897,0.46301547838437,0.477489719959709,0.522768152698278,0.554960685899031,0.587241816933814,0.632826454318327,0.647417106398063,-0.0188972484150826
92.9,"male",0.552840628245975,0.0480202976641455,0.00480785768823541,1.03533727271897,0.461091802606405,0.475571474267051,0.520866893439838,0.553071503833075,0.585364745298269,0.630966483991229,0.645562609828265,-0.0188863912168583
93,"male",0.550952444510931,0.0480385089588546,0.00480785768823541,1.03533727271897,0.459168823899564,0.473653986854116,0.518966583934322,0.551183407655659,0.583488896061544,0.62910792883103,0.64370959012624,-0.0188755306442073
93.1,"male",0.549065346022215,0.0480569240154958,0.00480785768823541,1.03533727271897,0.45724654112622,0.471737256815486,0.517067224002714,0.549296397704233,0.581614270078974,0.627250790424377,0.641858049112712,-0.0188646666969725
93.2,"male",0.547179333113576,0.0480755436075894,0.00480785768823541,1.03533727271897,0.455324953142215,0.469821283240243,0.515168813463723,0.547410474316265,0.579740868208211,0.625395070363485,0.640007988615015,-0.0188537993749835
93.3,"male",0.545294406118761,0.0480943685121042,0.00480785768823541,1.03533727271897,0.4534040587968,0.46790606521192,0.513271352133763,0.545525637829237,0.577868691309246,0.62354077024618,0.638159410467138,-0.0188429286780736
93.4,"male",0.543410565371518,0.0481133995094853,0.00480785768823541,1.03533727271897,0.451483856932584,0.465991601808456,0.51137483982693,0.54364188858065,0.57599774024442,0.621687891675941,0.636312316509784,-0.0188320546060764
93.5,"male",0.541527811205596,0.0481326373836825,0.00480785768823541,1.03533727271897,0.44956434638548,0.46407789210215,0.509479276354991,0.541759226908021,0.57412801587845,0.619836436261953,0.634466708590423,-0.0188211771588237
93.6,"male",0.539646143954742,0.0481520829221788,0.00480785768823541,1.03533727271897,0.447645525984651,0.462164935159617,0.507584661527356,0.539877653148885,0.572259519078446,0.617986405619145,0.632622588563348,-0.0188102963361428
93.7,"male",0.537765563952704,0.0481717369160186,0.00480785768823541,1.03533727271897,0.445727394552455,0.460252730041739,0.505690995151067,0.537997167640793,0.570392250713931,0.616137801368243,0.630779958289727,-0.0187994121378635
93.8,"male",0.535886071533231,0.048191600159837,0.00480785768823541,1.03533727271897,0.44380995090439,0.458341275803623,0.503798277030773,0.536117770721313,0.568526211656857,0.614290625135813,0.628938819637662,-0.0187885245638095
93.9,"male",0.534007667030071,0.0482116734518881,0.00480785768823541,1.03533727271897,0.441893193849038,0.456430571494552,0.501906506968715,0.534239462728031,0.56666140278163,0.612444878554311,0.627099174482245,-0.0187776336138082
94,"male",0.532130350776972,0.0482319575940744,0.00480785768823541,1.03533727271897,0.439977122188013,0.454520616157936,0.500015684764703,0.532362243998551,0.564797824965127,0.610600563262127,0.625261024705608,-0.0187667392876877
94.1,"male",0.530254123107681,0.0482524533919763,0.00480785768823541,1.03533727271897,0.438061734715898,0.45261140883127,0.4981258102161,0.530486114870493,0.562935479086713,0.608757680903635,0.623424372196989,-0.018755841585266
94.2,"male",0.528378984355946,0.0482731616548811,0.00480785768823541,1.03533727271897,0.436147030220198,0.450702948546083,0.496236883117799,0.528611075681498,0.561074366028267,0.606916233129239,0.621589218852781,-0.0187449405063592
94.3,"male",0.526504934855517,0.0482940831958128,0.00480785768823541,1.03533727271897,0.434233007481275,0.448795234327891,0.494348903262207,0.526737126769222,0.559214486674198,0.605076221595427,0.619755566576595,-0.0187340360507951
94.4,"male",0.52463197494014,0.0483152188315623,0.00480785768823541,1.03533727271897,0.432319665272296,0.446888265196149,0.492461870439221,0.524864268471339,0.557355841911465,0.603237647964808,0.617923417279311,-0.0187231282183928
94.5,"male",0.522760104943564,0.0483365693827168,0.00480785768823541,1.03533727271897,0.430407002359172,0.444982040164204,0.49057578443621,0.522992501125543,0.555498432629601,0.601400513906173,0.616092772879143,-0.0187122170089593
94.6,"male",0.520889325199537,0.0483581356736903,0.00480785768823541,1.03533727271897,0.428495017500507,0.443076558239245,0.488690645037998,0.521121825069547,0.553642259720728,0.599564821094538,0.614263635301695,-0.0187013024223184
94.7,"male",0.519019636041807,0.0483799185327541,0.00480785768823541,1.03533727271897,0.426583709447531,0.441171818422252,0.486806452026837,0.519252240641079,0.551787324079581,0.597730571211192,0.612436006480013,-0.0186903844582861
94.8,"male",0.517151037804121,0.048401918792067,0.00480785768823541,1.03533727271897,0.424673076944047,0.439267819707953,0.484923205182392,0.51738374817789,0.549933626603529,0.595897765943751,0.610609888354656,-0.0186794631166634
94.9,"male",0.515283530820229,0.0484241372877066,0.00480785768823541,1.03533727271897,0.422763118726373,0.437364561084769,0.48304090428172,0.515516348017746,0.548081168192595,0.594066406986207,0.608785282873747,-0.0186685383972687
95,"male",0.513417115423878,0.0484465748596997,0.00480785768823541,1.03533727271897,0.420853833523279,0.435462041534767,0.481159549099247,0.513650040498436,0.546229949749478,0.592236496038976,0.606962191993033,-0.0186576102999136
95.1,"male",0.511551791948816,0.0484692323520537,0.00480785768823541,1.03533727271897,0.418945220055932,0.433560260033606,0.479279139406749,0.511784825957764,0.54437997217957,0.590408034808949,0.605140617675951,-0.0186466788243997
95.2,"male",0.50968756072879,0.048492110612788,0.00480785768823541,1.03533727271897,0.41703727703783,0.431659215550494,0.47739967497333,0.509920704733556,0.542531236390982,0.588581025009548,0.603320561893681,-0.018635743970539
95.3,"male",0.50782442209755,0.0485152104939655,0.00480785768823541,1.03533727271897,0.41513000317475,0.429758907048128,0.475521155565403,0.508057677163656,0.540683743294565,0.586755468360769,0.601502026625212,-0.0186248057381291
95.4,"male",0.505962376388844,0.0485385328517243,0.00480785768823541,1.03533727271897,0.413223397164679,0.427859333482651,0.473643580946667,0.50619574358593,0.538837493803929,0.584931366589242,0.599685013857403,-0.0186138641269826
95.5,"male",0.504101423936418,0.0485620785463095,0.00480785768823541,1.03533727271897,0.411317457697759,0.425960493803595,0.471766950878084,0.50433490433826,0.536992488835463,0.583108721428275,0.597869525585039,-0.0186029191369002
95.6,"male",0.502241565074022,0.0485858484421056,0.00480785768823541,1.03533727271897,0.409412183456222,0.424062386953833,0.469891265117865,0.50247515975855,0.535148729308365,0.581287534617915,0.596055563810904,-0.0185919707676716
95.7,"male",0.500382800135402,0.0486098434076689,0.00480785768823541,1.03533727271897,0.40750757311433,0.422165011869525,0.468016523421439,0.500616510184725,0.533306216144653,0.579467807904992,0.594243130545832,-0.0185810190191035
95.8,"male",0.498525129454309,0.0486340643157595,0.00480785768823541,1.03533727271897,0.405603625338313,0.420268367480067,0.466142725541437,0.498758955954729,0.531464950269197,0.577649543043178,0.592432227808778,-0.0185700638909936
95.9,"male",0.496668553364488,0.0486585120433748,0.00480785768823541,1.03533727271897,0.403700338786305,0.418372452708034,0.464269871227669,0.496902497406526,0.529624932609734,0.575832741793037,0.590622857626874,-0.0185591053831347
96,"male",0.49481307219969,0.0486831874717819,0.00480785768823541,1.03533727271897,0.401797712108283,0.416477266469135,0.462397960227104,0.495047134878102,0.527786164096895,0.574017405922082,0.588815022035502,-0.0185481434953219
96.1,"male",0.49295868629366,0.0487080914865512,0.00480785768823541,1.03533727271897,0.399895743946001,0.414582807672151,0.460526992283841,0.493192868707462,0.525948645664222,0.572203537204825,0.587008723078348,-0.0185371782273475
96.2,"male",0.491105395980148,0.0487332249775892,0.00480785768823541,1.03533727271897,0.397994432932928,0.412689075218888,0.458656967139095,0.491339699232633,0.524112378248198,0.570391137422833,0.585203962807474,-0.0185262095790032
96.3,"male",0.489253201592902,0.0487585888391728,0.00480785768823541,1.03533727271897,0.396093777694184,0.410796068004118,0.456787884531171,0.489487626791662,0.522277362788263,0.568580208364782,0.583400743283379,-0.0185152375500777
96.4,"male",0.487402103465669,0.0487841839699826,0.00480785768823541,1.03533727271897,0.394193776846474,0.408903784915527,0.454919744195442,0.487636651722617,0.520443600226841,0.566770751826517,0.581599066575066,-0.0185042621403547
96.5,"male",0.485552101932198,0.0488100112731374,0.00480785768823541,1.03533727271897,0.392294428998025,0.407012224833663,0.453052545864325,0.485786774363591,0.518611091509362,0.564962769611099,0.579798934760109,-0.0184932833496259
96.6,"male",0.483703197326236,0.0488360716562278,0.00480785768823541,1.03533727271897,0.390395732748517,0.405121386631874,0.451186289267259,0.483937995052692,0.516779837584285,0.563156263528866,0.578000349924712,-0.0184823011776675
96.7,"male",0.481855389981533,0.0488623660313513,0.00480785768823541,1.03533727271897,0.388497686689023,0.403231269176259,0.449320974130685,0.482090314128057,0.514949839403122,0.56135123539749,0.576203314163787,-0.0184713156242705
96.8,"male",0.480008680231834,0.0488888953151468,0.00480785768823541,1.03533727271897,0.386600289401936,0.401341871325606,0.447456600178016,0.480243731927838,0.513121097920457,0.559547687042028,0.574407829581011,-0.0184603266892147
96.9,"male",0.47816306841089,0.0489156604288291,0.00480785768823541,1.03533727271897,0.384703539460906,0.399453191931344,0.44559316712962,0.478398248790214,0.511293614093979,0.557745620294986,0.572613898288897,-0.0184493343722736
97,"male",0.476318554852448,0.0489426622982249,0.00480785768823541,1.03533727271897,0.382807435430775,0.397565229837479,0.443730674702797,0.476553865053383,0.509467388884497,0.555945036996368,0.570821522408866,-0.0184383386732284
97.1,"male",0.474475139890255,0.0489699018538075,0.00480785768823541,1.03533727271897,0.380911975867503,0.395677983880541,0.441869122611748,0.474710581055569,0.507642423255968,0.554145938993744,0.569030704071307,-0.0184273395918525
97.2,"male",0.472632823858061,0.0489973800307324,0.00480785768823541,1.03533727271897,0.379017159318106,0.393791452889523,0.440008510567561,0.472868397135013,0.50581871817552,0.552348328142295,0.567241445415653,-0.0184163371279261
97.3,"male",0.470791607089612,0.0490250977688737,0.00480785768823541,1.03533727271897,0.377122984320584,0.39190563568583,0.438148838278179,0.471027313629983,0.503996274613478,0.550552206304885,0.565453748590446,-0.0184053312812144
97.4,"male",0.468951489918657,0.0490530560128596,0.00480785768823541,1.03533727271897,0.375229449403855,0.390020531083214,0.436290105448381,0.46918733087877,0.502175093543384,0.548757575352108,0.563667615753409,-0.0183943220514907
97.5,"male",0.467112472678944,0.0490812557121089,0.00480785768823541,1.03533727271897,0.373336553087681,0.388136137887719,0.434432311779757,0.467348449219685,0.500355175942029,0.546964437162355,0.561883049071514,-0.0183833094385235
97.6,"male",0.465274555704221,0.0491096978208676,0.00480785768823541,1.03533727271897,0.371444293882605,0.386252454897622,0.432575456970681,0.465510668991065,0.498536522789471,0.545172793621869,0.560100050721056,-0.0183722934420766
97.7,"male",0.463437739328237,0.0491383832982458,0.00480785768823541,1.03533727271897,0.369552670289873,0.384369480903374,0.430719540716289,0.46367399053127,0.496719135069062,0.543382646624807,0.55831862288772,-0.0183612740619227
97.8,"male",0.461602023884739,0.0491673131082544,0.00480785768823541,1.03533727271897,0.367661680801369,0.382487214687539,0.428864562708454,0.461838414178681,0.494903013767475,0.541593998073298,0.556538767766653,-0.0183502512978232
97.9,"male",0.459767409707474,0.0491964882198426,0.00480785768823541,1.03533727271897,0.365771323899542,0.380605655024733,0.427010522635761,0.460003940271705,0.493088159874725,0.539806849877507,0.554760487562541,-0.0183392251495335
98,"male",0.457933897130193,0.0492259096069355,0.00480785768823541,1.03533727271897,0.363881598057333,0.378724800681571,0.425157420183483,0.458170569148774,0.4912745743842,0.538021203955696,0.552983784489674,-0.0183281956168215
98.1,"male",0.456101486486641,0.0492555782484714,0.00480785768823541,1.03533727271897,0.361992501738106,0.376844650416594,0.423305255033552,0.456338301148341,0.489462258292682,0.536237062234277,0.551208660772024,-0.0183171626994389
98.2,"male",0.454270178110568,0.0492854951284406,0.00480785768823541,1.03533727271897,0.360104033395571,0.37496520298022,0.42145402686454,0.454507136608886,0.487651212600376,0.534454426647889,0.549435118643317,-0.0183061263971438
98.3,"male",0.452439972335721,0.0493156612359228,0.00480785768823541,1.03533727271897,0.358216191473714,0.373086457114675,0.419603735351626,0.452677075868912,0.485841438310931,0.532673299139446,0.547663160347108,-0.0182950867096937
98.4,"male",0.450610869495848,0.0493460775651262,0.00480785768823541,1.03533727271897,0.356328974406725,0.371208411553932,0.417754380166578,0.450848119266947,0.484032936431474,0.530893681660207,0.545892788136852,-0.0182840436368378
98.5,"male",0.448782869924698,0.0493767451154263,0.00480785768823541,1.03533727271897,0.354442380618917,0.36933106502365,0.415905960977721,0.449020267141545,0.482225707972628,0.529115576169838,0.544124004275983,-0.0182729971783276
98.6,"male",0.446955973956018,0.0494076648914043,0.00480785768823541,1.03533727271897,0.352556408524661,0.367454416241114,0.414058477449916,0.447193519831282,0.480419753948544,0.527338984636476,0.542356811037987,-0.0182619473339116
98.7,"male",0.445130181923557,0.0494388379028872,0.00480785768823541,1.03533727271897,0.350671056528303,0.365578463915163,0.412211929244529,0.445367877674762,0.478615075376924,0.525563909036788,0.540591210706477,-0.0182508941033374
98.8,"male",0.443305494161063,0.0494702651649869,0.00480785768823541,1.03533727271897,0.348786323024091,0.363703206746138,0.410366316019409,0.443543341010615,0.476811673279053,0.523790351356044,0.538827205575272,-0.0182398374863466
98.9,"male",0.441481911002283,0.0495019476981401,0.00480785768823541,1.03533727271897,0.346902206396102,0.361828643425807,0.408521637428857,0.441719910177493,0.475009548679818,0.522018313588176,0.537064797948474,-0.0182287774826892
99,"male",0.439659432780965,0.0495338865281484,0.00480785768823541,1.03533727271897,0.345018705018159,0.359954772637307,0.406677893123605,0.439897585514077,0.473208702607742,0.520247797735841,0.535303990140541,-0.0182232466341619
